2025-07-21 09:38:48.336 - DBeaver 25.1.2.202507061449 is starting
2025-07-21 09:38:48.337 - OS: Windows 10 10.0 (amd64)
2025-07-21 09:38:48.337 - Java version: 21.0.5 by Eclipse Adoptium (64bit)
2025-07-21 09:38:48.337 - Install path: 'D:\web_0900_ksh\dbms\resource\dbeaver-ce-25.1.2-win32.win32.x86_64\dbeaver'
2025-07-21 09:38:48.338 - Instance path: 'file:/D:/web_0900_ksh/dbms/workspace/'
2025-07-21 09:38:48.339 - Memory available 64Mb/1024Mb
2025-07-21 09:38:48.347 - Create display
2025-07-21 09:38:48.424 - Initialize desktop platform...
2025-07-21 09:38:48.532 - BounceCastle bundle found. Use JCE provider BC
> Start Core File Systems [org.eclipse.core.filesystem 1.11.200.v20250513-1234]
> Start Core Resource Management [org.eclipse.core.resources 3.22.200.v20250513-1234]
> Start Team Support Core [org.eclipse.team.core 3.10.700.v20250313-0656]
> Start DBeaver UI Navigator [org.jkiss.dbeaver.ui.navigator 1.0.158.202507061449]
2025-07-21 09:38:48.675 - Initialize base platform...
2025-07-21 09:38:48.691 - send collected statistics
2025-07-21 09:38:48.696 - Platform initialized (272ms)
2025-07-21 09:38:48.725 - Starting instance server at http://localhost:50122
2025-07-21 09:38:48.725 - Run workbench
> Start Eclipse e4 Workbench SWT [org.eclipse.e4.ui.workbench.swt 0.17.800.v20250422-1254]
> Start Eclipse Application Services [org.eclipse.e4.core.services 2.5.200.v20250326-1945]
> Start Eclipse UI Application Services [org.eclipse.e4.ui.services 1.6.500.v20250123-0754]
> Start Eclipse e4 Progress View [org.eclipse.e4.ui.progress 0.4.800.v20250422-1254]
> Start Eclipse Bindings Support [org.eclipse.e4.ui.bindings 0.14.600.v20250331-1050]
> Start Eclipse e4 core commands [org.eclipse.e4.core.commands 1.1.600.v20250307-1331]
> Start EMF XML/XMI Persistence [org.eclipse.emf.ecore.xmi 2.39.0.v20250414-1351]
> Start Eclipse CSS SWT Theme Support [org.eclipse.e4.ui.css.swt.theme 0.14.500.v20250213-1508]
> Start Eclipse e4 Workbench Add-ons [org.eclipse.e4.ui.workbench.addons.swt 1.5.700.v20250422-1254]
> Start Eclipse e4 Workbench SWT Renderer [org.eclipse.e4.ui.workbench.renderers.swt 0.16.800.v20250519-1609]
> Start Eclipse Dependency Injection Extensions [org.eclipse.e4.core.di.extensions 0.18.300.v20240413-1529]
> Start Eclipse CSS SWT Support [org.eclipse.e4.ui.css.swt 0.15.600.v20250409-1135]
> Start Default Text Editor [org.eclipse.ui.editors 3.20.0.v20250514-1719]
> Start Text Editor Framework [org.eclipse.ui.workbench.texteditor 3.19.200.v20250514-1719]
2025-07-21 09:38:49.978 - Configure workbench window
> Start DBeaver SQL Model [org.jkiss.dbeaver.model.sql 1.0.148.202507061449]
2025-07-21 09:38:50.090 - Total database drivers: 124 (124)
> Start Help System Core [org.eclipse.help 3.10.500.v20250423-1201]
2025-07-21 09:38:50.154 - Create actions
2025-07-21 09:38:50.162 - Disable Eclipse action set 'org.eclipse.ui.edit.text.actionSet.annotationNavigation'
2025-07-21 09:38:50.163 - Disable Eclipse action set 'org.eclipse.ui.WorkingSetActionSet'
2025-07-21 09:38:50.163 - Disable Eclipse action set 'org.eclipse.ui.actionSet.openFiles'
2025-07-21 09:38:50.163 - Create workbench actions
2025-07-21 09:38:50.542 - Initialize workbench window
2025-07-21 09:38:50.546 - Finish initialization
> Start DBeaver UI Editors - Data [org.jkiss.dbeaver.ui.editors.data 1.0.158.202507061449]
> Start Equinox Java Authentication and Authorization Service (JAAS) [org.eclipse.equinox.security 1.4.600.v20250521-0413]
> Start Internet Connection Management UI [org.eclipse.ui.net 1.5.400.v20240413-1529]
> Start Internet Connection Management [org.eclipse.core.net 1.5.700.v20250313-0656]
> Start DBeaver UI Editors - SQL [org.jkiss.dbeaver.ui.editors.sql 1.0.158.202507061449]
> Start DBeaver Sample Database [org.jkiss.dbeaver.ui.config.sample 1.0.195.202507061449]
2025-07-21 09:38:51.475 - Open [https://dbeaver.io/product/version.xml]
2025-07-21 09:38:51.606 - Connect with 'XE 2' (oracle_thin-1981cb8edfd-75fd73b65173cbf8)
> Start DBeaver JDBC Model [org.jkiss.dbeaver.model.jdbc 1.0.51.202507061449]
> Start DBeaver Oracle Model [org.jkiss.dbeaver.ext.oracle 2.1.243.202507061449]
2025-07-21 09:38:51.635 - Execution context opened (XE 2; Main; 0)
2025-07-21 09:38:51.888 - Execution context opened (XE 2; Metadata; 1)
2025-07-21 09:38:51.949 - Connected (oracle_thin-1981cb8edfd-75fd73b65173cbf8, Oracle JDBC driver [11.2.0.2.0])
> Start GEF Classic Draw2d [org.eclipse.draw2d 3.20.0.202505280821]
> Start GEF Classic GEF (MVC) [org.eclipse.gef 3.22.0.202505280821]
> Start DBeaver ERD UI [org.jkiss.dbeaver.erd.ui 3.0.118.202507061449]
> Start DBeaver ERD Model [org.jkiss.dbeaver.erd.model 1.0.118.202507061449]
> Start DBeaver Dashboard UI [org.jkiss.dbeaver.ui.dashboard 1.0.155.202507061449]
2025-07-21 09:38:53.279 - Can't get column 'EXTERNAL_NAME': Invalid column name
2025-07-21 09:38:53.279 - Can't get column 'ACCOUNT_STATUS': Invalid column name
2025-07-21 09:38:53.279 - Can't get column 'LOCK_DATE': Invalid column name
2025-07-21 09:38:53.279 - Can't get column 'EXPIRY_DATE': Invalid column name
2025-07-21 09:38:53.279 - Can't get column 'DEFAULT_TABLESPACE': Invalid column name
2025-07-21 09:38:53.279 - Can't get column 'TEMPORARY_TABLESPACE': Invalid column name
2025-07-21 09:38:53.280 - Can't get column 'PROFILE': Invalid column name
2025-07-21 09:38:53.280 - Can't get column 'INITIAL_RSRC_CONSUMER_GROUP': Invalid column name
> Start DBeaver Oracle UI [org.jkiss.dbeaver.ext.oracle.ui 1.0.145.202507061449]
2025-07-21 09:39:41.115 - Service 'org.jkiss.dbeaver.ui.UIServiceConnectionEditor' not found
2025-07-21 09:39:41.178 - Auth model 'native' was replaced by 'oracle_native'
2025-07-21 09:39:41.190 - Service 'org.jkiss.dbeaver.runtime.ui.UIServiceSecurity' not found
2025-07-21 09:39:50.597 - Connect with 'Oracle' (oracle_thin-1982a6c3234-23a9c4d4b9100815)
2025-07-21 09:39:50.598 - Execution context opened (Oracle; Main; 2)
2025-07-21 09:39:50.615 - Connected (oracle_thin-1982a6c3234-23a9c4d4b9100815, Oracle JDBC driver [11.2.0.2.0])
2025-07-21 09:39:50.627 - Execution context closed (Oracle, 2)
2025-07-21 09:39:50.627 - Disconnected (oracle_thin-1982a6c3234-23a9c4d4b9100815)
2025-07-21 09:40:08.036 - Connect with 'XE' (oracle_thin-1982a6c0cdd-530579512ae102aa)
2025-07-21 09:40:08.037 - Execution context opened (XE; Main; 3)
2025-07-21 09:40:08.047 - Execution context opened (XE; Metadata; 4)
2025-07-21 09:40:08.062 - Connected (oracle_thin-1982a6c0cdd-530579512ae102aa, Oracle JDBC driver [11.2.0.2.0])
2025-07-21 09:40:35.865 - Resource '/day26 (dbms_08)/Diagrams' does not exist.
java.lang.Exception: Resource '/day26 (dbms_08)/Diagrams' does not exist.
	at org.eclipse.core.internal.resources.ResourceException.provideStackTrace(ResourceException.java:42)
	at org.eclipse.core.internal.resources.ResourceException.<init>(ResourceException.java:38)
	at org.eclipse.core.internal.resources.Resource.checkExists(Resource.java:364)
	at org.eclipse.core.internal.resources.Resource.checkAccessible(Resource.java:238)
	at org.eclipse.core.internal.resources.Resource.checkAccessibleAndLocal(Resource.java:244)
	at org.eclipse.core.internal.resources.Resource.checkMoveRequirements(Resource.java:409)
	at org.eclipse.core.internal.resources.Resource.assertMoveRequirements(Resource.java:229)
	at org.eclipse.core.internal.resources.Resource.move(Resource.java:1531)
	at org.eclipse.core.internal.resources.Resource.move(Resource.java:1515)
	at org.jkiss.dbeaver.model.navigator.DBNResource.dropNodes(DBNResource.java:330)
	at org.jkiss.dbeaver.ui.navigator.dnd.NavigatorDropTargetListener.lambda$0(NavigatorDropTargetListener.java:154)
	at org.jkiss.dbeaver.runtime.RunnableContextDelegate.lambda$0(RunnableContextDelegate.java:39)
	at org.eclipse.jface.operation.ModalContext$ModalContextThread.run(ModalContext.java:123)
> Start DBeaver SQL Terminal [org.jkiss.dbeaver.ui.editors.sql.terminal 1.0.134.202507061449]
> Start Core Compare Support [org.eclipse.compare.core 3.8.700.v20250120-0641]
> Start Console [org.eclipse.ui.console 3.14.300.v20250509-1251]
> Start Debug Core [org.eclipse.debug.core 3.23.0.v20250509-1924]
2025-07-21 09:40:38.645 - Execution context opened (XE; SQLEditor <Script.sql>; 5)
> Start DBeaver Tasks - Native Tools UI [org.jkiss.dbeaver.tasks.native.ui 1.0.136.202507061449]
> Start DBeaver Tasks - General UI [org.jkiss.dbeaver.tasks.ui 1.0.136.202507061449]
> Start DBeaver SQL Language Semantic Model [org.jkiss.dbeaver.model.lsm 1.0.53.202507061449]
> Start DBeaver GIS Support [org.jkiss.dbeaver.data.gis 1.0.182.202507061449]
2025-07-21 09:45:34.817 - Error binding callable statement parameters from metadata: Unsupported feature
2025-07-21 09:45:34.817 - Error obtaining output parameters from metadata: Unsupported feature
2025-07-21 09:45:34.817 - Can't obtain procedure metadata nor jdbc metadata
2025-07-21 09:45:35.019 - SQL Error [905] [42000]: ORA-00905: missing keyword


Error position: line: 8 pos: 46
org.jkiss.dbeaver.model.sql.DBSQLException: SQL Error [905] [42000]: ORA-00905: missing keyword

	at org.jkiss.dbeaver.model.impl.jdbc.exec.JDBCStatementImpl.executeStatement(JDBCStatementImpl.java:130)
	at org.jkiss.dbeaver.ui.editors.sql.execute.SQLQueryJob.executeStatement(SQLQueryJob.java:657)
	at org.jkiss.dbeaver.ui.editors.sql.execute.SQLQueryJob.lambda$2(SQLQueryJob.java:550)
	at org.jkiss.dbeaver.model.exec.DBExecUtils.tryExecuteRecover(DBExecUtils.java:189)
	at org.jkiss.dbeaver.ui.editors.sql.execute.SQLQueryJob.executeSingleQuery(SQLQueryJob.java:569)
	at org.jkiss.dbeaver.ui.editors.sql.execute.SQLQueryJob.extractData(SQLQueryJob.java:1043)
	at org.jkiss.dbeaver.ui.editors.sql.SQLEditor$QueryResultsContainer.readData(SQLEditor.java:4495)
	at org.jkiss.dbeaver.ui.controls.resultset.ResultSetJobDataRead.lambda$0(ResultSetJobDataRead.java:128)
	at org.jkiss.dbeaver.model.exec.DBExecUtils.tryExecuteRecover(DBExecUtils.java:189)
	at org.jkiss.dbeaver.ui.controls.resultset.ResultSetJobDataRead.run(ResultSetJobDataRead.java:126)
	at org.jkiss.dbeaver.ui.controls.resultset.ResultSetViewer$ResultSetDataPumpJob.run(ResultSetViewer.java:5146)
	at org.jkiss.dbeaver.model.runtime.AbstractJob.run(AbstractJob.java:119)
	at org.eclipse.core.internal.jobs.Worker.run(Worker.java:63)
Caused by: java.sql.SQLSyntaxErrorException: ORA-00905: missing keyword

	at oracle.jdbc.driver.T4CTTIoer.processError(T4CTTIoer.java:440)
	at oracle.jdbc.driver.T4CTTIoer.processError(T4CTTIoer.java:396)
	at oracle.jdbc.driver.T4C8Oall.processError(T4C8Oall.java:837)
	at oracle.jdbc.driver.T4CTTIfun.receive(T4CTTIfun.java:445)
	at oracle.jdbc.driver.T4CTTIfun.doRPC(T4CTTIfun.java:191)
	at oracle.jdbc.driver.T4C8Oall.doOALL(T4C8Oall.java:523)
	at oracle.jdbc.driver.T4CStatement.doOall8(T4CStatement.java:193)
	at oracle.jdbc.driver.T4CStatement.executeForDescribe(T4CStatement.java:848)
	at oracle.jdbc.driver.OracleStatement.executeMaybeDescribe(OracleStatement.java:1153)
	at oracle.jdbc.driver.OracleStatement.doExecuteWithTimeout(OracleStatement.java:1275)
	at oracle.jdbc.driver.OracleStatement.executeInternal(OracleStatement.java:1890)
	at oracle.jdbc.driver.OracleStatement.execute(OracleStatement.java:1855)
	at oracle.jdbc.driver.OracleStatementWrapper.execute(OracleStatementWrapper.java:304)
	at org.jkiss.dbeaver.model.impl.jdbc.exec.JDBCStatementImpl.execute(JDBCStatementImpl.java:344)
	at org.jkiss.dbeaver.model.impl.jdbc.exec.JDBCStatementImpl.executeStatement(JDBCStatementImpl.java:128)
	... 12 more
2025-07-21 09:46:39.141 - SQL Error [900] [42000]: ORA-00900: invalid SQL statement

org.jkiss.dbeaver.model.sql.DBSQLException: SQL Error [900] [42000]: ORA-00900: invalid SQL statement

	at org.jkiss.dbeaver.model.impl.jdbc.exec.JDBCStatementImpl.executeStatement(JDBCStatementImpl.java:130)
	at org.jkiss.dbeaver.ui.editors.sql.execute.SQLQueryJob.executeStatement(SQLQueryJob.java:657)
	at org.jkiss.dbeaver.ui.editors.sql.execute.SQLQueryJob.lambda$2(SQLQueryJob.java:550)
	at org.jkiss.dbeaver.model.exec.DBExecUtils.tryExecuteRecover(DBExecUtils.java:189)
	at org.jkiss.dbeaver.ui.editors.sql.execute.SQLQueryJob.executeSingleQuery(SQLQueryJob.java:569)
	at org.jkiss.dbeaver.ui.editors.sql.execute.SQLQueryJob.extractData(SQLQueryJob.java:1043)
	at org.jkiss.dbeaver.ui.editors.sql.SQLEditor$QueryResultsContainer.readData(SQLEditor.java:4495)
	at org.jkiss.dbeaver.ui.controls.resultset.ResultSetJobDataRead.lambda$0(ResultSetJobDataRead.java:128)
	at org.jkiss.dbeaver.model.exec.DBExecUtils.tryExecuteRecover(DBExecUtils.java:189)
	at org.jkiss.dbeaver.ui.controls.resultset.ResultSetJobDataRead.run(ResultSetJobDataRead.java:126)
	at org.jkiss.dbeaver.ui.controls.resultset.ResultSetViewer$ResultSetDataPumpJob.run(ResultSetViewer.java:5146)
	at org.jkiss.dbeaver.model.runtime.AbstractJob.run(AbstractJob.java:119)
	at org.eclipse.core.internal.jobs.Worker.run(Worker.java:63)
Caused by: java.sql.SQLSyntaxErrorException: ORA-00900: invalid SQL statement

	at oracle.jdbc.driver.T4CTTIoer.processError(T4CTTIoer.java:440)
	at oracle.jdbc.driver.T4CTTIoer.processError(T4CTTIoer.java:396)
	at oracle.jdbc.driver.T4C8Oall.processError(T4C8Oall.java:837)
	at oracle.jdbc.driver.T4CTTIfun.receive(T4CTTIfun.java:445)
	at oracle.jdbc.driver.T4CTTIfun.doRPC(T4CTTIfun.java:191)
	at oracle.jdbc.driver.T4C8Oall.doOALL(T4C8Oall.java:523)
	at oracle.jdbc.driver.T4CStatement.doOall8(T4CStatement.java:193)
	at oracle.jdbc.driver.T4CStatement.executeForRows(T4CStatement.java:999)
	at oracle.jdbc.driver.OracleStatement.doExecuteWithTimeout(OracleStatement.java:1315)
	at oracle.jdbc.driver.OracleStatement.executeInternal(OracleStatement.java:1890)
	at oracle.jdbc.driver.OracleStatement.execute(OracleStatement.java:1855)
	at oracle.jdbc.driver.OracleStatementWrapper.execute(OracleStatementWrapper.java:304)
	at org.jkiss.dbeaver.model.impl.jdbc.exec.JDBCStatementImpl.execute(JDBCStatementImpl.java:344)
	at org.jkiss.dbeaver.model.impl.jdbc.exec.JDBCStatementImpl.executeStatement(JDBCStatementImpl.java:128)
	... 12 more
2025-07-21 09:46:39.206 - Error binding callable statement parameters from metadata: Unsupported feature
2025-07-21 09:46:39.207 - Error obtaining output parameters from metadata: Unsupported feature
2025-07-21 09:46:39.207 - Can't obtain procedure metadata nor jdbc metadata
2025-07-21 09:48:11.475 - SQL Error [900] [42000]: ORA-00900: invalid SQL statement

org.jkiss.dbeaver.model.sql.DBSQLException: SQL Error [900] [42000]: ORA-00900: invalid SQL statement

	at org.jkiss.dbeaver.model.impl.jdbc.exec.JDBCStatementImpl.executeStatement(JDBCStatementImpl.java:130)
	at org.jkiss.dbeaver.ui.editors.sql.execute.SQLQueryJob.executeStatement(SQLQueryJob.java:657)
	at org.jkiss.dbeaver.ui.editors.sql.execute.SQLQueryJob.lambda$2(SQLQueryJob.java:550)
	at org.jkiss.dbeaver.model.exec.DBExecUtils.tryExecuteRecover(DBExecUtils.java:189)
	at org.jkiss.dbeaver.ui.editors.sql.execute.SQLQueryJob.executeSingleQuery(SQLQueryJob.java:569)
	at org.jkiss.dbeaver.ui.editors.sql.execute.SQLQueryJob.extractData(SQLQueryJob.java:1043)
	at org.jkiss.dbeaver.ui.editors.sql.SQLEditor$QueryResultsContainer.readData(SQLEditor.java:4495)
	at org.jkiss.dbeaver.ui.controls.resultset.ResultSetJobDataRead.lambda$0(ResultSetJobDataRead.java:128)
	at org.jkiss.dbeaver.model.exec.DBExecUtils.tryExecuteRecover(DBExecUtils.java:189)
	at org.jkiss.dbeaver.ui.controls.resultset.ResultSetJobDataRead.run(ResultSetJobDataRead.java:126)
	at org.jkiss.dbeaver.ui.controls.resultset.ResultSetViewer$ResultSetDataPumpJob.run(ResultSetViewer.java:5146)
	at org.jkiss.dbeaver.model.runtime.AbstractJob.run(AbstractJob.java:119)
	at org.eclipse.core.internal.jobs.Worker.run(Worker.java:63)
Caused by: java.sql.SQLSyntaxErrorException: ORA-00900: invalid SQL statement

	at oracle.jdbc.driver.T4CTTIoer.processError(T4CTTIoer.java:440)
	at oracle.jdbc.driver.T4CTTIoer.processError(T4CTTIoer.java:396)
	at oracle.jdbc.driver.T4C8Oall.processError(T4C8Oall.java:837)
	at oracle.jdbc.driver.T4CTTIfun.receive(T4CTTIfun.java:445)
	at oracle.jdbc.driver.T4CTTIfun.doRPC(T4CTTIfun.java:191)
	at oracle.jdbc.driver.T4C8Oall.doOALL(T4C8Oall.java:523)
	at oracle.jdbc.driver.T4CStatement.doOall8(T4CStatement.java:193)
	at oracle.jdbc.driver.T4CStatement.executeForRows(T4CStatement.java:999)
	at oracle.jdbc.driver.OracleStatement.doExecuteWithTimeout(OracleStatement.java:1315)
	at oracle.jdbc.driver.OracleStatement.executeInternal(OracleStatement.java:1890)
	at oracle.jdbc.driver.OracleStatement.execute(OracleStatement.java:1855)
	at oracle.jdbc.driver.OracleStatementWrapper.execute(OracleStatementWrapper.java:304)
	at org.jkiss.dbeaver.model.impl.jdbc.exec.JDBCStatementImpl.execute(JDBCStatementImpl.java:344)
	at org.jkiss.dbeaver.model.impl.jdbc.exec.JDBCStatementImpl.executeStatement(JDBCStatementImpl.java:128)
	... 12 more
2025-07-21 09:48:11.541 - Error binding callable statement parameters from metadata: Unsupported feature
2025-07-21 09:48:11.542 - Error obtaining output parameters from metadata: Unsupported feature
2025-07-21 09:48:11.542 - Can't obtain procedure metadata nor jdbc metadata
2025-07-21 09:50:35.394 - Error applying completion proposal
org.eclipse.jface.text.BadLocationException
	at org.eclipse.jface.text.AbstractDocument.replace(AbstractDocument.java:1079)
	at org.eclipse.core.internal.filebuffers.SynchronizableDocument.replace(SynchronizableDocument.java:271)
	at org.eclipse.jface.text.AbstractDocument.replace(AbstractDocument.java:1109)
	at org.eclipse.core.internal.filebuffers.SynchronizableDocument.replace(SynchronizableDocument.java:259)
	at org.jkiss.dbeaver.ui.editors.sql.semantics.SQLEditorQueryCompletionProposal.apply(SQLEditorQueryCompletionProposal.java:144)
	at org.eclipse.jface.text.contentassist.CompletionProposalPopup.insertProposal(CompletionProposalPopup.java:999)
	at org.eclipse.jface.text.contentassist.CompletionProposalPopup.lambda$0(CompletionProposalPopup.java:514)
	at org.eclipse.swt.custom.BusyIndicator.showWhile(BusyIndicator.java:67)
	at org.eclipse.jface.text.contentassist.CompletionProposalPopup.showProposals(CompletionProposalPopup.java:502)
	at org.eclipse.jface.text.contentassist.ContentAssistant.showPossibleCompletions(ContentAssistant.java:1874)
	at org.jkiss.dbeaver.ui.editors.sql.syntax.SQLContentAssistant.lambda$0(SQLContentAssistant.java:50)
	at org.eclipse.swt.widgets.RunnableLock.run(RunnableLock.java:40)
	at org.eclipse.swt.widgets.Synchronizer.runAsyncMessages(Synchronizer.java:132)
	at org.eclipse.swt.widgets.Display.runAsyncMessages(Display.java:4111)
	at org.eclipse.swt.widgets.Display.readAndDispatch(Display.java:3727)
	at org.eclipse.e4.ui.internal.workbench.swt.PartRenderingEngine$5.run(PartRenderingEngine.java:1151)
	at org.eclipse.core.databinding.observable.Realm.runWithDefault(Realm.java:339)
	at org.eclipse.e4.ui.internal.workbench.swt.PartRenderingEngine.run(PartRenderingEngine.java:1042)
	at org.eclipse.e4.ui.internal.workbench.E4Workbench.createAndRunUI(E4Workbench.java:153)
	at org.eclipse.ui.internal.Workbench.lambda$3(Workbench.java:678)
	at org.eclipse.core.databinding.observable.Realm.runWithDefault(Realm.java:339)
	at org.eclipse.ui.internal.Workbench.createAndRunWorkbench(Workbench.java:583)
	at org.eclipse.ui.PlatformUI.createAndRunWorkbench(PlatformUI.java:173)
	at org.jkiss.dbeaver.ui.app.standalone.DBeaverApplication.start(DBeaverApplication.java:323)
	at org.eclipse.equinox.internal.app.EclipseAppHandle.run(EclipseAppHandle.java:219)
	at org.eclipse.core.runtime.internal.adaptor.EclipseAppLauncher.runApplication(EclipseAppLauncher.java:149)
	at org.eclipse.core.runtime.internal.adaptor.EclipseAppLauncher.start(EclipseAppLauncher.java:115)
	at org.eclipse.core.runtime.adaptor.EclipseStarter.run(EclipseStarter.java:467)
	at org.eclipse.core.runtime.adaptor.EclipseStarter.run(EclipseStarter.java:298)
	at java.base/jdk.internal.reflect.DirectMethodHandleAccessor.invoke(Unknown Source)
	at java.base/java.lang.reflect.Method.invoke(Unknown Source)
	at org.jkiss.dbeaver.launcher.DBeaverLauncher.invokeFramework(DBeaverLauncher.java:823)
	at org.jkiss.dbeaver.launcher.DBeaverLauncher.basicRun(DBeaverLauncher.java:648)
	at org.jkiss.dbeaver.launcher.DBeaverLauncher.run(DBeaverLauncher.java:1604)
2025-07-21 09:54:25.574 - SQL Error [920] [42000]: ORA-00920: invalid relational operator

org.jkiss.dbeaver.model.sql.DBSQLException: SQL Error [920] [42000]: ORA-00920: invalid relational operator

	at org.jkiss.dbeaver.model.impl.jdbc.exec.JDBCStatementImpl.executeStatement(JDBCStatementImpl.java:130)
	at org.jkiss.dbeaver.ui.editors.sql.execute.SQLQueryJob.executeStatement(SQLQueryJob.java:657)
	at org.jkiss.dbeaver.ui.editors.sql.execute.SQLQueryJob.lambda$2(SQLQueryJob.java:550)
	at org.jkiss.dbeaver.model.exec.DBExecUtils.tryExecuteRecover(DBExecUtils.java:189)
	at org.jkiss.dbeaver.ui.editors.sql.execute.SQLQueryJob.executeSingleQuery(SQLQueryJob.java:569)
	at org.jkiss.dbeaver.ui.editors.sql.execute.SQLQueryJob.extractData(SQLQueryJob.java:1043)
	at org.jkiss.dbeaver.ui.editors.sql.SQLEditor$QueryResultsContainer.readData(SQLEditor.java:4495)
	at org.jkiss.dbeaver.ui.controls.resultset.ResultSetJobDataRead.lambda$0(ResultSetJobDataRead.java:128)
	at org.jkiss.dbeaver.model.exec.DBExecUtils.tryExecuteRecover(DBExecUtils.java:189)
	at org.jkiss.dbeaver.ui.controls.resultset.ResultSetJobDataRead.run(ResultSetJobDataRead.java:126)
	at org.jkiss.dbeaver.ui.controls.resultset.ResultSetViewer$ResultSetDataPumpJob.run(ResultSetViewer.java:5146)
	at org.jkiss.dbeaver.model.runtime.AbstractJob.run(AbstractJob.java:119)
	at org.eclipse.core.internal.jobs.Worker.run(Worker.java:63)
Caused by: java.sql.SQLSyntaxErrorException: ORA-00920: invalid relational operator

	at oracle.jdbc.driver.T4CTTIoer.processError(T4CTTIoer.java:440)
	at oracle.jdbc.driver.T4CTTIoer.processError(T4CTTIoer.java:396)
	at oracle.jdbc.driver.T4C8Oall.processError(T4C8Oall.java:837)
	at oracle.jdbc.driver.T4CTTIfun.receive(T4CTTIfun.java:445)
	at oracle.jdbc.driver.T4CTTIfun.doRPC(T4CTTIfun.java:191)
	at oracle.jdbc.driver.T4C8Oall.doOALL(T4C8Oall.java:523)
	at oracle.jdbc.driver.T4CStatement.doOall8(T4CStatement.java:193)
	at oracle.jdbc.driver.T4CStatement.executeForDescribe(T4CStatement.java:848)
	at oracle.jdbc.driver.OracleStatement.executeMaybeDescribe(OracleStatement.java:1153)
	at oracle.jdbc.driver.OracleStatement.doExecuteWithTimeout(OracleStatement.java:1275)
	at oracle.jdbc.driver.OracleStatement.executeInternal(OracleStatement.java:1890)
	at oracle.jdbc.driver.OracleStatement.execute(OracleStatement.java:1855)
	at oracle.jdbc.driver.OracleStatementWrapper.execute(OracleStatementWrapper.java:304)
	at org.jkiss.dbeaver.model.impl.jdbc.exec.JDBCStatementImpl.execute(JDBCStatementImpl.java:344)
	at org.jkiss.dbeaver.model.impl.jdbc.exec.JDBCStatementImpl.executeStatement(JDBCStatementImpl.java:128)
	... 12 more
2025-07-21 09:54:25.627 - Error binding callable statement parameters from metadata: Unsupported feature
2025-07-21 09:54:25.627 - Error obtaining output parameters from metadata: Unsupported feature
2025-07-21 09:54:25.627 - Can't obtain procedure metadata nor jdbc metadata
2025-07-21 09:54:25.627 - Error positioning on query error
org.eclipse.core.runtime.AssertionFailedException: assertion failed: 
	at org.eclipse.core.runtime.Assert.isTrue(Assert.java:121)
	at org.eclipse.core.runtime.Assert.isTrue(Assert.java:106)
	at org.eclipse.jface.text.Position.<init>(Position.java:66)
	at org.jkiss.dbeaver.ui.editors.sql.SQLEditorBase.visualizeQueryErrors(SQLEditorBase.java:1067)
	at org.jkiss.dbeaver.ui.editors.sql.SQLEditor$SQLEditorQueryListener.processQueryResult(SQLEditor.java:5187)
	at org.jkiss.dbeaver.ui.editors.sql.SQLEditor$SQLEditorQueryListener.lambda$5(SQLEditor.java:5139)
	at org.jkiss.dbeaver.ui.UIUtils$5.runInUIThread(UIUtils.java:1741)
	at org.jkiss.dbeaver.ui.AbstractUIJob.runInUIThread(AbstractUIJob.java:41)
	at org.eclipse.ui.progress.UIJob.lambda$0(UIJob.java:148)
	at org.eclipse.swt.widgets.RunnableLock.run(RunnableLock.java:40)
	at org.eclipse.swt.widgets.Synchronizer.runAsyncMessages(Synchronizer.java:132)
	at org.eclipse.swt.widgets.Display.runAsyncMessages(Display.java:4111)
	at org.eclipse.swt.widgets.Display.readAndDispatch(Display.java:3727)
	at org.eclipse.e4.ui.internal.workbench.swt.PartRenderingEngine$5.run(PartRenderingEngine.java:1151)
	at org.eclipse.core.databinding.observable.Realm.runWithDefault(Realm.java:339)
	at org.eclipse.e4.ui.internal.workbench.swt.PartRenderingEngine.run(PartRenderingEngine.java:1042)
	at org.eclipse.e4.ui.internal.workbench.E4Workbench.createAndRunUI(E4Workbench.java:153)
	at org.eclipse.ui.internal.Workbench.lambda$3(Workbench.java:678)
	at org.eclipse.core.databinding.observable.Realm.runWithDefault(Realm.java:339)
	at org.eclipse.ui.internal.Workbench.createAndRunWorkbench(Workbench.java:583)
	at org.eclipse.ui.PlatformUI.createAndRunWorkbench(PlatformUI.java:173)
	at org.jkiss.dbeaver.ui.app.standalone.DBeaverApplication.start(DBeaverApplication.java:323)
	at org.eclipse.equinox.internal.app.EclipseAppHandle.run(EclipseAppHandle.java:219)
	at org.eclipse.core.runtime.internal.adaptor.EclipseAppLauncher.runApplication(EclipseAppLauncher.java:149)
	at org.eclipse.core.runtime.internal.adaptor.EclipseAppLauncher.start(EclipseAppLauncher.java:115)
	at org.eclipse.core.runtime.adaptor.EclipseStarter.run(EclipseStarter.java:467)
	at org.eclipse.core.runtime.adaptor.EclipseStarter.run(EclipseStarter.java:298)
	at java.base/jdk.internal.reflect.DirectMethodHandleAccessor.invoke(Unknown Source)
	at java.base/java.lang.reflect.Method.invoke(Unknown Source)
	at org.jkiss.dbeaver.launcher.DBeaverLauncher.invokeFramework(DBeaverLauncher.java:823)
	at org.jkiss.dbeaver.launcher.DBeaverLauncher.basicRun(DBeaverLauncher.java:648)
	at org.jkiss.dbeaver.launcher.DBeaverLauncher.run(DBeaverLauncher.java:1604)
2025-07-21 09:54:28.732 - SQL Error [920] [42000]: ORA-00920: invalid relational operator

org.jkiss.dbeaver.model.sql.DBSQLException: SQL Error [920] [42000]: ORA-00920: invalid relational operator

	at org.jkiss.dbeaver.model.impl.jdbc.exec.JDBCStatementImpl.executeStatement(JDBCStatementImpl.java:130)
	at org.jkiss.dbeaver.ui.editors.sql.execute.SQLQueryJob.executeStatement(SQLQueryJob.java:657)
	at org.jkiss.dbeaver.ui.editors.sql.execute.SQLQueryJob.lambda$2(SQLQueryJob.java:550)
	at org.jkiss.dbeaver.model.exec.DBExecUtils.tryExecuteRecover(DBExecUtils.java:189)
	at org.jkiss.dbeaver.ui.editors.sql.execute.SQLQueryJob.executeSingleQuery(SQLQueryJob.java:569)
	at org.jkiss.dbeaver.ui.editors.sql.execute.SQLQueryJob.extractData(SQLQueryJob.java:1043)
	at org.jkiss.dbeaver.ui.editors.sql.SQLEditor$QueryResultsContainer.readData(SQLEditor.java:4495)
	at org.jkiss.dbeaver.ui.controls.resultset.ResultSetJobDataRead.lambda$0(ResultSetJobDataRead.java:128)
	at org.jkiss.dbeaver.model.exec.DBExecUtils.tryExecuteRecover(DBExecUtils.java:189)
	at org.jkiss.dbeaver.ui.controls.resultset.ResultSetJobDataRead.run(ResultSetJobDataRead.java:126)
	at org.jkiss.dbeaver.ui.controls.resultset.ResultSetViewer$ResultSetDataPumpJob.run(ResultSetViewer.java:5146)
	at org.jkiss.dbeaver.model.runtime.AbstractJob.run(AbstractJob.java:119)
	at org.eclipse.core.internal.jobs.Worker.run(Worker.java:63)
Caused by: java.sql.SQLSyntaxErrorException: ORA-00920: invalid relational operator

	at oracle.jdbc.driver.T4CTTIoer.processError(T4CTTIoer.java:440)
	at oracle.jdbc.driver.T4CTTIoer.processError(T4CTTIoer.java:396)
	at oracle.jdbc.driver.T4C8Oall.processError(T4C8Oall.java:837)
	at oracle.jdbc.driver.T4CTTIfun.receive(T4CTTIfun.java:445)
	at oracle.jdbc.driver.T4CTTIfun.doRPC(T4CTTIfun.java:191)
	at oracle.jdbc.driver.T4C8Oall.doOALL(T4C8Oall.java:523)
	at oracle.jdbc.driver.T4CStatement.doOall8(T4CStatement.java:193)
	at oracle.jdbc.driver.T4CStatement.executeForDescribe(T4CStatement.java:848)
	at oracle.jdbc.driver.OracleStatement.executeMaybeDescribe(OracleStatement.java:1153)
	at oracle.jdbc.driver.OracleStatement.doExecuteWithTimeout(OracleStatement.java:1275)
	at oracle.jdbc.driver.OracleStatement.executeInternal(OracleStatement.java:1890)
	at oracle.jdbc.driver.OracleStatement.execute(OracleStatement.java:1855)
	at oracle.jdbc.driver.OracleStatementWrapper.execute(OracleStatementWrapper.java:304)
	at org.jkiss.dbeaver.model.impl.jdbc.exec.JDBCStatementImpl.execute(JDBCStatementImpl.java:344)
	at org.jkiss.dbeaver.model.impl.jdbc.exec.JDBCStatementImpl.executeStatement(JDBCStatementImpl.java:128)
	... 12 more
2025-07-21 09:54:28.793 - Error binding callable statement parameters from metadata: Unsupported feature
2025-07-21 09:54:28.793 - Error obtaining output parameters from metadata: Unsupported feature
2025-07-21 09:54:28.793 - Can't obtain procedure metadata nor jdbc metadata
2025-07-21 09:54:28.794 - Error positioning on query error
org.eclipse.core.runtime.AssertionFailedException: assertion failed: 
	at org.eclipse.core.runtime.Assert.isTrue(Assert.java:121)
	at org.eclipse.core.runtime.Assert.isTrue(Assert.java:106)
	at org.eclipse.jface.text.Position.<init>(Position.java:66)
	at org.jkiss.dbeaver.ui.editors.sql.SQLEditorBase.visualizeQueryErrors(SQLEditorBase.java:1067)
	at org.jkiss.dbeaver.ui.editors.sql.SQLEditor$SQLEditorQueryListener.processQueryResult(SQLEditor.java:5187)
	at org.jkiss.dbeaver.ui.editors.sql.SQLEditor$SQLEditorQueryListener.lambda$5(SQLEditor.java:5139)
	at org.jkiss.dbeaver.ui.UIUtils$5.runInUIThread(UIUtils.java:1741)
	at org.jkiss.dbeaver.ui.AbstractUIJob.runInUIThread(AbstractUIJob.java:41)
	at org.eclipse.ui.progress.UIJob.lambda$0(UIJob.java:148)
	at org.eclipse.swt.widgets.RunnableLock.run(RunnableLock.java:40)
	at org.eclipse.swt.widgets.Synchronizer.runAsyncMessages(Synchronizer.java:132)
	at org.eclipse.swt.widgets.Display.runAsyncMessages(Display.java:4111)
	at org.eclipse.swt.widgets.Display.readAndDispatch(Display.java:3727)
	at org.eclipse.e4.ui.internal.workbench.swt.PartRenderingEngine$5.run(PartRenderingEngine.java:1151)
	at org.eclipse.core.databinding.observable.Realm.runWithDefault(Realm.java:339)
	at org.eclipse.e4.ui.internal.workbench.swt.PartRenderingEngine.run(PartRenderingEngine.java:1042)
	at org.eclipse.e4.ui.internal.workbench.E4Workbench.createAndRunUI(E4Workbench.java:153)
	at org.eclipse.ui.internal.Workbench.lambda$3(Workbench.java:678)
	at org.eclipse.core.databinding.observable.Realm.runWithDefault(Realm.java:339)
	at org.eclipse.ui.internal.Workbench.createAndRunWorkbench(Workbench.java:583)
	at org.eclipse.ui.PlatformUI.createAndRunWorkbench(PlatformUI.java:173)
	at org.jkiss.dbeaver.ui.app.standalone.DBeaverApplication.start(DBeaverApplication.java:323)
	at org.eclipse.equinox.internal.app.EclipseAppHandle.run(EclipseAppHandle.java:219)
	at org.eclipse.core.runtime.internal.adaptor.EclipseAppLauncher.runApplication(EclipseAppLauncher.java:149)
	at org.eclipse.core.runtime.internal.adaptor.EclipseAppLauncher.start(EclipseAppLauncher.java:115)
	at org.eclipse.core.runtime.adaptor.EclipseStarter.run(EclipseStarter.java:467)
	at org.eclipse.core.runtime.adaptor.EclipseStarter.run(EclipseStarter.java:298)
	at java.base/jdk.internal.reflect.DirectMethodHandleAccessor.invoke(Unknown Source)
	at java.base/java.lang.reflect.Method.invoke(Unknown Source)
	at org.jkiss.dbeaver.launcher.DBeaverLauncher.invokeFramework(DBeaverLauncher.java:823)
	at org.jkiss.dbeaver.launcher.DBeaverLauncher.basicRun(DBeaverLauncher.java:648)
	at org.jkiss.dbeaver.launcher.DBeaverLauncher.run(DBeaverLauncher.java:1604)
2025-07-21 09:54:38.913 - SQL Error [936] [42000]: ORA-00936: missing expression

org.jkiss.dbeaver.model.sql.DBSQLException: SQL Error [936] [42000]: ORA-00936: missing expression

	at org.jkiss.dbeaver.model.impl.jdbc.exec.JDBCStatementImpl.executeStatement(JDBCStatementImpl.java:130)
	at org.jkiss.dbeaver.ui.editors.sql.execute.SQLQueryJob.executeStatement(SQLQueryJob.java:657)
	at org.jkiss.dbeaver.ui.editors.sql.execute.SQLQueryJob.lambda$2(SQLQueryJob.java:550)
	at org.jkiss.dbeaver.model.exec.DBExecUtils.tryExecuteRecover(DBExecUtils.java:189)
	at org.jkiss.dbeaver.ui.editors.sql.execute.SQLQueryJob.executeSingleQuery(SQLQueryJob.java:569)
	at org.jkiss.dbeaver.ui.editors.sql.execute.SQLQueryJob.extractData(SQLQueryJob.java:1043)
	at org.jkiss.dbeaver.ui.editors.sql.SQLEditor$QueryResultsContainer.readData(SQLEditor.java:4495)
	at org.jkiss.dbeaver.ui.controls.resultset.ResultSetJobDataRead.lambda$0(ResultSetJobDataRead.java:128)
	at org.jkiss.dbeaver.model.exec.DBExecUtils.tryExecuteRecover(DBExecUtils.java:189)
	at org.jkiss.dbeaver.ui.controls.resultset.ResultSetJobDataRead.run(ResultSetJobDataRead.java:126)
	at org.jkiss.dbeaver.ui.controls.resultset.ResultSetViewer$ResultSetDataPumpJob.run(ResultSetViewer.java:5146)
	at org.jkiss.dbeaver.model.runtime.AbstractJob.run(AbstractJob.java:119)
	at org.eclipse.core.internal.jobs.Worker.run(Worker.java:63)
Caused by: java.sql.SQLSyntaxErrorException: ORA-00936: missing expression

	at oracle.jdbc.driver.T4CTTIoer.processError(T4CTTIoer.java:440)
	at oracle.jdbc.driver.T4CTTIoer.processError(T4CTTIoer.java:396)
	at oracle.jdbc.driver.T4C8Oall.processError(T4C8Oall.java:837)
	at oracle.jdbc.driver.T4CTTIfun.receive(T4CTTIfun.java:445)
	at oracle.jdbc.driver.T4CTTIfun.doRPC(T4CTTIfun.java:191)
	at oracle.jdbc.driver.T4C8Oall.doOALL(T4C8Oall.java:523)
	at oracle.jdbc.driver.T4CStatement.doOall8(T4CStatement.java:193)
	at oracle.jdbc.driver.T4CStatement.executeForDescribe(T4CStatement.java:848)
	at oracle.jdbc.driver.OracleStatement.executeMaybeDescribe(OracleStatement.java:1153)
	at oracle.jdbc.driver.OracleStatement.doExecuteWithTimeout(OracleStatement.java:1275)
	at oracle.jdbc.driver.OracleStatement.executeInternal(OracleStatement.java:1890)
	at oracle.jdbc.driver.OracleStatement.execute(OracleStatement.java:1855)
	at oracle.jdbc.driver.OracleStatementWrapper.execute(OracleStatementWrapper.java:304)
	at org.jkiss.dbeaver.model.impl.jdbc.exec.JDBCStatementImpl.execute(JDBCStatementImpl.java:344)
	at org.jkiss.dbeaver.model.impl.jdbc.exec.JDBCStatementImpl.executeStatement(JDBCStatementImpl.java:128)
	... 12 more
2025-07-21 09:54:38.974 - Error binding callable statement parameters from metadata: Unsupported feature
2025-07-21 09:54:38.974 - Error obtaining output parameters from metadata: Unsupported feature
2025-07-21 09:54:38.974 - Can't obtain procedure metadata nor jdbc metadata
2025-07-21 09:54:56.514 - SQL Error [920] [42000]: ORA-00920: invalid relational operator

org.jkiss.dbeaver.model.sql.DBSQLException: SQL Error [920] [42000]: ORA-00920: invalid relational operator

	at org.jkiss.dbeaver.model.impl.jdbc.exec.JDBCStatementImpl.executeStatement(JDBCStatementImpl.java:130)
	at org.jkiss.dbeaver.ui.editors.sql.execute.SQLQueryJob.executeStatement(SQLQueryJob.java:657)
	at org.jkiss.dbeaver.ui.editors.sql.execute.SQLQueryJob.lambda$2(SQLQueryJob.java:550)
	at org.jkiss.dbeaver.model.exec.DBExecUtils.tryExecuteRecover(DBExecUtils.java:189)
	at org.jkiss.dbeaver.ui.editors.sql.execute.SQLQueryJob.executeSingleQuery(SQLQueryJob.java:569)
	at org.jkiss.dbeaver.ui.editors.sql.execute.SQLQueryJob.extractData(SQLQueryJob.java:1043)
	at org.jkiss.dbeaver.ui.editors.sql.SQLEditor$QueryResultsContainer.readData(SQLEditor.java:4495)
	at org.jkiss.dbeaver.ui.controls.resultset.ResultSetJobDataRead.lambda$0(ResultSetJobDataRead.java:128)
	at org.jkiss.dbeaver.model.exec.DBExecUtils.tryExecuteRecover(DBExecUtils.java:189)
	at org.jkiss.dbeaver.ui.controls.resultset.ResultSetJobDataRead.run(ResultSetJobDataRead.java:126)
	at org.jkiss.dbeaver.ui.controls.resultset.ResultSetViewer$ResultSetDataPumpJob.run(ResultSetViewer.java:5146)
	at org.jkiss.dbeaver.model.runtime.AbstractJob.run(AbstractJob.java:119)
	at org.eclipse.core.internal.jobs.Worker.run(Worker.java:63)
Caused by: java.sql.SQLSyntaxErrorException: ORA-00920: invalid relational operator

	at oracle.jdbc.driver.T4CTTIoer.processError(T4CTTIoer.java:440)
	at oracle.jdbc.driver.T4CTTIoer.processError(T4CTTIoer.java:396)
	at oracle.jdbc.driver.T4C8Oall.processError(T4C8Oall.java:837)
	at oracle.jdbc.driver.T4CTTIfun.receive(T4CTTIfun.java:445)
	at oracle.jdbc.driver.T4CTTIfun.doRPC(T4CTTIfun.java:191)
	at oracle.jdbc.driver.T4C8Oall.doOALL(T4C8Oall.java:523)
	at oracle.jdbc.driver.T4CStatement.doOall8(T4CStatement.java:193)
	at oracle.jdbc.driver.T4CStatement.executeForDescribe(T4CStatement.java:848)
	at oracle.jdbc.driver.OracleStatement.executeMaybeDescribe(OracleStatement.java:1153)
	at oracle.jdbc.driver.OracleStatement.doExecuteWithTimeout(OracleStatement.java:1275)
	at oracle.jdbc.driver.OracleStatement.executeInternal(OracleStatement.java:1890)
	at oracle.jdbc.driver.OracleStatement.execute(OracleStatement.java:1855)
	at oracle.jdbc.driver.OracleStatementWrapper.execute(OracleStatementWrapper.java:304)
	at org.jkiss.dbeaver.model.impl.jdbc.exec.JDBCStatementImpl.execute(JDBCStatementImpl.java:344)
	at org.jkiss.dbeaver.model.impl.jdbc.exec.JDBCStatementImpl.executeStatement(JDBCStatementImpl.java:128)
	... 12 more
2025-07-21 09:54:56.575 - Error binding callable statement parameters from metadata: Unsupported feature
2025-07-21 09:54:56.575 - Error obtaining output parameters from metadata: Unsupported feature
2025-07-21 09:54:56.575 - Can't obtain procedure metadata nor jdbc metadata
2025-07-21 09:57:03.685 - SQL Error [900] [42000]: ORA-00900: invalid SQL statement

org.jkiss.dbeaver.model.sql.DBSQLException: SQL Error [900] [42000]: ORA-00900: invalid SQL statement

	at org.jkiss.dbeaver.model.impl.jdbc.exec.JDBCStatementImpl.executeStatement(JDBCStatementImpl.java:130)
	at org.jkiss.dbeaver.ui.editors.sql.execute.SQLQueryJob.executeStatement(SQLQueryJob.java:657)
	at org.jkiss.dbeaver.ui.editors.sql.execute.SQLQueryJob.lambda$2(SQLQueryJob.java:550)
	at org.jkiss.dbeaver.model.exec.DBExecUtils.tryExecuteRecover(DBExecUtils.java:189)
	at org.jkiss.dbeaver.ui.editors.sql.execute.SQLQueryJob.executeSingleQuery(SQLQueryJob.java:569)
	at org.jkiss.dbeaver.ui.editors.sql.execute.SQLQueryJob.extractData(SQLQueryJob.java:1043)
	at org.jkiss.dbeaver.ui.editors.sql.SQLEditor$QueryResultsContainer.readData(SQLEditor.java:4495)
	at org.jkiss.dbeaver.ui.controls.resultset.ResultSetJobDataRead.lambda$0(ResultSetJobDataRead.java:128)
	at org.jkiss.dbeaver.model.exec.DBExecUtils.tryExecuteRecover(DBExecUtils.java:189)
	at org.jkiss.dbeaver.ui.controls.resultset.ResultSetJobDataRead.run(ResultSetJobDataRead.java:126)
	at org.jkiss.dbeaver.ui.controls.resultset.ResultSetViewer$ResultSetDataPumpJob.run(ResultSetViewer.java:5146)
	at org.jkiss.dbeaver.model.runtime.AbstractJob.run(AbstractJob.java:119)
	at org.eclipse.core.internal.jobs.Worker.run(Worker.java:63)
Caused by: java.sql.SQLSyntaxErrorException: ORA-00900: invalid SQL statement

	at oracle.jdbc.driver.T4CTTIoer.processError(T4CTTIoer.java:440)
	at oracle.jdbc.driver.T4CTTIoer.processError(T4CTTIoer.java:396)
	at oracle.jdbc.driver.T4C8Oall.processError(T4C8Oall.java:837)
	at oracle.jdbc.driver.T4CTTIfun.receive(T4CTTIfun.java:445)
	at oracle.jdbc.driver.T4CTTIfun.doRPC(T4CTTIfun.java:191)
	at oracle.jdbc.driver.T4C8Oall.doOALL(T4C8Oall.java:523)
	at oracle.jdbc.driver.T4CStatement.doOall8(T4CStatement.java:193)
	at oracle.jdbc.driver.T4CStatement.executeForRows(T4CStatement.java:999)
	at oracle.jdbc.driver.OracleStatement.doExecuteWithTimeout(OracleStatement.java:1315)
	at oracle.jdbc.driver.OracleStatement.executeInternal(OracleStatement.java:1890)
	at oracle.jdbc.driver.OracleStatement.execute(OracleStatement.java:1855)
	at oracle.jdbc.driver.OracleStatementWrapper.execute(OracleStatementWrapper.java:304)
	at org.jkiss.dbeaver.model.impl.jdbc.exec.JDBCStatementImpl.execute(JDBCStatementImpl.java:344)
	at org.jkiss.dbeaver.model.impl.jdbc.exec.JDBCStatementImpl.executeStatement(JDBCStatementImpl.java:128)
	... 12 more
2025-07-21 09:57:03.744 - Error binding callable statement parameters from metadata: Unsupported feature
2025-07-21 09:57:03.744 - Error obtaining output parameters from metadata: Unsupported feature
2025-07-21 09:57:03.744 - Can't obtain procedure metadata nor jdbc metadata
2025-07-21 09:59:31.382 - SQL Error [920] [42000]: ORA-00920: invalid relational operator

org.jkiss.dbeaver.model.sql.DBSQLException: SQL Error [920] [42000]: ORA-00920: invalid relational operator

	at org.jkiss.dbeaver.model.impl.jdbc.exec.JDBCStatementImpl.executeStatement(JDBCStatementImpl.java:130)
	at org.jkiss.dbeaver.ui.editors.sql.execute.SQLQueryJob.executeStatement(SQLQueryJob.java:657)
	at org.jkiss.dbeaver.ui.editors.sql.execute.SQLQueryJob.lambda$2(SQLQueryJob.java:550)
	at org.jkiss.dbeaver.model.exec.DBExecUtils.tryExecuteRecover(DBExecUtils.java:189)
	at org.jkiss.dbeaver.ui.editors.sql.execute.SQLQueryJob.executeSingleQuery(SQLQueryJob.java:569)
	at org.jkiss.dbeaver.ui.editors.sql.execute.SQLQueryJob.extractData(SQLQueryJob.java:1043)
	at org.jkiss.dbeaver.ui.editors.sql.SQLEditor$QueryResultsContainer.readData(SQLEditor.java:4495)
	at org.jkiss.dbeaver.ui.controls.resultset.ResultSetJobDataRead.lambda$0(ResultSetJobDataRead.java:128)
	at org.jkiss.dbeaver.model.exec.DBExecUtils.tryExecuteRecover(DBExecUtils.java:189)
	at org.jkiss.dbeaver.ui.controls.resultset.ResultSetJobDataRead.run(ResultSetJobDataRead.java:126)
	at org.jkiss.dbeaver.ui.controls.resultset.ResultSetViewer$ResultSetDataPumpJob.run(ResultSetViewer.java:5146)
	at org.jkiss.dbeaver.model.runtime.AbstractJob.run(AbstractJob.java:119)
	at org.eclipse.core.internal.jobs.Worker.run(Worker.java:63)
Caused by: java.sql.SQLSyntaxErrorException: ORA-00920: invalid relational operator

	at oracle.jdbc.driver.T4CTTIoer.processError(T4CTTIoer.java:440)
	at oracle.jdbc.driver.T4CTTIoer.processError(T4CTTIoer.java:396)
	at oracle.jdbc.driver.T4C8Oall.processError(T4C8Oall.java:837)
	at oracle.jdbc.driver.T4CTTIfun.receive(T4CTTIfun.java:445)
	at oracle.jdbc.driver.T4CTTIfun.doRPC(T4CTTIfun.java:191)
	at oracle.jdbc.driver.T4C8Oall.doOALL(T4C8Oall.java:523)
	at oracle.jdbc.driver.T4CStatement.doOall8(T4CStatement.java:193)
	at oracle.jdbc.driver.T4CStatement.executeForDescribe(T4CStatement.java:848)
	at oracle.jdbc.driver.OracleStatement.executeMaybeDescribe(OracleStatement.java:1153)
	at oracle.jdbc.driver.OracleStatement.doExecuteWithTimeout(OracleStatement.java:1275)
	at oracle.jdbc.driver.OracleStatement.executeInternal(OracleStatement.java:1890)
	at oracle.jdbc.driver.OracleStatement.execute(OracleStatement.java:1855)
	at oracle.jdbc.driver.OracleStatementWrapper.execute(OracleStatementWrapper.java:304)
	at org.jkiss.dbeaver.model.impl.jdbc.exec.JDBCStatementImpl.execute(JDBCStatementImpl.java:344)
	at org.jkiss.dbeaver.model.impl.jdbc.exec.JDBCStatementImpl.executeStatement(JDBCStatementImpl.java:128)
	... 12 more
2025-07-21 09:59:31.446 - Error binding callable statement parameters from metadata: Unsupported feature
2025-07-21 09:59:31.446 - Error obtaining output parameters from metadata: Unsupported feature
2025-07-21 09:59:31.446 - Can't obtain procedure metadata nor jdbc metadata
2025-07-21 09:59:31.447 - Error positioning on query error
org.eclipse.core.runtime.AssertionFailedException: assertion failed: 
	at org.eclipse.core.runtime.Assert.isTrue(Assert.java:121)
	at org.eclipse.core.runtime.Assert.isTrue(Assert.java:106)
	at org.eclipse.jface.text.Position.<init>(Position.java:66)
	at org.jkiss.dbeaver.ui.editors.sql.SQLEditorBase.visualizeQueryErrors(SQLEditorBase.java:1067)
	at org.jkiss.dbeaver.ui.editors.sql.SQLEditor$SQLEditorQueryListener.processQueryResult(SQLEditor.java:5187)
	at org.jkiss.dbeaver.ui.editors.sql.SQLEditor$SQLEditorQueryListener.lambda$5(SQLEditor.java:5139)
	at org.jkiss.dbeaver.ui.UIUtils$5.runInUIThread(UIUtils.java:1741)
	at org.jkiss.dbeaver.ui.AbstractUIJob.runInUIThread(AbstractUIJob.java:41)
	at org.eclipse.ui.progress.UIJob.lambda$0(UIJob.java:148)
	at org.eclipse.swt.widgets.RunnableLock.run(RunnableLock.java:40)
	at org.eclipse.swt.widgets.Synchronizer.runAsyncMessages(Synchronizer.java:132)
	at org.eclipse.swt.widgets.Display.runAsyncMessages(Display.java:4111)
	at org.eclipse.swt.widgets.Display.readAndDispatch(Display.java:3727)
	at org.eclipse.e4.ui.internal.workbench.swt.PartRenderingEngine$5.run(PartRenderingEngine.java:1151)
	at org.eclipse.core.databinding.observable.Realm.runWithDefault(Realm.java:339)
	at org.eclipse.e4.ui.internal.workbench.swt.PartRenderingEngine.run(PartRenderingEngine.java:1042)
	at org.eclipse.e4.ui.internal.workbench.E4Workbench.createAndRunUI(E4Workbench.java:153)
	at org.eclipse.ui.internal.Workbench.lambda$3(Workbench.java:678)
	at org.eclipse.core.databinding.observable.Realm.runWithDefault(Realm.java:339)
	at org.eclipse.ui.internal.Workbench.createAndRunWorkbench(Workbench.java:583)
	at org.eclipse.ui.PlatformUI.createAndRunWorkbench(PlatformUI.java:173)
	at org.jkiss.dbeaver.ui.app.standalone.DBeaverApplication.start(DBeaverApplication.java:323)
	at org.eclipse.equinox.internal.app.EclipseAppHandle.run(EclipseAppHandle.java:219)
	at org.eclipse.core.runtime.internal.adaptor.EclipseAppLauncher.runApplication(EclipseAppLauncher.java:149)
	at org.eclipse.core.runtime.internal.adaptor.EclipseAppLauncher.start(EclipseAppLauncher.java:115)
	at org.eclipse.core.runtime.adaptor.EclipseStarter.run(EclipseStarter.java:467)
	at org.eclipse.core.runtime.adaptor.EclipseStarter.run(EclipseStarter.java:298)
	at java.base/jdk.internal.reflect.DirectMethodHandleAccessor.invoke(Unknown Source)
	at java.base/java.lang.reflect.Method.invoke(Unknown Source)
	at org.jkiss.dbeaver.launcher.DBeaverLauncher.invokeFramework(DBeaverLauncher.java:823)
	at org.jkiss.dbeaver.launcher.DBeaverLauncher.basicRun(DBeaverLauncher.java:648)
	at org.jkiss.dbeaver.launcher.DBeaverLauncher.run(DBeaverLauncher.java:1604)
2025-07-21 10:00:43.468 - SQL Error [907] [42000]: ORA-00907: missing right parenthesis

org.jkiss.dbeaver.model.sql.DBSQLException: SQL Error [907] [42000]: ORA-00907: missing right parenthesis

	at org.jkiss.dbeaver.model.impl.jdbc.exec.JDBCStatementImpl.executeStatement(JDBCStatementImpl.java:130)
	at org.jkiss.dbeaver.ui.editors.sql.execute.SQLQueryJob.executeStatement(SQLQueryJob.java:657)
	at org.jkiss.dbeaver.ui.editors.sql.execute.SQLQueryJob.lambda$2(SQLQueryJob.java:550)
	at org.jkiss.dbeaver.model.exec.DBExecUtils.tryExecuteRecover(DBExecUtils.java:189)
	at org.jkiss.dbeaver.ui.editors.sql.execute.SQLQueryJob.executeSingleQuery(SQLQueryJob.java:569)
	at org.jkiss.dbeaver.ui.editors.sql.execute.SQLQueryJob.extractData(SQLQueryJob.java:1043)
	at org.jkiss.dbeaver.ui.editors.sql.SQLEditor$QueryResultsContainer.readData(SQLEditor.java:4495)
	at org.jkiss.dbeaver.ui.controls.resultset.ResultSetJobDataRead.lambda$0(ResultSetJobDataRead.java:128)
	at org.jkiss.dbeaver.model.exec.DBExecUtils.tryExecuteRecover(DBExecUtils.java:189)
	at org.jkiss.dbeaver.ui.controls.resultset.ResultSetJobDataRead.run(ResultSetJobDataRead.java:126)
	at org.jkiss.dbeaver.ui.controls.resultset.ResultSetViewer$ResultSetDataPumpJob.run(ResultSetViewer.java:5146)
	at org.jkiss.dbeaver.model.runtime.AbstractJob.run(AbstractJob.java:119)
	at org.eclipse.core.internal.jobs.Worker.run(Worker.java:63)
Caused by: java.sql.SQLSyntaxErrorException: ORA-00907: missing right parenthesis

	at oracle.jdbc.driver.T4CTTIoer.processError(T4CTTIoer.java:440)
	at oracle.jdbc.driver.T4CTTIoer.processError(T4CTTIoer.java:396)
	at oracle.jdbc.driver.T4C8Oall.processError(T4C8Oall.java:837)
	at oracle.jdbc.driver.T4CTTIfun.receive(T4CTTIfun.java:445)
	at oracle.jdbc.driver.T4CTTIfun.doRPC(T4CTTIfun.java:191)
	at oracle.jdbc.driver.T4C8Oall.doOALL(T4C8Oall.java:523)
	at oracle.jdbc.driver.T4CStatement.doOall8(T4CStatement.java:193)
	at oracle.jdbc.driver.T4CStatement.executeForDescribe(T4CStatement.java:848)
	at oracle.jdbc.driver.OracleStatement.executeMaybeDescribe(OracleStatement.java:1153)
	at oracle.jdbc.driver.OracleStatement.doExecuteWithTimeout(OracleStatement.java:1275)
	at oracle.jdbc.driver.OracleStatement.executeInternal(OracleStatement.java:1890)
	at oracle.jdbc.driver.OracleStatement.execute(OracleStatement.java:1855)
	at oracle.jdbc.driver.OracleStatementWrapper.execute(OracleStatementWrapper.java:304)
	at org.jkiss.dbeaver.model.impl.jdbc.exec.JDBCStatementImpl.execute(JDBCStatementImpl.java:344)
	at org.jkiss.dbeaver.model.impl.jdbc.exec.JDBCStatementImpl.executeStatement(JDBCStatementImpl.java:128)
	... 12 more
2025-07-21 10:00:43.529 - Error binding callable statement parameters from metadata: Unsupported feature
2025-07-21 10:00:43.529 - Error obtaining output parameters from metadata: Unsupported feature
2025-07-21 10:00:43.529 - Can't obtain procedure metadata nor jdbc metadata
2025-07-21 10:12:48.662 - SQL Error [936] [42000]: ORA-00936: missing expression

org.jkiss.dbeaver.model.sql.DBSQLException: SQL Error [936] [42000]: ORA-00936: missing expression

	at org.jkiss.dbeaver.model.impl.jdbc.exec.JDBCStatementImpl.executeStatement(JDBCStatementImpl.java:130)
	at org.jkiss.dbeaver.ui.editors.sql.execute.SQLQueryJob.executeStatement(SQLQueryJob.java:657)
	at org.jkiss.dbeaver.ui.editors.sql.execute.SQLQueryJob.lambda$2(SQLQueryJob.java:550)
	at org.jkiss.dbeaver.model.exec.DBExecUtils.tryExecuteRecover(DBExecUtils.java:189)
	at org.jkiss.dbeaver.ui.editors.sql.execute.SQLQueryJob.executeSingleQuery(SQLQueryJob.java:569)
	at org.jkiss.dbeaver.ui.editors.sql.execute.SQLQueryJob.extractData(SQLQueryJob.java:1043)
	at org.jkiss.dbeaver.ui.editors.sql.SQLEditor$QueryResultsContainer.readData(SQLEditor.java:4495)
	at org.jkiss.dbeaver.ui.controls.resultset.ResultSetJobDataRead.lambda$0(ResultSetJobDataRead.java:128)
	at org.jkiss.dbeaver.model.exec.DBExecUtils.tryExecuteRecover(DBExecUtils.java:189)
	at org.jkiss.dbeaver.ui.controls.resultset.ResultSetJobDataRead.run(ResultSetJobDataRead.java:126)
	at org.jkiss.dbeaver.ui.controls.resultset.ResultSetViewer$ResultSetDataPumpJob.run(ResultSetViewer.java:5146)
	at org.jkiss.dbeaver.model.runtime.AbstractJob.run(AbstractJob.java:119)
	at org.eclipse.core.internal.jobs.Worker.run(Worker.java:63)
Caused by: java.sql.SQLSyntaxErrorException: ORA-00936: missing expression

	at oracle.jdbc.driver.T4CTTIoer.processError(T4CTTIoer.java:440)
	at oracle.jdbc.driver.T4CTTIoer.processError(T4CTTIoer.java:396)
	at oracle.jdbc.driver.T4C8Oall.processError(T4C8Oall.java:837)
	at oracle.jdbc.driver.T4CTTIfun.receive(T4CTTIfun.java:445)
	at oracle.jdbc.driver.T4CTTIfun.doRPC(T4CTTIfun.java:191)
	at oracle.jdbc.driver.T4C8Oall.doOALL(T4C8Oall.java:523)
	at oracle.jdbc.driver.T4CStatement.doOall8(T4CStatement.java:193)
	at oracle.jdbc.driver.T4CStatement.executeForDescribe(T4CStatement.java:848)
	at oracle.jdbc.driver.OracleStatement.executeMaybeDescribe(OracleStatement.java:1153)
	at oracle.jdbc.driver.OracleStatement.doExecuteWithTimeout(OracleStatement.java:1275)
	at oracle.jdbc.driver.OracleStatement.executeInternal(OracleStatement.java:1890)
	at oracle.jdbc.driver.OracleStatement.execute(OracleStatement.java:1855)
	at oracle.jdbc.driver.OracleStatementWrapper.execute(OracleStatementWrapper.java:304)
	at org.jkiss.dbeaver.model.impl.jdbc.exec.JDBCStatementImpl.execute(JDBCStatementImpl.java:344)
	at org.jkiss.dbeaver.model.impl.jdbc.exec.JDBCStatementImpl.executeStatement(JDBCStatementImpl.java:128)
	... 12 more
2025-07-21 10:12:48.723 - Error binding callable statement parameters from metadata: Unsupported feature
2025-07-21 10:12:48.723 - Error obtaining output parameters from metadata: Unsupported feature
2025-07-21 10:12:48.723 - Can't obtain procedure metadata nor jdbc metadata
2025-07-21 10:13:06.517 - SQL Error [923] [42000]: ORA-00923: FROM keyword not found where expected

org.jkiss.dbeaver.model.sql.DBSQLException: SQL Error [923] [42000]: ORA-00923: FROM keyword not found where expected

	at org.jkiss.dbeaver.model.impl.jdbc.exec.JDBCStatementImpl.executeStatement(JDBCStatementImpl.java:130)
	at org.jkiss.dbeaver.ui.editors.sql.execute.SQLQueryJob.executeStatement(SQLQueryJob.java:657)
	at org.jkiss.dbeaver.ui.editors.sql.execute.SQLQueryJob.lambda$2(SQLQueryJob.java:550)
	at org.jkiss.dbeaver.model.exec.DBExecUtils.tryExecuteRecover(DBExecUtils.java:189)
	at org.jkiss.dbeaver.ui.editors.sql.execute.SQLQueryJob.executeSingleQuery(SQLQueryJob.java:569)
	at org.jkiss.dbeaver.ui.editors.sql.execute.SQLQueryJob.extractData(SQLQueryJob.java:1043)
	at org.jkiss.dbeaver.ui.editors.sql.SQLEditor$QueryResultsContainer.readData(SQLEditor.java:4495)
	at org.jkiss.dbeaver.ui.controls.resultset.ResultSetJobDataRead.lambda$0(ResultSetJobDataRead.java:128)
	at org.jkiss.dbeaver.model.exec.DBExecUtils.tryExecuteRecover(DBExecUtils.java:189)
	at org.jkiss.dbeaver.ui.controls.resultset.ResultSetJobDataRead.run(ResultSetJobDataRead.java:126)
	at org.jkiss.dbeaver.ui.controls.resultset.ResultSetViewer$ResultSetDataPumpJob.run(ResultSetViewer.java:5146)
	at org.jkiss.dbeaver.model.runtime.AbstractJob.run(AbstractJob.java:119)
	at org.eclipse.core.internal.jobs.Worker.run(Worker.java:63)
Caused by: java.sql.SQLSyntaxErrorException: ORA-00923: FROM keyword not found where expected

	at oracle.jdbc.driver.T4CTTIoer.processError(T4CTTIoer.java:440)
	at oracle.jdbc.driver.T4CTTIoer.processError(T4CTTIoer.java:396)
	at oracle.jdbc.driver.T4C8Oall.processError(T4C8Oall.java:837)
	at oracle.jdbc.driver.T4CTTIfun.receive(T4CTTIfun.java:445)
	at oracle.jdbc.driver.T4CTTIfun.doRPC(T4CTTIfun.java:191)
	at oracle.jdbc.driver.T4C8Oall.doOALL(T4C8Oall.java:523)
	at oracle.jdbc.driver.T4CStatement.doOall8(T4CStatement.java:193)
	at oracle.jdbc.driver.T4CStatement.executeForDescribe(T4CStatement.java:848)
	at oracle.jdbc.driver.OracleStatement.executeMaybeDescribe(OracleStatement.java:1153)
	at oracle.jdbc.driver.OracleStatement.doExecuteWithTimeout(OracleStatement.java:1275)
	at oracle.jdbc.driver.OracleStatement.executeInternal(OracleStatement.java:1890)
	at oracle.jdbc.driver.OracleStatement.execute(OracleStatement.java:1855)
	at oracle.jdbc.driver.OracleStatementWrapper.execute(OracleStatementWrapper.java:304)
	at org.jkiss.dbeaver.model.impl.jdbc.exec.JDBCStatementImpl.execute(JDBCStatementImpl.java:344)
	at org.jkiss.dbeaver.model.impl.jdbc.exec.JDBCStatementImpl.executeStatement(JDBCStatementImpl.java:128)
	... 12 more
2025-07-21 10:13:06.585 - Error binding callable statement parameters from metadata: Unsupported feature
2025-07-21 10:13:06.585 - Error obtaining output parameters from metadata: Unsupported feature
2025-07-21 10:13:06.585 - Can't obtain procedure metadata nor jdbc metadata
2025-07-21 10:13:12.737 - SQL Error [907] [42000]: ORA-00907: missing right parenthesis

org.jkiss.dbeaver.model.sql.DBSQLException: SQL Error [907] [42000]: ORA-00907: missing right parenthesis

	at org.jkiss.dbeaver.model.impl.jdbc.exec.JDBCStatementImpl.executeStatement(JDBCStatementImpl.java:130)
	at org.jkiss.dbeaver.ui.editors.sql.execute.SQLQueryJob.executeStatement(SQLQueryJob.java:657)
	at org.jkiss.dbeaver.ui.editors.sql.execute.SQLQueryJob.lambda$2(SQLQueryJob.java:550)
	at org.jkiss.dbeaver.model.exec.DBExecUtils.tryExecuteRecover(DBExecUtils.java:189)
	at org.jkiss.dbeaver.ui.editors.sql.execute.SQLQueryJob.executeSingleQuery(SQLQueryJob.java:569)
	at org.jkiss.dbeaver.ui.editors.sql.execute.SQLQueryJob.extractData(SQLQueryJob.java:1043)
	at org.jkiss.dbeaver.ui.editors.sql.SQLEditor$QueryResultsContainer.readData(SQLEditor.java:4495)
	at org.jkiss.dbeaver.ui.controls.resultset.ResultSetJobDataRead.lambda$0(ResultSetJobDataRead.java:128)
	at org.jkiss.dbeaver.model.exec.DBExecUtils.tryExecuteRecover(DBExecUtils.java:189)
	at org.jkiss.dbeaver.ui.controls.resultset.ResultSetJobDataRead.run(ResultSetJobDataRead.java:126)
	at org.jkiss.dbeaver.ui.controls.resultset.ResultSetViewer$ResultSetDataPumpJob.run(ResultSetViewer.java:5146)
	at org.jkiss.dbeaver.model.runtime.AbstractJob.run(AbstractJob.java:119)
	at org.eclipse.core.internal.jobs.Worker.run(Worker.java:63)
Caused by: java.sql.SQLSyntaxErrorException: ORA-00907: missing right parenthesis

	at oracle.jdbc.driver.T4CTTIoer.processError(T4CTTIoer.java:440)
	at oracle.jdbc.driver.T4CTTIoer.processError(T4CTTIoer.java:396)
	at oracle.jdbc.driver.T4C8Oall.processError(T4C8Oall.java:837)
	at oracle.jdbc.driver.T4CTTIfun.receive(T4CTTIfun.java:445)
	at oracle.jdbc.driver.T4CTTIfun.doRPC(T4CTTIfun.java:191)
	at oracle.jdbc.driver.T4C8Oall.doOALL(T4C8Oall.java:523)
	at oracle.jdbc.driver.T4CStatement.doOall8(T4CStatement.java:193)
	at oracle.jdbc.driver.T4CStatement.executeForDescribe(T4CStatement.java:848)
	at oracle.jdbc.driver.OracleStatement.executeMaybeDescribe(OracleStatement.java:1153)
	at oracle.jdbc.driver.OracleStatement.doExecuteWithTimeout(OracleStatement.java:1275)
	at oracle.jdbc.driver.OracleStatement.executeInternal(OracleStatement.java:1890)
	at oracle.jdbc.driver.OracleStatement.execute(OracleStatement.java:1855)
	at oracle.jdbc.driver.OracleStatementWrapper.execute(OracleStatementWrapper.java:304)
	at org.jkiss.dbeaver.model.impl.jdbc.exec.JDBCStatementImpl.execute(JDBCStatementImpl.java:344)
	at org.jkiss.dbeaver.model.impl.jdbc.exec.JDBCStatementImpl.executeStatement(JDBCStatementImpl.java:128)
	... 12 more
2025-07-21 10:13:12.797 - Error binding callable statement parameters from metadata: Unsupported feature
2025-07-21 10:13:12.797 - Error obtaining output parameters from metadata: Unsupported feature
2025-07-21 10:13:12.797 - Can't obtain procedure metadata nor jdbc metadata
2025-07-21 10:14:11.442 - SQL Error [933] [42000]: ORA-00933: SQL command not properly ended

org.jkiss.dbeaver.model.sql.DBSQLException: SQL Error [933] [42000]: ORA-00933: SQL command not properly ended

	at org.jkiss.dbeaver.model.impl.jdbc.exec.JDBCStatementImpl.executeStatement(JDBCStatementImpl.java:130)
	at org.jkiss.dbeaver.ui.editors.sql.execute.SQLQueryJob.executeStatement(SQLQueryJob.java:657)
	at org.jkiss.dbeaver.ui.editors.sql.execute.SQLQueryJob.lambda$2(SQLQueryJob.java:550)
	at org.jkiss.dbeaver.model.exec.DBExecUtils.tryExecuteRecover(DBExecUtils.java:189)
	at org.jkiss.dbeaver.ui.editors.sql.execute.SQLQueryJob.executeSingleQuery(SQLQueryJob.java:569)
	at org.jkiss.dbeaver.ui.editors.sql.execute.SQLQueryJob.extractData(SQLQueryJob.java:1043)
	at org.jkiss.dbeaver.ui.editors.sql.SQLEditor$QueryResultsContainer.readData(SQLEditor.java:4495)
	at org.jkiss.dbeaver.ui.controls.resultset.ResultSetJobDataRead.lambda$0(ResultSetJobDataRead.java:128)
	at org.jkiss.dbeaver.model.exec.DBExecUtils.tryExecuteRecover(DBExecUtils.java:189)
	at org.jkiss.dbeaver.ui.controls.resultset.ResultSetJobDataRead.run(ResultSetJobDataRead.java:126)
	at org.jkiss.dbeaver.ui.controls.resultset.ResultSetViewer$ResultSetDataPumpJob.run(ResultSetViewer.java:5146)
	at org.jkiss.dbeaver.model.runtime.AbstractJob.run(AbstractJob.java:119)
	at org.eclipse.core.internal.jobs.Worker.run(Worker.java:63)
Caused by: java.sql.SQLSyntaxErrorException: ORA-00933: SQL command not properly ended

	at oracle.jdbc.driver.T4CTTIoer.processError(T4CTTIoer.java:440)
	at oracle.jdbc.driver.T4CTTIoer.processError(T4CTTIoer.java:396)
	at oracle.jdbc.driver.T4C8Oall.processError(T4C8Oall.java:837)
	at oracle.jdbc.driver.T4CTTIfun.receive(T4CTTIfun.java:445)
	at oracle.jdbc.driver.T4CTTIfun.doRPC(T4CTTIfun.java:191)
	at oracle.jdbc.driver.T4C8Oall.doOALL(T4C8Oall.java:523)
	at oracle.jdbc.driver.T4CStatement.doOall8(T4CStatement.java:193)
	at oracle.jdbc.driver.T4CStatement.executeForDescribe(T4CStatement.java:848)
	at oracle.jdbc.driver.OracleStatement.executeMaybeDescribe(OracleStatement.java:1153)
	at oracle.jdbc.driver.OracleStatement.doExecuteWithTimeout(OracleStatement.java:1275)
	at oracle.jdbc.driver.OracleStatement.executeInternal(OracleStatement.java:1890)
	at oracle.jdbc.driver.OracleStatement.execute(OracleStatement.java:1855)
	at oracle.jdbc.driver.OracleStatementWrapper.execute(OracleStatementWrapper.java:304)
	at org.jkiss.dbeaver.model.impl.jdbc.exec.JDBCStatementImpl.execute(JDBCStatementImpl.java:344)
	at org.jkiss.dbeaver.model.impl.jdbc.exec.JDBCStatementImpl.executeStatement(JDBCStatementImpl.java:128)
	... 12 more
2025-07-21 10:14:11.497 - Error binding callable statement parameters from metadata: Unsupported feature
2025-07-21 10:14:11.497 - Error obtaining output parameters from metadata: Unsupported feature
2025-07-21 10:14:11.497 - Can't obtain procedure metadata nor jdbc metadata
2025-07-21 10:14:13.530 - SQL Error [933] [42000]: ORA-00933: SQL command not properly ended

org.jkiss.dbeaver.model.sql.DBSQLException: SQL Error [933] [42000]: ORA-00933: SQL command not properly ended

	at org.jkiss.dbeaver.model.impl.jdbc.exec.JDBCStatementImpl.executeStatement(JDBCStatementImpl.java:130)
	at org.jkiss.dbeaver.ui.editors.sql.execute.SQLQueryJob.executeStatement(SQLQueryJob.java:657)
	at org.jkiss.dbeaver.ui.editors.sql.execute.SQLQueryJob.lambda$2(SQLQueryJob.java:550)
	at org.jkiss.dbeaver.model.exec.DBExecUtils.tryExecuteRecover(DBExecUtils.java:189)
	at org.jkiss.dbeaver.ui.editors.sql.execute.SQLQueryJob.executeSingleQuery(SQLQueryJob.java:569)
	at org.jkiss.dbeaver.ui.editors.sql.execute.SQLQueryJob.extractData(SQLQueryJob.java:1043)
	at org.jkiss.dbeaver.ui.editors.sql.SQLEditor$QueryResultsContainer.readData(SQLEditor.java:4495)
	at org.jkiss.dbeaver.ui.controls.resultset.ResultSetJobDataRead.lambda$0(ResultSetJobDataRead.java:128)
	at org.jkiss.dbeaver.model.exec.DBExecUtils.tryExecuteRecover(DBExecUtils.java:189)
	at org.jkiss.dbeaver.ui.controls.resultset.ResultSetJobDataRead.run(ResultSetJobDataRead.java:126)
	at org.jkiss.dbeaver.ui.controls.resultset.ResultSetViewer$ResultSetDataPumpJob.run(ResultSetViewer.java:5146)
	at org.jkiss.dbeaver.model.runtime.AbstractJob.run(AbstractJob.java:119)
	at org.eclipse.core.internal.jobs.Worker.run(Worker.java:63)
Caused by: java.sql.SQLSyntaxErrorException: ORA-00933: SQL command not properly ended

	at oracle.jdbc.driver.T4CTTIoer.processError(T4CTTIoer.java:440)
	at oracle.jdbc.driver.T4CTTIoer.processError(T4CTTIoer.java:396)
	at oracle.jdbc.driver.T4C8Oall.processError(T4C8Oall.java:837)
	at oracle.jdbc.driver.T4CTTIfun.receive(T4CTTIfun.java:445)
	at oracle.jdbc.driver.T4CTTIfun.doRPC(T4CTTIfun.java:191)
	at oracle.jdbc.driver.T4C8Oall.doOALL(T4C8Oall.java:523)
	at oracle.jdbc.driver.T4CStatement.doOall8(T4CStatement.java:193)
	at oracle.jdbc.driver.T4CStatement.executeForDescribe(T4CStatement.java:848)
	at oracle.jdbc.driver.OracleStatement.executeMaybeDescribe(OracleStatement.java:1153)
	at oracle.jdbc.driver.OracleStatement.doExecuteWithTimeout(OracleStatement.java:1275)
	at oracle.jdbc.driver.OracleStatement.executeInternal(OracleStatement.java:1890)
	at oracle.jdbc.driver.OracleStatement.execute(OracleStatement.java:1855)
	at oracle.jdbc.driver.OracleStatementWrapper.execute(OracleStatementWrapper.java:304)
	at org.jkiss.dbeaver.model.impl.jdbc.exec.JDBCStatementImpl.execute(JDBCStatementImpl.java:344)
	at org.jkiss.dbeaver.model.impl.jdbc.exec.JDBCStatementImpl.executeStatement(JDBCStatementImpl.java:128)
	... 12 more
2025-07-21 10:14:13.583 - Error binding callable statement parameters from metadata: Unsupported feature
2025-07-21 10:14:13.583 - Error obtaining output parameters from metadata: Unsupported feature
2025-07-21 10:14:13.583 - Can't obtain procedure metadata nor jdbc metadata
2025-07-21 10:14:26.500 - Connect with 'XE' (oracle_thin-1981ba823a3-4b0df236f72f4a0b)
2025-07-21 10:14:26.501 - Execution context opened (XE; Main; 6)
2025-07-21 10:14:26.519 - Execution context opened (XE; Metadata; 7)
2025-07-21 10:14:26.530 - Connected (oracle_thin-1981ba823a3-4b0df236f72f4a0b, Oracle JDBC driver [11.2.0.2.0])
2025-07-21 10:14:27.555 - Listener org.jkiss.dbeaver.ui.editors.DatabaseEditorListener@735a1b32 wasn't registered in model
2025-07-21 10:15:13.687 - SQL Error [933] [42000]: ORA-00933: SQL command not properly ended

org.jkiss.dbeaver.model.sql.DBSQLException: SQL Error [933] [42000]: ORA-00933: SQL command not properly ended

	at org.jkiss.dbeaver.model.impl.jdbc.exec.JDBCStatementImpl.executeStatement(JDBCStatementImpl.java:130)
	at org.jkiss.dbeaver.ui.editors.sql.execute.SQLQueryJob.executeStatement(SQLQueryJob.java:657)
	at org.jkiss.dbeaver.ui.editors.sql.execute.SQLQueryJob.lambda$2(SQLQueryJob.java:550)
	at org.jkiss.dbeaver.model.exec.DBExecUtils.tryExecuteRecover(DBExecUtils.java:189)
	at org.jkiss.dbeaver.ui.editors.sql.execute.SQLQueryJob.executeSingleQuery(SQLQueryJob.java:569)
	at org.jkiss.dbeaver.ui.editors.sql.execute.SQLQueryJob.extractData(SQLQueryJob.java:1043)
	at org.jkiss.dbeaver.ui.editors.sql.SQLEditor$QueryResultsContainer.readData(SQLEditor.java:4495)
	at org.jkiss.dbeaver.ui.controls.resultset.ResultSetJobDataRead.lambda$0(ResultSetJobDataRead.java:128)
	at org.jkiss.dbeaver.model.exec.DBExecUtils.tryExecuteRecover(DBExecUtils.java:189)
	at org.jkiss.dbeaver.ui.controls.resultset.ResultSetJobDataRead.run(ResultSetJobDataRead.java:126)
	at org.jkiss.dbeaver.ui.controls.resultset.ResultSetViewer$ResultSetDataPumpJob.run(ResultSetViewer.java:5146)
	at org.jkiss.dbeaver.model.runtime.AbstractJob.run(AbstractJob.java:119)
	at org.eclipse.core.internal.jobs.Worker.run(Worker.java:63)
Caused by: java.sql.SQLSyntaxErrorException: ORA-00933: SQL command not properly ended

	at oracle.jdbc.driver.T4CTTIoer.processError(T4CTTIoer.java:440)
	at oracle.jdbc.driver.T4CTTIoer.processError(T4CTTIoer.java:396)
	at oracle.jdbc.driver.T4C8Oall.processError(T4C8Oall.java:837)
	at oracle.jdbc.driver.T4CTTIfun.receive(T4CTTIfun.java:445)
	at oracle.jdbc.driver.T4CTTIfun.doRPC(T4CTTIfun.java:191)
	at oracle.jdbc.driver.T4C8Oall.doOALL(T4C8Oall.java:523)
	at oracle.jdbc.driver.T4CStatement.doOall8(T4CStatement.java:193)
	at oracle.jdbc.driver.T4CStatement.executeForDescribe(T4CStatement.java:848)
	at oracle.jdbc.driver.OracleStatement.executeMaybeDescribe(OracleStatement.java:1153)
	at oracle.jdbc.driver.OracleStatement.doExecuteWithTimeout(OracleStatement.java:1275)
	at oracle.jdbc.driver.OracleStatement.executeInternal(OracleStatement.java:1890)
	at oracle.jdbc.driver.OracleStatement.execute(OracleStatement.java:1855)
	at oracle.jdbc.driver.OracleStatementWrapper.execute(OracleStatementWrapper.java:304)
	at org.jkiss.dbeaver.model.impl.jdbc.exec.JDBCStatementImpl.execute(JDBCStatementImpl.java:344)
	at org.jkiss.dbeaver.model.impl.jdbc.exec.JDBCStatementImpl.executeStatement(JDBCStatementImpl.java:128)
	... 12 more
2025-07-21 10:15:13.745 - Error binding callable statement parameters from metadata: Unsupported feature
2025-07-21 10:15:13.745 - Error obtaining output parameters from metadata: Unsupported feature
2025-07-21 10:15:13.745 - Can't obtain procedure metadata nor jdbc metadata
2025-07-21 10:15:18.771 - SQL Error [933] [42000]: ORA-00933: SQL command not properly ended

org.jkiss.dbeaver.model.sql.DBSQLException: SQL Error [933] [42000]: ORA-00933: SQL command not properly ended

	at org.jkiss.dbeaver.model.impl.jdbc.exec.JDBCStatementImpl.executeStatement(JDBCStatementImpl.java:130)
	at org.jkiss.dbeaver.ui.editors.sql.execute.SQLQueryJob.executeStatement(SQLQueryJob.java:657)
	at org.jkiss.dbeaver.ui.editors.sql.execute.SQLQueryJob.lambda$2(SQLQueryJob.java:550)
	at org.jkiss.dbeaver.model.exec.DBExecUtils.tryExecuteRecover(DBExecUtils.java:189)
	at org.jkiss.dbeaver.ui.editors.sql.execute.SQLQueryJob.executeSingleQuery(SQLQueryJob.java:569)
	at org.jkiss.dbeaver.ui.editors.sql.execute.SQLQueryJob.extractData(SQLQueryJob.java:1043)
	at org.jkiss.dbeaver.ui.editors.sql.SQLEditor$QueryResultsContainer.readData(SQLEditor.java:4495)
	at org.jkiss.dbeaver.ui.controls.resultset.ResultSetJobDataRead.lambda$0(ResultSetJobDataRead.java:128)
	at org.jkiss.dbeaver.model.exec.DBExecUtils.tryExecuteRecover(DBExecUtils.java:189)
	at org.jkiss.dbeaver.ui.controls.resultset.ResultSetJobDataRead.run(ResultSetJobDataRead.java:126)
	at org.jkiss.dbeaver.ui.controls.resultset.ResultSetViewer$ResultSetDataPumpJob.run(ResultSetViewer.java:5146)
	at org.jkiss.dbeaver.model.runtime.AbstractJob.run(AbstractJob.java:119)
	at org.eclipse.core.internal.jobs.Worker.run(Worker.java:63)
Caused by: java.sql.SQLSyntaxErrorException: ORA-00933: SQL command not properly ended

	at oracle.jdbc.driver.T4CTTIoer.processError(T4CTTIoer.java:440)
	at oracle.jdbc.driver.T4CTTIoer.processError(T4CTTIoer.java:396)
	at oracle.jdbc.driver.T4C8Oall.processError(T4C8Oall.java:837)
	at oracle.jdbc.driver.T4CTTIfun.receive(T4CTTIfun.java:445)
	at oracle.jdbc.driver.T4CTTIfun.doRPC(T4CTTIfun.java:191)
	at oracle.jdbc.driver.T4C8Oall.doOALL(T4C8Oall.java:523)
	at oracle.jdbc.driver.T4CStatement.doOall8(T4CStatement.java:193)
	at oracle.jdbc.driver.T4CStatement.executeForDescribe(T4CStatement.java:848)
	at oracle.jdbc.driver.OracleStatement.executeMaybeDescribe(OracleStatement.java:1153)
	at oracle.jdbc.driver.OracleStatement.doExecuteWithTimeout(OracleStatement.java:1275)
	at oracle.jdbc.driver.OracleStatement.executeInternal(OracleStatement.java:1890)
	at oracle.jdbc.driver.OracleStatement.execute(OracleStatement.java:1855)
	at oracle.jdbc.driver.OracleStatementWrapper.execute(OracleStatementWrapper.java:304)
	at org.jkiss.dbeaver.model.impl.jdbc.exec.JDBCStatementImpl.execute(JDBCStatementImpl.java:344)
	at org.jkiss.dbeaver.model.impl.jdbc.exec.JDBCStatementImpl.executeStatement(JDBCStatementImpl.java:128)
	... 12 more
2025-07-21 10:15:18.827 - Error binding callable statement parameters from metadata: Unsupported feature
2025-07-21 10:15:18.827 - Error obtaining output parameters from metadata: Unsupported feature
2025-07-21 10:15:18.827 - Can't obtain procedure metadata nor jdbc metadata
2025-07-21 10:16:35.408 - SQL Error [933] [42000]: ORA-00933: SQL command not properly ended

org.jkiss.dbeaver.model.sql.DBSQLException: SQL Error [933] [42000]: ORA-00933: SQL command not properly ended

	at org.jkiss.dbeaver.model.impl.jdbc.exec.JDBCStatementImpl.executeStatement(JDBCStatementImpl.java:130)
	at org.jkiss.dbeaver.ui.editors.sql.execute.SQLQueryJob.executeStatement(SQLQueryJob.java:657)
	at org.jkiss.dbeaver.ui.editors.sql.execute.SQLQueryJob.lambda$2(SQLQueryJob.java:550)
	at org.jkiss.dbeaver.model.exec.DBExecUtils.tryExecuteRecover(DBExecUtils.java:189)
	at org.jkiss.dbeaver.ui.editors.sql.execute.SQLQueryJob.executeSingleQuery(SQLQueryJob.java:569)
	at org.jkiss.dbeaver.ui.editors.sql.execute.SQLQueryJob.extractData(SQLQueryJob.java:1043)
	at org.jkiss.dbeaver.ui.editors.sql.SQLEditor$QueryResultsContainer.readData(SQLEditor.java:4495)
	at org.jkiss.dbeaver.ui.controls.resultset.ResultSetJobDataRead.lambda$0(ResultSetJobDataRead.java:128)
	at org.jkiss.dbeaver.model.exec.DBExecUtils.tryExecuteRecover(DBExecUtils.java:189)
	at org.jkiss.dbeaver.ui.controls.resultset.ResultSetJobDataRead.run(ResultSetJobDataRead.java:126)
	at org.jkiss.dbeaver.ui.controls.resultset.ResultSetViewer$ResultSetDataPumpJob.run(ResultSetViewer.java:5146)
	at org.jkiss.dbeaver.model.runtime.AbstractJob.run(AbstractJob.java:119)
	at org.eclipse.core.internal.jobs.Worker.run(Worker.java:63)
Caused by: java.sql.SQLSyntaxErrorException: ORA-00933: SQL command not properly ended

	at oracle.jdbc.driver.T4CTTIoer.processError(T4CTTIoer.java:440)
	at oracle.jdbc.driver.T4CTTIoer.processError(T4CTTIoer.java:396)
	at oracle.jdbc.driver.T4C8Oall.processError(T4C8Oall.java:837)
	at oracle.jdbc.driver.T4CTTIfun.receive(T4CTTIfun.java:445)
	at oracle.jdbc.driver.T4CTTIfun.doRPC(T4CTTIfun.java:191)
	at oracle.jdbc.driver.T4C8Oall.doOALL(T4C8Oall.java:523)
	at oracle.jdbc.driver.T4CStatement.doOall8(T4CStatement.java:193)
	at oracle.jdbc.driver.T4CStatement.executeForDescribe(T4CStatement.java:848)
	at oracle.jdbc.driver.OracleStatement.executeMaybeDescribe(OracleStatement.java:1153)
	at oracle.jdbc.driver.OracleStatement.doExecuteWithTimeout(OracleStatement.java:1275)
	at oracle.jdbc.driver.OracleStatement.executeInternal(OracleStatement.java:1890)
	at oracle.jdbc.driver.OracleStatement.execute(OracleStatement.java:1855)
	at oracle.jdbc.driver.OracleStatementWrapper.execute(OracleStatementWrapper.java:304)
	at org.jkiss.dbeaver.model.impl.jdbc.exec.JDBCStatementImpl.execute(JDBCStatementImpl.java:344)
	at org.jkiss.dbeaver.model.impl.jdbc.exec.JDBCStatementImpl.executeStatement(JDBCStatementImpl.java:128)
	... 12 more
2025-07-21 10:16:35.465 - Error binding callable statement parameters from metadata: Unsupported feature
2025-07-21 10:16:35.465 - Error obtaining output parameters from metadata: Unsupported feature
2025-07-21 10:16:35.465 - Can't obtain procedure metadata nor jdbc metadata
2025-07-21 10:18:15.990 - SQL Error [1747] [42000]: ORA-01747: invalid user.table.column, table.column, or column specification

org.jkiss.dbeaver.model.sql.DBSQLException: SQL Error [1747] [42000]: ORA-01747: invalid user.table.column, table.column, or column specification

	at org.jkiss.dbeaver.model.impl.jdbc.exec.JDBCStatementImpl.executeStatement(JDBCStatementImpl.java:130)
	at org.jkiss.dbeaver.ui.editors.sql.execute.SQLQueryJob.executeStatement(SQLQueryJob.java:657)
	at org.jkiss.dbeaver.ui.editors.sql.execute.SQLQueryJob.lambda$2(SQLQueryJob.java:550)
	at org.jkiss.dbeaver.model.exec.DBExecUtils.tryExecuteRecover(DBExecUtils.java:189)
	at org.jkiss.dbeaver.ui.editors.sql.execute.SQLQueryJob.executeSingleQuery(SQLQueryJob.java:569)
	at org.jkiss.dbeaver.ui.editors.sql.execute.SQLQueryJob.extractData(SQLQueryJob.java:1043)
	at org.jkiss.dbeaver.ui.editors.sql.SQLEditor$QueryResultsContainer.readData(SQLEditor.java:4495)
	at org.jkiss.dbeaver.ui.controls.resultset.ResultSetJobDataRead.lambda$0(ResultSetJobDataRead.java:128)
	at org.jkiss.dbeaver.model.exec.DBExecUtils.tryExecuteRecover(DBExecUtils.java:189)
	at org.jkiss.dbeaver.ui.controls.resultset.ResultSetJobDataRead.run(ResultSetJobDataRead.java:126)
	at org.jkiss.dbeaver.ui.controls.resultset.ResultSetViewer$ResultSetDataPumpJob.run(ResultSetViewer.java:5146)
	at org.jkiss.dbeaver.model.runtime.AbstractJob.run(AbstractJob.java:119)
	at org.eclipse.core.internal.jobs.Worker.run(Worker.java:63)
Caused by: java.sql.SQLSyntaxErrorException: ORA-01747: invalid user.table.column, table.column, or column specification

	at oracle.jdbc.driver.T4CTTIoer.processError(T4CTTIoer.java:440)
	at oracle.jdbc.driver.T4CTTIoer.processError(T4CTTIoer.java:396)
	at oracle.jdbc.driver.T4C8Oall.processError(T4C8Oall.java:837)
	at oracle.jdbc.driver.T4CTTIfun.receive(T4CTTIfun.java:445)
	at oracle.jdbc.driver.T4CTTIfun.doRPC(T4CTTIfun.java:191)
	at oracle.jdbc.driver.T4C8Oall.doOALL(T4C8Oall.java:523)
	at oracle.jdbc.driver.T4CStatement.doOall8(T4CStatement.java:193)
	at oracle.jdbc.driver.T4CStatement.executeForRows(T4CStatement.java:999)
	at oracle.jdbc.driver.OracleStatement.doExecuteWithTimeout(OracleStatement.java:1315)
	at oracle.jdbc.driver.OracleStatement.executeInternal(OracleStatement.java:1890)
	at oracle.jdbc.driver.OracleStatement.execute(OracleStatement.java:1855)
	at oracle.jdbc.driver.OracleStatementWrapper.execute(OracleStatementWrapper.java:304)
	at org.jkiss.dbeaver.model.impl.jdbc.exec.JDBCStatementImpl.execute(JDBCStatementImpl.java:344)
	at org.jkiss.dbeaver.model.impl.jdbc.exec.JDBCStatementImpl.executeStatement(JDBCStatementImpl.java:128)
	... 12 more
2025-07-21 10:18:16.052 - Error binding callable statement parameters from metadata: Unsupported feature
2025-07-21 10:18:16.052 - Error obtaining output parameters from metadata: Unsupported feature
2025-07-21 10:18:16.052 - Can't obtain procedure metadata nor jdbc metadata
2025-07-21 10:19:01.006 - SQL Error [904] [42000]: ORA-00904: "포지션": invalid identifier

org.jkiss.dbeaver.model.sql.DBSQLException: SQL Error [904] [42000]: ORA-00904: "포지션": invalid identifier

	at org.jkiss.dbeaver.model.impl.jdbc.exec.JDBCStatementImpl.executeStatement(JDBCStatementImpl.java:130)
	at org.jkiss.dbeaver.ui.editors.sql.execute.SQLQueryJob.executeStatement(SQLQueryJob.java:657)
	at org.jkiss.dbeaver.ui.editors.sql.execute.SQLQueryJob.lambda$2(SQLQueryJob.java:550)
	at org.jkiss.dbeaver.ui.editors.sql.execute.SQLQueryJob.executeSingleQuery(SQLQueryJob.java:572)
	at org.jkiss.dbeaver.ui.editors.sql.execute.SQLQueryJob.extractData(SQLQueryJob.java:1043)
	at org.jkiss.dbeaver.ui.editors.sql.SQLEditor$QueryResultsContainer.readData(SQLEditor.java:4495)
	at org.jkiss.dbeaver.ui.controls.resultset.ResultSetJobDataRead.lambda$0(ResultSetJobDataRead.java:128)
	at org.jkiss.dbeaver.model.exec.DBExecUtils.tryExecuteRecover(DBExecUtils.java:189)
	at org.jkiss.dbeaver.ui.controls.resultset.ResultSetJobDataRead.run(ResultSetJobDataRead.java:126)
	at org.jkiss.dbeaver.ui.controls.resultset.ResultSetViewer$ResultSetDataPumpJob.run(ResultSetViewer.java:5146)
	at org.jkiss.dbeaver.model.runtime.AbstractJob.run(AbstractJob.java:119)
	at org.eclipse.core.internal.jobs.Worker.run(Worker.java:63)
Caused by: java.sql.SQLSyntaxErrorException: ORA-00904: "포지션": invalid identifier

	at oracle.jdbc.driver.T4CTTIoer.processError(T4CTTIoer.java:440)
	at oracle.jdbc.driver.T4CTTIoer.processError(T4CTTIoer.java:396)
	at oracle.jdbc.driver.T4C8Oall.processError(T4C8Oall.java:837)
	at oracle.jdbc.driver.T4CTTIfun.receive(T4CTTIfun.java:445)
	at oracle.jdbc.driver.T4CTTIfun.doRPC(T4CTTIfun.java:191)
	at oracle.jdbc.driver.T4C8Oall.doOALL(T4C8Oall.java:523)
	at oracle.jdbc.driver.T4CStatement.doOall8(T4CStatement.java:193)
	at oracle.jdbc.driver.T4CStatement.executeForRows(T4CStatement.java:999)
	at oracle.jdbc.driver.OracleStatement.doExecuteWithTimeout(OracleStatement.java:1315)
	at oracle.jdbc.driver.OracleStatement.executeInternal(OracleStatement.java:1890)
	at oracle.jdbc.driver.OracleStatement.execute(OracleStatement.java:1855)
	at oracle.jdbc.driver.OracleStatementWrapper.execute(OracleStatementWrapper.java:304)
	at org.jkiss.dbeaver.model.impl.jdbc.exec.JDBCStatementImpl.execute(JDBCStatementImpl.java:344)
	at org.jkiss.dbeaver.model.impl.jdbc.exec.JDBCStatementImpl.executeStatement(JDBCStatementImpl.java:128)
	... 11 more
2025-07-21 10:19:01.063 - Error binding callable statement parameters from metadata: Unsupported feature
2025-07-21 10:19:01.063 - Error obtaining output parameters from metadata: Unsupported feature
2025-07-21 10:19:01.063 - Can't obtain procedure metadata nor jdbc metadata
2025-07-21 10:19:03.677 - SQL Error [904] [42000]: ORA-00904: "포지션": invalid identifier

org.jkiss.dbeaver.model.sql.DBSQLException: SQL Error [904] [42000]: ORA-00904: "포지션": invalid identifier

	at org.jkiss.dbeaver.model.impl.jdbc.exec.JDBCStatementImpl.executeStatement(JDBCStatementImpl.java:130)
	at org.jkiss.dbeaver.ui.editors.sql.execute.SQLQueryJob.executeStatement(SQLQueryJob.java:657)
	at org.jkiss.dbeaver.ui.editors.sql.execute.SQLQueryJob.lambda$2(SQLQueryJob.java:550)
	at org.jkiss.dbeaver.ui.editors.sql.execute.SQLQueryJob.executeSingleQuery(SQLQueryJob.java:572)
	at org.jkiss.dbeaver.ui.editors.sql.execute.SQLQueryJob.extractData(SQLQueryJob.java:1043)
	at org.jkiss.dbeaver.ui.editors.sql.SQLEditor$QueryResultsContainer.readData(SQLEditor.java:4495)
	at org.jkiss.dbeaver.ui.controls.resultset.ResultSetJobDataRead.lambda$0(ResultSetJobDataRead.java:128)
	at org.jkiss.dbeaver.model.exec.DBExecUtils.tryExecuteRecover(DBExecUtils.java:189)
	at org.jkiss.dbeaver.ui.controls.resultset.ResultSetJobDataRead.run(ResultSetJobDataRead.java:126)
	at org.jkiss.dbeaver.ui.controls.resultset.ResultSetViewer$ResultSetDataPumpJob.run(ResultSetViewer.java:5146)
	at org.jkiss.dbeaver.model.runtime.AbstractJob.run(AbstractJob.java:119)
	at org.eclipse.core.internal.jobs.Worker.run(Worker.java:63)
Caused by: java.sql.SQLSyntaxErrorException: ORA-00904: "포지션": invalid identifier

	at oracle.jdbc.driver.T4CTTIoer.processError(T4CTTIoer.java:440)
	at oracle.jdbc.driver.T4CTTIoer.processError(T4CTTIoer.java:396)
	at oracle.jdbc.driver.T4C8Oall.processError(T4C8Oall.java:837)
	at oracle.jdbc.driver.T4CTTIfun.receive(T4CTTIfun.java:445)
	at oracle.jdbc.driver.T4CTTIfun.doRPC(T4CTTIfun.java:191)
	at oracle.jdbc.driver.T4C8Oall.doOALL(T4C8Oall.java:523)
	at oracle.jdbc.driver.T4CStatement.doOall8(T4CStatement.java:193)
	at oracle.jdbc.driver.T4CStatement.executeForRows(T4CStatement.java:999)
	at oracle.jdbc.driver.OracleStatement.doExecuteWithTimeout(OracleStatement.java:1315)
	at oracle.jdbc.driver.OracleStatement.executeInternal(OracleStatement.java:1890)
	at oracle.jdbc.driver.OracleStatement.execute(OracleStatement.java:1855)
	at oracle.jdbc.driver.OracleStatementWrapper.execute(OracleStatementWrapper.java:304)
	at org.jkiss.dbeaver.model.impl.jdbc.exec.JDBCStatementImpl.execute(JDBCStatementImpl.java:344)
	at org.jkiss.dbeaver.model.impl.jdbc.exec.JDBCStatementImpl.executeStatement(JDBCStatementImpl.java:128)
	... 11 more
2025-07-21 10:19:03.732 - Error binding callable statement parameters from metadata: Unsupported feature
2025-07-21 10:19:03.732 - Error obtaining output parameters from metadata: Unsupported feature
2025-07-21 10:19:03.732 - Can't obtain procedure metadata nor jdbc metadata
> Start DBeaver Data Transfer [org.jkiss.dbeaver.data.transfer 2.0.142.202507061449]
2025-07-21 10:19:58.790 - SQL Error [904] [42000]: ORA-00904: "미정": invalid identifier

org.jkiss.dbeaver.model.sql.DBSQLException: SQL Error [904] [42000]: ORA-00904: "미정": invalid identifier

	at org.jkiss.dbeaver.model.impl.jdbc.exec.JDBCStatementImpl.executeStatement(JDBCStatementImpl.java:130)
	at org.jkiss.dbeaver.ui.editors.sql.execute.SQLQueryJob.executeStatement(SQLQueryJob.java:657)
	at org.jkiss.dbeaver.ui.editors.sql.execute.SQLQueryJob.lambda$2(SQLQueryJob.java:550)
	at org.jkiss.dbeaver.ui.editors.sql.execute.SQLQueryJob.executeSingleQuery(SQLQueryJob.java:572)
	at org.jkiss.dbeaver.ui.editors.sql.execute.SQLQueryJob.extractData(SQLQueryJob.java:1043)
	at org.jkiss.dbeaver.ui.editors.sql.SQLEditor$QueryResultsContainer.readData(SQLEditor.java:4495)
	at org.jkiss.dbeaver.ui.controls.resultset.ResultSetJobDataRead.lambda$0(ResultSetJobDataRead.java:128)
	at org.jkiss.dbeaver.model.exec.DBExecUtils.tryExecuteRecover(DBExecUtils.java:189)
	at org.jkiss.dbeaver.ui.controls.resultset.ResultSetJobDataRead.run(ResultSetJobDataRead.java:126)
	at org.jkiss.dbeaver.ui.controls.resultset.ResultSetViewer$ResultSetDataPumpJob.run(ResultSetViewer.java:5146)
	at org.jkiss.dbeaver.model.runtime.AbstractJob.run(AbstractJob.java:119)
	at org.eclipse.core.internal.jobs.Worker.run(Worker.java:63)
Caused by: java.sql.SQLSyntaxErrorException: ORA-00904: "미정": invalid identifier

	at oracle.jdbc.driver.T4CTTIoer.processError(T4CTTIoer.java:440)
	at oracle.jdbc.driver.T4CTTIoer.processError(T4CTTIoer.java:396)
	at oracle.jdbc.driver.T4C8Oall.processError(T4C8Oall.java:837)
	at oracle.jdbc.driver.T4CTTIfun.receive(T4CTTIfun.java:445)
	at oracle.jdbc.driver.T4CTTIfun.doRPC(T4CTTIfun.java:191)
	at oracle.jdbc.driver.T4C8Oall.doOALL(T4C8Oall.java:523)
	at oracle.jdbc.driver.T4CStatement.doOall8(T4CStatement.java:193)
	at oracle.jdbc.driver.T4CStatement.executeForRows(T4CStatement.java:999)
	at oracle.jdbc.driver.OracleStatement.doExecuteWithTimeout(OracleStatement.java:1315)
	at oracle.jdbc.driver.OracleStatement.executeInternal(OracleStatement.java:1890)
	at oracle.jdbc.driver.OracleStatement.execute(OracleStatement.java:1855)
	at oracle.jdbc.driver.OracleStatementWrapper.execute(OracleStatementWrapper.java:304)
	at org.jkiss.dbeaver.model.impl.jdbc.exec.JDBCStatementImpl.execute(JDBCStatementImpl.java:344)
	at org.jkiss.dbeaver.model.impl.jdbc.exec.JDBCStatementImpl.executeStatement(JDBCStatementImpl.java:128)
	... 11 more
2025-07-21 10:19:58.857 - Error binding callable statement parameters from metadata: Unsupported feature
2025-07-21 10:19:58.857 - Error obtaining output parameters from metadata: Unsupported feature
2025-07-21 10:19:58.857 - Can't obtain procedure metadata nor jdbc metadata
2025-07-21 10:21:53.797 - Execution context opened (XE; SQLEditor <day07(조인).sql>; 8)
2025-07-21 10:22:10.645 - Execution context opened (XE; SQLEditor <day07(집합, view, 시퀀스).sql>; 9)
2025-07-21 10:22:40.848 - Execution context opened (XE 2; SQLEditor <Script.sql>; 10)
2025-07-21 10:22:55.621 - SQL Error [923] [42000]: ORA-00923: FROM keyword not found where expected

org.jkiss.dbeaver.model.sql.DBSQLException: SQL Error [923] [42000]: ORA-00923: FROM keyword not found where expected

	at org.jkiss.dbeaver.model.impl.jdbc.exec.JDBCStatementImpl.executeStatement(JDBCStatementImpl.java:130)
	at org.jkiss.dbeaver.ui.editors.sql.execute.SQLQueryJob.executeStatement(SQLQueryJob.java:657)
	at org.jkiss.dbeaver.ui.editors.sql.execute.SQLQueryJob.lambda$2(SQLQueryJob.java:550)
	at org.jkiss.dbeaver.model.exec.DBExecUtils.tryExecuteRecover(DBExecUtils.java:189)
	at org.jkiss.dbeaver.ui.editors.sql.execute.SQLQueryJob.executeSingleQuery(SQLQueryJob.java:569)
	at org.jkiss.dbeaver.ui.editors.sql.execute.SQLQueryJob.extractData(SQLQueryJob.java:1043)
	at org.jkiss.dbeaver.ui.editors.sql.SQLEditor$QueryResultsContainer.readData(SQLEditor.java:4495)
	at org.jkiss.dbeaver.ui.controls.resultset.ResultSetJobDataRead.lambda$0(ResultSetJobDataRead.java:128)
	at org.jkiss.dbeaver.model.exec.DBExecUtils.tryExecuteRecover(DBExecUtils.java:189)
	at org.jkiss.dbeaver.ui.controls.resultset.ResultSetJobDataRead.run(ResultSetJobDataRead.java:126)
	at org.jkiss.dbeaver.ui.controls.resultset.ResultSetViewer$ResultSetDataPumpJob.run(ResultSetViewer.java:5146)
	at org.jkiss.dbeaver.model.runtime.AbstractJob.run(AbstractJob.java:119)
	at org.eclipse.core.internal.jobs.Worker.run(Worker.java:63)
Caused by: java.sql.SQLSyntaxErrorException: ORA-00923: FROM keyword not found where expected

	at oracle.jdbc.driver.T4CTTIoer.processError(T4CTTIoer.java:440)
	at oracle.jdbc.driver.T4CTTIoer.processError(T4CTTIoer.java:396)
	at oracle.jdbc.driver.T4C8Oall.processError(T4C8Oall.java:837)
	at oracle.jdbc.driver.T4CTTIfun.receive(T4CTTIfun.java:445)
	at oracle.jdbc.driver.T4CTTIfun.doRPC(T4CTTIfun.java:191)
	at oracle.jdbc.driver.T4C8Oall.doOALL(T4C8Oall.java:523)
	at oracle.jdbc.driver.T4CStatement.doOall8(T4CStatement.java:193)
	at oracle.jdbc.driver.T4CStatement.executeForDescribe(T4CStatement.java:848)
	at oracle.jdbc.driver.OracleStatement.executeMaybeDescribe(OracleStatement.java:1153)
	at oracle.jdbc.driver.OracleStatement.doExecuteWithTimeout(OracleStatement.java:1275)
	at oracle.jdbc.driver.OracleStatement.executeInternal(OracleStatement.java:1890)
	at oracle.jdbc.driver.OracleStatement.execute(OracleStatement.java:1855)
	at oracle.jdbc.driver.OracleStatementWrapper.execute(OracleStatementWrapper.java:304)
	at org.jkiss.dbeaver.model.impl.jdbc.exec.JDBCStatementImpl.execute(JDBCStatementImpl.java:344)
	at org.jkiss.dbeaver.model.impl.jdbc.exec.JDBCStatementImpl.executeStatement(JDBCStatementImpl.java:128)
	... 12 more
2025-07-21 10:22:55.675 - Error binding callable statement parameters from metadata: Unsupported feature
2025-07-21 10:22:55.675 - Error obtaining output parameters from metadata: Unsupported feature
2025-07-21 10:22:55.675 - Can't obtain procedure metadata nor jdbc metadata
2025-07-21 10:23:04.490 - SQL Error [904] [42000]: ORA-00904: "POSITION": invalid identifier

org.jkiss.dbeaver.model.sql.DBSQLException: SQL Error [904] [42000]: ORA-00904: "POSITION": invalid identifier

	at org.jkiss.dbeaver.model.impl.jdbc.exec.JDBCStatementImpl.executeStatement(JDBCStatementImpl.java:130)
	at org.jkiss.dbeaver.ui.editors.sql.execute.SQLQueryJob.executeStatement(SQLQueryJob.java:657)
	at org.jkiss.dbeaver.ui.editors.sql.execute.SQLQueryJob.lambda$2(SQLQueryJob.java:550)
	at org.jkiss.dbeaver.model.exec.DBExecUtils.tryExecuteRecover(DBExecUtils.java:189)
	at org.jkiss.dbeaver.ui.editors.sql.execute.SQLQueryJob.executeSingleQuery(SQLQueryJob.java:569)
	at org.jkiss.dbeaver.ui.editors.sql.execute.SQLQueryJob.extractData(SQLQueryJob.java:1043)
	at org.jkiss.dbeaver.ui.editors.sql.SQLEditor$QueryResultsContainer.readData(SQLEditor.java:4495)
	at org.jkiss.dbeaver.ui.controls.resultset.ResultSetJobDataRead.lambda$0(ResultSetJobDataRead.java:128)
	at org.jkiss.dbeaver.model.exec.DBExecUtils.tryExecuteRecover(DBExecUtils.java:189)
	at org.jkiss.dbeaver.ui.controls.resultset.ResultSetJobDataRead.run(ResultSetJobDataRead.java:126)
	at org.jkiss.dbeaver.ui.controls.resultset.ResultSetViewer$ResultSetDataPumpJob.run(ResultSetViewer.java:5146)
	at org.jkiss.dbeaver.model.runtime.AbstractJob.run(AbstractJob.java:119)
	at org.eclipse.core.internal.jobs.Worker.run(Worker.java:63)
Caused by: java.sql.SQLSyntaxErrorException: ORA-00904: "POSITION": invalid identifier

	at oracle.jdbc.driver.T4CTTIoer.processError(T4CTTIoer.java:440)
	at oracle.jdbc.driver.T4CTTIoer.processError(T4CTTIoer.java:396)
	at oracle.jdbc.driver.T4C8Oall.processError(T4C8Oall.java:837)
	at oracle.jdbc.driver.T4CTTIfun.receive(T4CTTIfun.java:445)
	at oracle.jdbc.driver.T4CTTIfun.doRPC(T4CTTIfun.java:191)
	at oracle.jdbc.driver.T4C8Oall.doOALL(T4C8Oall.java:523)
	at oracle.jdbc.driver.T4CStatement.doOall8(T4CStatement.java:193)
	at oracle.jdbc.driver.T4CStatement.executeForDescribe(T4CStatement.java:848)
	at oracle.jdbc.driver.OracleStatement.executeMaybeDescribe(OracleStatement.java:1153)
	at oracle.jdbc.driver.OracleStatement.doExecuteWithTimeout(OracleStatement.java:1275)
	at oracle.jdbc.driver.OracleStatement.executeInternal(OracleStatement.java:1890)
	at oracle.jdbc.driver.OracleStatement.execute(OracleStatement.java:1855)
	at oracle.jdbc.driver.OracleStatementWrapper.execute(OracleStatementWrapper.java:304)
	at org.jkiss.dbeaver.model.impl.jdbc.exec.JDBCStatementImpl.execute(JDBCStatementImpl.java:344)
	at org.jkiss.dbeaver.model.impl.jdbc.exec.JDBCStatementImpl.executeStatement(JDBCStatementImpl.java:128)
	... 12 more
2025-07-21 10:23:04.549 - Error binding callable statement parameters from metadata: Unsupported feature
2025-07-21 10:23:04.549 - Error obtaining output parameters from metadata: Unsupported feature
2025-07-21 10:23:04.549 - Can't obtain procedure metadata nor jdbc metadata
2025-07-21 10:23:43.396 - SQL Error [904] [42000]: ORA-00904: "POSITION": invalid identifier

org.jkiss.dbeaver.model.sql.DBSQLException: SQL Error [904] [42000]: ORA-00904: "POSITION": invalid identifier

	at org.jkiss.dbeaver.model.impl.jdbc.exec.JDBCStatementImpl.executeStatement(JDBCStatementImpl.java:130)
	at org.jkiss.dbeaver.ui.editors.sql.execute.SQLQueryJob.executeStatement(SQLQueryJob.java:657)
	at org.jkiss.dbeaver.ui.editors.sql.execute.SQLQueryJob.lambda$2(SQLQueryJob.java:550)
	at org.jkiss.dbeaver.model.exec.DBExecUtils.tryExecuteRecover(DBExecUtils.java:189)
	at org.jkiss.dbeaver.ui.editors.sql.execute.SQLQueryJob.executeSingleQuery(SQLQueryJob.java:569)
	at org.jkiss.dbeaver.ui.editors.sql.execute.SQLQueryJob.extractData(SQLQueryJob.java:1043)
	at org.jkiss.dbeaver.ui.editors.sql.SQLEditor$QueryResultsContainer.readData(SQLEditor.java:4495)
	at org.jkiss.dbeaver.ui.controls.resultset.ResultSetJobDataRead.lambda$0(ResultSetJobDataRead.java:128)
	at org.jkiss.dbeaver.model.exec.DBExecUtils.tryExecuteRecover(DBExecUtils.java:189)
	at org.jkiss.dbeaver.ui.controls.resultset.ResultSetJobDataRead.run(ResultSetJobDataRead.java:126)
	at org.jkiss.dbeaver.ui.controls.resultset.ResultSetViewer$ResultSetDataPumpJob.run(ResultSetViewer.java:5146)
	at org.jkiss.dbeaver.model.runtime.AbstractJob.run(AbstractJob.java:119)
	at org.eclipse.core.internal.jobs.Worker.run(Worker.java:63)
Caused by: java.sql.SQLSyntaxErrorException: ORA-00904: "POSITION": invalid identifier

	at oracle.jdbc.driver.T4CTTIoer.processError(T4CTTIoer.java:440)
	at oracle.jdbc.driver.T4CTTIoer.processError(T4CTTIoer.java:396)
	at oracle.jdbc.driver.T4C8Oall.processError(T4C8Oall.java:837)
	at oracle.jdbc.driver.T4CTTIfun.receive(T4CTTIfun.java:445)
	at oracle.jdbc.driver.T4CTTIfun.doRPC(T4CTTIfun.java:191)
	at oracle.jdbc.driver.T4C8Oall.doOALL(T4C8Oall.java:523)
	at oracle.jdbc.driver.T4CStatement.doOall8(T4CStatement.java:193)
	at oracle.jdbc.driver.T4CStatement.executeForDescribe(T4CStatement.java:848)
	at oracle.jdbc.driver.OracleStatement.executeMaybeDescribe(OracleStatement.java:1153)
	at oracle.jdbc.driver.OracleStatement.doExecuteWithTimeout(OracleStatement.java:1275)
	at oracle.jdbc.driver.OracleStatement.executeInternal(OracleStatement.java:1890)
	at oracle.jdbc.driver.OracleStatement.execute(OracleStatement.java:1855)
	at oracle.jdbc.driver.OracleStatementWrapper.execute(OracleStatementWrapper.java:304)
	at org.jkiss.dbeaver.model.impl.jdbc.exec.JDBCStatementImpl.execute(JDBCStatementImpl.java:344)
	at org.jkiss.dbeaver.model.impl.jdbc.exec.JDBCStatementImpl.executeStatement(JDBCStatementImpl.java:128)
	... 12 more
2025-07-21 10:23:43.452 - Error binding callable statement parameters from metadata: Unsupported feature
2025-07-21 10:23:43.452 - Error obtaining output parameters from metadata: Unsupported feature
2025-07-21 10:23:43.452 - Can't obtain procedure metadata nor jdbc metadata
2025-07-21 10:24:21.480 - SQL Error [923] [42000]: ORA-00923: FROM keyword not found where expected

org.jkiss.dbeaver.model.sql.DBSQLException: SQL Error [923] [42000]: ORA-00923: FROM keyword not found where expected

	at org.jkiss.dbeaver.model.impl.jdbc.exec.JDBCStatementImpl.executeStatement(JDBCStatementImpl.java:130)
	at org.jkiss.dbeaver.ui.editors.sql.execute.SQLQueryJob.executeStatement(SQLQueryJob.java:657)
	at org.jkiss.dbeaver.ui.editors.sql.execute.SQLQueryJob.lambda$2(SQLQueryJob.java:550)
	at org.jkiss.dbeaver.model.exec.DBExecUtils.tryExecuteRecover(DBExecUtils.java:189)
	at org.jkiss.dbeaver.ui.editors.sql.execute.SQLQueryJob.executeSingleQuery(SQLQueryJob.java:569)
	at org.jkiss.dbeaver.ui.editors.sql.execute.SQLQueryJob.extractData(SQLQueryJob.java:1043)
	at org.jkiss.dbeaver.ui.editors.sql.SQLEditor$QueryResultsContainer.readData(SQLEditor.java:4495)
	at org.jkiss.dbeaver.ui.controls.resultset.ResultSetJobDataRead.lambda$0(ResultSetJobDataRead.java:128)
	at org.jkiss.dbeaver.model.exec.DBExecUtils.tryExecuteRecover(DBExecUtils.java:189)
	at org.jkiss.dbeaver.ui.controls.resultset.ResultSetJobDataRead.run(ResultSetJobDataRead.java:126)
	at org.jkiss.dbeaver.ui.controls.resultset.ResultSetViewer$ResultSetDataPumpJob.run(ResultSetViewer.java:5146)
	at org.jkiss.dbeaver.model.runtime.AbstractJob.run(AbstractJob.java:119)
	at org.eclipse.core.internal.jobs.Worker.run(Worker.java:63)
Caused by: java.sql.SQLSyntaxErrorException: ORA-00923: FROM keyword not found where expected

	at oracle.jdbc.driver.T4CTTIoer.processError(T4CTTIoer.java:440)
	at oracle.jdbc.driver.T4CTTIoer.processError(T4CTTIoer.java:396)
	at oracle.jdbc.driver.T4C8Oall.processError(T4C8Oall.java:837)
	at oracle.jdbc.driver.T4CTTIfun.receive(T4CTTIfun.java:445)
	at oracle.jdbc.driver.T4CTTIfun.doRPC(T4CTTIfun.java:191)
	at oracle.jdbc.driver.T4C8Oall.doOALL(T4C8Oall.java:523)
	at oracle.jdbc.driver.T4CStatement.doOall8(T4CStatement.java:193)
	at oracle.jdbc.driver.T4CStatement.executeForDescribe(T4CStatement.java:848)
	at oracle.jdbc.driver.OracleStatement.executeMaybeDescribe(OracleStatement.java:1153)
	at oracle.jdbc.driver.OracleStatement.doExecuteWithTimeout(OracleStatement.java:1275)
	at oracle.jdbc.driver.OracleStatement.executeInternal(OracleStatement.java:1890)
	at oracle.jdbc.driver.OracleStatement.execute(OracleStatement.java:1855)
	at oracle.jdbc.driver.OracleStatementWrapper.execute(OracleStatementWrapper.java:304)
	at org.jkiss.dbeaver.model.impl.jdbc.exec.JDBCStatementImpl.execute(JDBCStatementImpl.java:344)
	at org.jkiss.dbeaver.model.impl.jdbc.exec.JDBCStatementImpl.executeStatement(JDBCStatementImpl.java:128)
	... 12 more
2025-07-21 10:24:21.530 - Error binding callable statement parameters from metadata: Unsupported feature
2025-07-21 10:24:21.530 - Error obtaining output parameters from metadata: Unsupported feature
2025-07-21 10:24:21.530 - Can't obtain procedure metadata nor jdbc metadata
2025-07-21 10:24:25.967 - SQL Error [923] [42000]: ORA-00923: FROM keyword not found where expected

org.jkiss.dbeaver.model.sql.DBSQLException: SQL Error [923] [42000]: ORA-00923: FROM keyword not found where expected

	at org.jkiss.dbeaver.model.impl.jdbc.exec.JDBCStatementImpl.executeStatement(JDBCStatementImpl.java:130)
	at org.jkiss.dbeaver.ui.editors.sql.execute.SQLQueryJob.executeStatement(SQLQueryJob.java:657)
	at org.jkiss.dbeaver.ui.editors.sql.execute.SQLQueryJob.lambda$2(SQLQueryJob.java:550)
	at org.jkiss.dbeaver.model.exec.DBExecUtils.tryExecuteRecover(DBExecUtils.java:189)
	at org.jkiss.dbeaver.ui.editors.sql.execute.SQLQueryJob.executeSingleQuery(SQLQueryJob.java:569)
	at org.jkiss.dbeaver.ui.editors.sql.execute.SQLQueryJob.extractData(SQLQueryJob.java:1043)
	at org.jkiss.dbeaver.ui.editors.sql.SQLEditor$QueryResultsContainer.readData(SQLEditor.java:4495)
	at org.jkiss.dbeaver.ui.controls.resultset.ResultSetJobDataRead.lambda$0(ResultSetJobDataRead.java:128)
	at org.jkiss.dbeaver.model.exec.DBExecUtils.tryExecuteRecover(DBExecUtils.java:189)
	at org.jkiss.dbeaver.ui.controls.resultset.ResultSetJobDataRead.run(ResultSetJobDataRead.java:126)
	at org.jkiss.dbeaver.ui.controls.resultset.ResultSetViewer$ResultSetDataPumpJob.run(ResultSetViewer.java:5146)
	at org.jkiss.dbeaver.model.runtime.AbstractJob.run(AbstractJob.java:119)
	at org.eclipse.core.internal.jobs.Worker.run(Worker.java:63)
Caused by: java.sql.SQLSyntaxErrorException: ORA-00923: FROM keyword not found where expected

	at oracle.jdbc.driver.T4CTTIoer.processError(T4CTTIoer.java:440)
	at oracle.jdbc.driver.T4CTTIoer.processError(T4CTTIoer.java:396)
	at oracle.jdbc.driver.T4C8Oall.processError(T4C8Oall.java:837)
	at oracle.jdbc.driver.T4CTTIfun.receive(T4CTTIfun.java:445)
	at oracle.jdbc.driver.T4CTTIfun.doRPC(T4CTTIfun.java:191)
	at oracle.jdbc.driver.T4C8Oall.doOALL(T4C8Oall.java:523)
	at oracle.jdbc.driver.T4CStatement.doOall8(T4CStatement.java:193)
	at oracle.jdbc.driver.T4CStatement.executeForDescribe(T4CStatement.java:848)
	at oracle.jdbc.driver.OracleStatement.executeMaybeDescribe(OracleStatement.java:1153)
	at oracle.jdbc.driver.OracleStatement.doExecuteWithTimeout(OracleStatement.java:1275)
	at oracle.jdbc.driver.OracleStatement.executeInternal(OracleStatement.java:1890)
	at oracle.jdbc.driver.OracleStatement.execute(OracleStatement.java:1855)
	at oracle.jdbc.driver.OracleStatementWrapper.execute(OracleStatementWrapper.java:304)
	at org.jkiss.dbeaver.model.impl.jdbc.exec.JDBCStatementImpl.execute(JDBCStatementImpl.java:344)
	at org.jkiss.dbeaver.model.impl.jdbc.exec.JDBCStatementImpl.executeStatement(JDBCStatementImpl.java:128)
	... 12 more
2025-07-21 10:24:26.018 - Error binding callable statement parameters from metadata: Unsupported feature
2025-07-21 10:24:26.018 - Error obtaining output parameters from metadata: Unsupported feature
2025-07-21 10:24:26.018 - Can't obtain procedure metadata nor jdbc metadata
2025-07-21 10:24:33.546 - SQL Error [923] [42000]: ORA-00923: FROM keyword not found where expected

org.jkiss.dbeaver.model.sql.DBSQLException: SQL Error [923] [42000]: ORA-00923: FROM keyword not found where expected

	at org.jkiss.dbeaver.model.impl.jdbc.exec.JDBCStatementImpl.executeStatement(JDBCStatementImpl.java:130)
	at org.jkiss.dbeaver.ui.editors.sql.execute.SQLQueryJob.executeStatement(SQLQueryJob.java:657)
	at org.jkiss.dbeaver.ui.editors.sql.execute.SQLQueryJob.lambda$2(SQLQueryJob.java:550)
	at org.jkiss.dbeaver.model.exec.DBExecUtils.tryExecuteRecover(DBExecUtils.java:189)
	at org.jkiss.dbeaver.ui.editors.sql.execute.SQLQueryJob.executeSingleQuery(SQLQueryJob.java:569)
	at org.jkiss.dbeaver.ui.editors.sql.execute.SQLQueryJob.extractData(SQLQueryJob.java:1043)
	at org.jkiss.dbeaver.ui.editors.sql.SQLEditor$QueryResultsContainer.readData(SQLEditor.java:4495)
	at org.jkiss.dbeaver.ui.controls.resultset.ResultSetJobDataRead.lambda$0(ResultSetJobDataRead.java:128)
	at org.jkiss.dbeaver.model.exec.DBExecUtils.tryExecuteRecover(DBExecUtils.java:189)
	at org.jkiss.dbeaver.ui.controls.resultset.ResultSetJobDataRead.run(ResultSetJobDataRead.java:126)
	at org.jkiss.dbeaver.ui.controls.resultset.ResultSetViewer$ResultSetDataPumpJob.run(ResultSetViewer.java:5146)
	at org.jkiss.dbeaver.model.runtime.AbstractJob.run(AbstractJob.java:119)
	at org.eclipse.core.internal.jobs.Worker.run(Worker.java:63)
Caused by: java.sql.SQLSyntaxErrorException: ORA-00923: FROM keyword not found where expected

	at oracle.jdbc.driver.T4CTTIoer.processError(T4CTTIoer.java:440)
	at oracle.jdbc.driver.T4CTTIoer.processError(T4CTTIoer.java:396)
	at oracle.jdbc.driver.T4C8Oall.processError(T4C8Oall.java:837)
	at oracle.jdbc.driver.T4CTTIfun.receive(T4CTTIfun.java:445)
	at oracle.jdbc.driver.T4CTTIfun.doRPC(T4CTTIfun.java:191)
	at oracle.jdbc.driver.T4C8Oall.doOALL(T4C8Oall.java:523)
	at oracle.jdbc.driver.T4CStatement.doOall8(T4CStatement.java:193)
	at oracle.jdbc.driver.T4CStatement.executeForDescribe(T4CStatement.java:848)
	at oracle.jdbc.driver.OracleStatement.executeMaybeDescribe(OracleStatement.java:1153)
	at oracle.jdbc.driver.OracleStatement.doExecuteWithTimeout(OracleStatement.java:1275)
	at oracle.jdbc.driver.OracleStatement.executeInternal(OracleStatement.java:1890)
	at oracle.jdbc.driver.OracleStatement.execute(OracleStatement.java:1855)
	at oracle.jdbc.driver.OracleStatementWrapper.execute(OracleStatementWrapper.java:304)
	at org.jkiss.dbeaver.model.impl.jdbc.exec.JDBCStatementImpl.execute(JDBCStatementImpl.java:344)
	at org.jkiss.dbeaver.model.impl.jdbc.exec.JDBCStatementImpl.executeStatement(JDBCStatementImpl.java:128)
	... 12 more
2025-07-21 10:24:33.616 - Error binding callable statement parameters from metadata: Unsupported feature
2025-07-21 10:24:33.616 - Error obtaining output parameters from metadata: Unsupported feature
2025-07-21 10:24:33.616 - Can't obtain procedure metadata nor jdbc metadata
2025-07-21 10:24:50.169 - Connect with 'XE' (oracle_thin-19815c69850-1ab1f9e8ab9530de)
2025-07-21 10:24:50.170 - Execution context opened (XE; Main; 11)
2025-07-21 10:24:50.180 - Execution context opened (XE; Metadata; 12)
2025-07-21 10:24:50.187 - Execution context opened (XE; SQLEditor <day06(서브쿼리).sql>; 13)
2025-07-21 10:24:50.193 - Connected (oracle_thin-19815c69850-1ab1f9e8ab9530de, Oracle JDBC driver [11.2.0.2.0])
2025-07-21 10:25:01.983 - Execution context closed (XE 2, 10)
2025-07-21 10:26:11.455 - SQL Error [933] [42000]: ORA-00933: SQL command not properly ended

org.jkiss.dbeaver.model.sql.DBSQLException: SQL Error [933] [42000]: ORA-00933: SQL command not properly ended

	at org.jkiss.dbeaver.model.impl.jdbc.exec.JDBCStatementImpl.executeStatement(JDBCStatementImpl.java:130)
	at org.jkiss.dbeaver.ui.editors.sql.execute.SQLQueryJob.executeStatement(SQLQueryJob.java:657)
	at org.jkiss.dbeaver.ui.editors.sql.execute.SQLQueryJob.lambda$2(SQLQueryJob.java:550)
	at org.jkiss.dbeaver.model.exec.DBExecUtils.tryExecuteRecover(DBExecUtils.java:189)
	at org.jkiss.dbeaver.ui.editors.sql.execute.SQLQueryJob.executeSingleQuery(SQLQueryJob.java:569)
	at org.jkiss.dbeaver.ui.editors.sql.execute.SQLQueryJob.extractData(SQLQueryJob.java:1043)
	at org.jkiss.dbeaver.ui.editors.sql.SQLEditor$QueryResultsContainer.readData(SQLEditor.java:4495)
	at org.jkiss.dbeaver.ui.controls.resultset.ResultSetJobDataRead.lambda$0(ResultSetJobDataRead.java:128)
	at org.jkiss.dbeaver.model.exec.DBExecUtils.tryExecuteRecover(DBExecUtils.java:189)
	at org.jkiss.dbeaver.ui.controls.resultset.ResultSetJobDataRead.run(ResultSetJobDataRead.java:126)
	at org.jkiss.dbeaver.ui.controls.resultset.ResultSetViewer$ResultSetDataPumpJob.run(ResultSetViewer.java:5146)
	at org.jkiss.dbeaver.model.runtime.AbstractJob.run(AbstractJob.java:119)
	at org.eclipse.core.internal.jobs.Worker.run(Worker.java:63)
Caused by: java.sql.SQLSyntaxErrorException: ORA-00933: SQL command not properly ended

	at oracle.jdbc.driver.T4CTTIoer.processError(T4CTTIoer.java:440)
	at oracle.jdbc.driver.T4CTTIoer.processError(T4CTTIoer.java:396)
	at oracle.jdbc.driver.T4C8Oall.processError(T4C8Oall.java:837)
	at oracle.jdbc.driver.T4CTTIfun.receive(T4CTTIfun.java:445)
	at oracle.jdbc.driver.T4CTTIfun.doRPC(T4CTTIfun.java:191)
	at oracle.jdbc.driver.T4C8Oall.doOALL(T4C8Oall.java:523)
	at oracle.jdbc.driver.T4CStatement.doOall8(T4CStatement.java:193)
	at oracle.jdbc.driver.T4CStatement.executeForDescribe(T4CStatement.java:848)
	at oracle.jdbc.driver.OracleStatement.executeMaybeDescribe(OracleStatement.java:1153)
	at oracle.jdbc.driver.OracleStatement.doExecuteWithTimeout(OracleStatement.java:1275)
	at oracle.jdbc.driver.OracleStatement.executeInternal(OracleStatement.java:1890)
	at oracle.jdbc.driver.OracleStatement.execute(OracleStatement.java:1855)
	at oracle.jdbc.driver.OracleStatementWrapper.execute(OracleStatementWrapper.java:304)
	at org.jkiss.dbeaver.model.impl.jdbc.exec.JDBCStatementImpl.execute(JDBCStatementImpl.java:344)
	at org.jkiss.dbeaver.model.impl.jdbc.exec.JDBCStatementImpl.executeStatement(JDBCStatementImpl.java:128)
	... 12 more
2025-07-21 10:26:11.530 - Error binding callable statement parameters from metadata: Unsupported feature
2025-07-21 10:26:11.530 - Error obtaining output parameters from metadata: Unsupported feature
2025-07-21 10:26:11.530 - Can't obtain procedure metadata nor jdbc metadata
2025-07-21 10:26:21.061 - SQL Error [933] [42000]: ORA-00933: SQL command not properly ended

org.jkiss.dbeaver.model.sql.DBSQLException: SQL Error [933] [42000]: ORA-00933: SQL command not properly ended

	at org.jkiss.dbeaver.model.impl.jdbc.exec.JDBCStatementImpl.executeStatement(JDBCStatementImpl.java:130)
	at org.jkiss.dbeaver.ui.editors.sql.execute.SQLQueryJob.executeStatement(SQLQueryJob.java:657)
	at org.jkiss.dbeaver.ui.editors.sql.execute.SQLQueryJob.lambda$2(SQLQueryJob.java:550)
	at org.jkiss.dbeaver.model.exec.DBExecUtils.tryExecuteRecover(DBExecUtils.java:189)
	at org.jkiss.dbeaver.ui.editors.sql.execute.SQLQueryJob.executeSingleQuery(SQLQueryJob.java:569)
	at org.jkiss.dbeaver.ui.editors.sql.execute.SQLQueryJob.extractData(SQLQueryJob.java:1043)
	at org.jkiss.dbeaver.ui.editors.sql.SQLEditor$QueryResultsContainer.readData(SQLEditor.java:4495)
	at org.jkiss.dbeaver.ui.controls.resultset.ResultSetJobDataRead.lambda$0(ResultSetJobDataRead.java:128)
	at org.jkiss.dbeaver.model.exec.DBExecUtils.tryExecuteRecover(DBExecUtils.java:189)
	at org.jkiss.dbeaver.ui.controls.resultset.ResultSetJobDataRead.run(ResultSetJobDataRead.java:126)
	at org.jkiss.dbeaver.ui.controls.resultset.ResultSetViewer$ResultSetDataPumpJob.run(ResultSetViewer.java:5146)
	at org.jkiss.dbeaver.model.runtime.AbstractJob.run(AbstractJob.java:119)
	at org.eclipse.core.internal.jobs.Worker.run(Worker.java:63)
Caused by: java.sql.SQLSyntaxErrorException: ORA-00933: SQL command not properly ended

	at oracle.jdbc.driver.T4CTTIoer.processError(T4CTTIoer.java:440)
	at oracle.jdbc.driver.T4CTTIoer.processError(T4CTTIoer.java:396)
	at oracle.jdbc.driver.T4C8Oall.processError(T4C8Oall.java:837)
	at oracle.jdbc.driver.T4CTTIfun.receive(T4CTTIfun.java:445)
	at oracle.jdbc.driver.T4CTTIfun.doRPC(T4CTTIfun.java:191)
	at oracle.jdbc.driver.T4C8Oall.doOALL(T4C8Oall.java:523)
	at oracle.jdbc.driver.T4CStatement.doOall8(T4CStatement.java:193)
	at oracle.jdbc.driver.T4CStatement.executeForDescribe(T4CStatement.java:848)
	at oracle.jdbc.driver.OracleStatement.executeMaybeDescribe(OracleStatement.java:1153)
	at oracle.jdbc.driver.OracleStatement.doExecuteWithTimeout(OracleStatement.java:1275)
	at oracle.jdbc.driver.OracleStatement.executeInternal(OracleStatement.java:1890)
	at oracle.jdbc.driver.OracleStatement.execute(OracleStatement.java:1855)
	at oracle.jdbc.driver.OracleStatementWrapper.execute(OracleStatementWrapper.java:304)
	at org.jkiss.dbeaver.model.impl.jdbc.exec.JDBCStatementImpl.execute(JDBCStatementImpl.java:344)
	at org.jkiss.dbeaver.model.impl.jdbc.exec.JDBCStatementImpl.executeStatement(JDBCStatementImpl.java:128)
	... 12 more
2025-07-21 10:26:21.121 - Error binding callable statement parameters from metadata: Unsupported feature
2025-07-21 10:26:21.121 - Error obtaining output parameters from metadata: Unsupported feature
2025-07-21 10:26:21.121 - Can't obtain procedure metadata nor jdbc metadata
2025-07-21 10:26:21.962 - SQL Error [933] [42000]: ORA-00933: SQL command not properly ended

org.jkiss.dbeaver.model.sql.DBSQLException: SQL Error [933] [42000]: ORA-00933: SQL command not properly ended

	at org.jkiss.dbeaver.model.impl.jdbc.exec.JDBCStatementImpl.executeStatement(JDBCStatementImpl.java:130)
	at org.jkiss.dbeaver.ui.editors.sql.execute.SQLQueryJob.executeStatement(SQLQueryJob.java:657)
	at org.jkiss.dbeaver.ui.editors.sql.execute.SQLQueryJob.lambda$2(SQLQueryJob.java:550)
	at org.jkiss.dbeaver.model.exec.DBExecUtils.tryExecuteRecover(DBExecUtils.java:189)
	at org.jkiss.dbeaver.ui.editors.sql.execute.SQLQueryJob.executeSingleQuery(SQLQueryJob.java:569)
	at org.jkiss.dbeaver.ui.editors.sql.execute.SQLQueryJob.extractData(SQLQueryJob.java:1043)
	at org.jkiss.dbeaver.ui.editors.sql.SQLEditor$QueryResultsContainer.readData(SQLEditor.java:4495)
	at org.jkiss.dbeaver.ui.controls.resultset.ResultSetJobDataRead.lambda$0(ResultSetJobDataRead.java:128)
	at org.jkiss.dbeaver.model.exec.DBExecUtils.tryExecuteRecover(DBExecUtils.java:189)
	at org.jkiss.dbeaver.ui.controls.resultset.ResultSetJobDataRead.run(ResultSetJobDataRead.java:126)
	at org.jkiss.dbeaver.ui.controls.resultset.ResultSetViewer$ResultSetDataPumpJob.run(ResultSetViewer.java:5146)
	at org.jkiss.dbeaver.model.runtime.AbstractJob.run(AbstractJob.java:119)
	at org.eclipse.core.internal.jobs.Worker.run(Worker.java:63)
Caused by: java.sql.SQLSyntaxErrorException: ORA-00933: SQL command not properly ended

	at oracle.jdbc.driver.T4CTTIoer.processError(T4CTTIoer.java:440)
	at oracle.jdbc.driver.T4CTTIoer.processError(T4CTTIoer.java:396)
	at oracle.jdbc.driver.T4C8Oall.processError(T4C8Oall.java:837)
	at oracle.jdbc.driver.T4CTTIfun.receive(T4CTTIfun.java:445)
	at oracle.jdbc.driver.T4CTTIfun.doRPC(T4CTTIfun.java:191)
	at oracle.jdbc.driver.T4C8Oall.doOALL(T4C8Oall.java:523)
	at oracle.jdbc.driver.T4CStatement.doOall8(T4CStatement.java:193)
	at oracle.jdbc.driver.T4CStatement.executeForDescribe(T4CStatement.java:848)
	at oracle.jdbc.driver.OracleStatement.executeMaybeDescribe(OracleStatement.java:1153)
	at oracle.jdbc.driver.OracleStatement.doExecuteWithTimeout(OracleStatement.java:1275)
	at oracle.jdbc.driver.OracleStatement.executeInternal(OracleStatement.java:1890)
	at oracle.jdbc.driver.OracleStatement.execute(OracleStatement.java:1855)
	at oracle.jdbc.driver.OracleStatementWrapper.execute(OracleStatementWrapper.java:304)
	at org.jkiss.dbeaver.model.impl.jdbc.exec.JDBCStatementImpl.execute(JDBCStatementImpl.java:344)
	at org.jkiss.dbeaver.model.impl.jdbc.exec.JDBCStatementImpl.executeStatement(JDBCStatementImpl.java:128)
	... 12 more
2025-07-21 10:26:22.015 - Error binding callable statement parameters from metadata: Unsupported feature
2025-07-21 10:26:22.015 - Error obtaining output parameters from metadata: Unsupported feature
2025-07-21 10:26:22.015 - Can't obtain procedure metadata nor jdbc metadata
2025-07-21 10:26:30.006 - SQL Error [933] [42000]: ORA-00933: SQL command not properly ended

org.jkiss.dbeaver.model.sql.DBSQLException: SQL Error [933] [42000]: ORA-00933: SQL command not properly ended

	at org.jkiss.dbeaver.model.impl.jdbc.exec.JDBCStatementImpl.executeStatement(JDBCStatementImpl.java:130)
	at org.jkiss.dbeaver.ui.editors.sql.execute.SQLQueryJob.executeStatement(SQLQueryJob.java:657)
	at org.jkiss.dbeaver.ui.editors.sql.execute.SQLQueryJob.lambda$2(SQLQueryJob.java:550)
	at org.jkiss.dbeaver.model.exec.DBExecUtils.tryExecuteRecover(DBExecUtils.java:189)
	at org.jkiss.dbeaver.ui.editors.sql.execute.SQLQueryJob.executeSingleQuery(SQLQueryJob.java:569)
	at org.jkiss.dbeaver.ui.editors.sql.execute.SQLQueryJob.extractData(SQLQueryJob.java:1043)
	at org.jkiss.dbeaver.ui.editors.sql.SQLEditor$QueryResultsContainer.readData(SQLEditor.java:4495)
	at org.jkiss.dbeaver.ui.controls.resultset.ResultSetJobDataRead.lambda$0(ResultSetJobDataRead.java:128)
	at org.jkiss.dbeaver.model.exec.DBExecUtils.tryExecuteRecover(DBExecUtils.java:189)
	at org.jkiss.dbeaver.ui.controls.resultset.ResultSetJobDataRead.run(ResultSetJobDataRead.java:126)
	at org.jkiss.dbeaver.ui.controls.resultset.ResultSetViewer$ResultSetDataPumpJob.run(ResultSetViewer.java:5146)
	at org.jkiss.dbeaver.model.runtime.AbstractJob.run(AbstractJob.java:119)
	at org.eclipse.core.internal.jobs.Worker.run(Worker.java:63)
Caused by: java.sql.SQLSyntaxErrorException: ORA-00933: SQL command not properly ended

	at oracle.jdbc.driver.T4CTTIoer.processError(T4CTTIoer.java:440)
	at oracle.jdbc.driver.T4CTTIoer.processError(T4CTTIoer.java:396)
	at oracle.jdbc.driver.T4C8Oall.processError(T4C8Oall.java:837)
	at oracle.jdbc.driver.T4CTTIfun.receive(T4CTTIfun.java:445)
	at oracle.jdbc.driver.T4CTTIfun.doRPC(T4CTTIfun.java:191)
	at oracle.jdbc.driver.T4C8Oall.doOALL(T4C8Oall.java:523)
	at oracle.jdbc.driver.T4CStatement.doOall8(T4CStatement.java:193)
	at oracle.jdbc.driver.T4CStatement.executeForDescribe(T4CStatement.java:848)
	at oracle.jdbc.driver.OracleStatement.executeMaybeDescribe(OracleStatement.java:1153)
	at oracle.jdbc.driver.OracleStatement.doExecuteWithTimeout(OracleStatement.java:1275)
	at oracle.jdbc.driver.OracleStatement.executeInternal(OracleStatement.java:1890)
	at oracle.jdbc.driver.OracleStatement.execute(OracleStatement.java:1855)
	at oracle.jdbc.driver.OracleStatementWrapper.execute(OracleStatementWrapper.java:304)
	at org.jkiss.dbeaver.model.impl.jdbc.exec.JDBCStatementImpl.execute(JDBCStatementImpl.java:344)
	at org.jkiss.dbeaver.model.impl.jdbc.exec.JDBCStatementImpl.executeStatement(JDBCStatementImpl.java:128)
	... 12 more
2025-07-21 10:26:30.062 - Error binding callable statement parameters from metadata: Unsupported feature
2025-07-21 10:26:30.062 - Error obtaining output parameters from metadata: Unsupported feature
2025-07-21 10:26:30.062 - Can't obtain procedure metadata nor jdbc metadata
2025-07-21 10:26:37.995 - SQL Error [933] [42000]: ORA-00933: SQL command not properly ended

org.jkiss.dbeaver.model.sql.DBSQLException: SQL Error [933] [42000]: ORA-00933: SQL command not properly ended

	at org.jkiss.dbeaver.model.impl.jdbc.exec.JDBCStatementImpl.executeStatement(JDBCStatementImpl.java:130)
	at org.jkiss.dbeaver.ui.editors.sql.execute.SQLQueryJob.executeStatement(SQLQueryJob.java:657)
	at org.jkiss.dbeaver.ui.editors.sql.execute.SQLQueryJob.lambda$2(SQLQueryJob.java:550)
	at org.jkiss.dbeaver.model.exec.DBExecUtils.tryExecuteRecover(DBExecUtils.java:189)
	at org.jkiss.dbeaver.ui.editors.sql.execute.SQLQueryJob.executeSingleQuery(SQLQueryJob.java:569)
	at org.jkiss.dbeaver.ui.editors.sql.execute.SQLQueryJob.extractData(SQLQueryJob.java:1043)
	at org.jkiss.dbeaver.ui.editors.sql.SQLEditor$QueryResultsContainer.readData(SQLEditor.java:4495)
	at org.jkiss.dbeaver.ui.controls.resultset.ResultSetJobDataRead.lambda$0(ResultSetJobDataRead.java:128)
	at org.jkiss.dbeaver.model.exec.DBExecUtils.tryExecuteRecover(DBExecUtils.java:189)
	at org.jkiss.dbeaver.ui.controls.resultset.ResultSetJobDataRead.run(ResultSetJobDataRead.java:126)
	at org.jkiss.dbeaver.ui.controls.resultset.ResultSetViewer$ResultSetDataPumpJob.run(ResultSetViewer.java:5146)
	at org.jkiss.dbeaver.model.runtime.AbstractJob.run(AbstractJob.java:119)
	at org.eclipse.core.internal.jobs.Worker.run(Worker.java:63)
Caused by: java.sql.SQLSyntaxErrorException: ORA-00933: SQL command not properly ended

	at oracle.jdbc.driver.T4CTTIoer.processError(T4CTTIoer.java:440)
	at oracle.jdbc.driver.T4CTTIoer.processError(T4CTTIoer.java:396)
	at oracle.jdbc.driver.T4C8Oall.processError(T4C8Oall.java:837)
	at oracle.jdbc.driver.T4CTTIfun.receive(T4CTTIfun.java:445)
	at oracle.jdbc.driver.T4CTTIfun.doRPC(T4CTTIfun.java:191)
	at oracle.jdbc.driver.T4C8Oall.doOALL(T4C8Oall.java:523)
	at oracle.jdbc.driver.T4CStatement.doOall8(T4CStatement.java:193)
	at oracle.jdbc.driver.T4CStatement.executeForDescribe(T4CStatement.java:848)
	at oracle.jdbc.driver.OracleStatement.executeMaybeDescribe(OracleStatement.java:1153)
	at oracle.jdbc.driver.OracleStatement.doExecuteWithTimeout(OracleStatement.java:1275)
	at oracle.jdbc.driver.OracleStatement.executeInternal(OracleStatement.java:1890)
	at oracle.jdbc.driver.OracleStatement.execute(OracleStatement.java:1855)
	at oracle.jdbc.driver.OracleStatementWrapper.execute(OracleStatementWrapper.java:304)
	at org.jkiss.dbeaver.model.impl.jdbc.exec.JDBCStatementImpl.execute(JDBCStatementImpl.java:344)
	at org.jkiss.dbeaver.model.impl.jdbc.exec.JDBCStatementImpl.executeStatement(JDBCStatementImpl.java:128)
	... 12 more
2025-07-21 10:26:38.047 - Error binding callable statement parameters from metadata: Unsupported feature
2025-07-21 10:26:38.047 - Error obtaining output parameters from metadata: Unsupported feature
2025-07-21 10:26:38.047 - Can't obtain procedure metadata nor jdbc metadata
2025-07-21 10:26:40.303 - SQL Error [933] [42000]: ORA-00933: SQL command not properly ended

org.jkiss.dbeaver.model.sql.DBSQLException: SQL Error [933] [42000]: ORA-00933: SQL command not properly ended

	at org.jkiss.dbeaver.model.impl.jdbc.exec.JDBCStatementImpl.executeStatement(JDBCStatementImpl.java:130)
	at org.jkiss.dbeaver.ui.editors.sql.execute.SQLQueryJob.executeStatement(SQLQueryJob.java:657)
	at org.jkiss.dbeaver.ui.editors.sql.execute.SQLQueryJob.lambda$2(SQLQueryJob.java:550)
	at org.jkiss.dbeaver.model.exec.DBExecUtils.tryExecuteRecover(DBExecUtils.java:189)
	at org.jkiss.dbeaver.ui.editors.sql.execute.SQLQueryJob.executeSingleQuery(SQLQueryJob.java:569)
	at org.jkiss.dbeaver.ui.editors.sql.execute.SQLQueryJob.extractData(SQLQueryJob.java:1043)
	at org.jkiss.dbeaver.ui.editors.sql.SQLEditor$QueryResultsContainer.readData(SQLEditor.java:4495)
	at org.jkiss.dbeaver.ui.controls.resultset.ResultSetJobDataRead.lambda$0(ResultSetJobDataRead.java:128)
	at org.jkiss.dbeaver.model.exec.DBExecUtils.tryExecuteRecover(DBExecUtils.java:189)
	at org.jkiss.dbeaver.ui.controls.resultset.ResultSetJobDataRead.run(ResultSetJobDataRead.java:126)
	at org.jkiss.dbeaver.ui.controls.resultset.ResultSetViewer$ResultSetDataPumpJob.run(ResultSetViewer.java:5146)
	at org.jkiss.dbeaver.model.runtime.AbstractJob.run(AbstractJob.java:119)
	at org.eclipse.core.internal.jobs.Worker.run(Worker.java:63)
Caused by: java.sql.SQLSyntaxErrorException: ORA-00933: SQL command not properly ended

	at oracle.jdbc.driver.T4CTTIoer.processError(T4CTTIoer.java:440)
	at oracle.jdbc.driver.T4CTTIoer.processError(T4CTTIoer.java:396)
	at oracle.jdbc.driver.T4C8Oall.processError(T4C8Oall.java:837)
	at oracle.jdbc.driver.T4CTTIfun.receive(T4CTTIfun.java:445)
	at oracle.jdbc.driver.T4CTTIfun.doRPC(T4CTTIfun.java:191)
	at oracle.jdbc.driver.T4C8Oall.doOALL(T4C8Oall.java:523)
	at oracle.jdbc.driver.T4CStatement.doOall8(T4CStatement.java:193)
	at oracle.jdbc.driver.T4CStatement.executeForDescribe(T4CStatement.java:848)
	at oracle.jdbc.driver.OracleStatement.executeMaybeDescribe(OracleStatement.java:1153)
	at oracle.jdbc.driver.OracleStatement.doExecuteWithTimeout(OracleStatement.java:1275)
	at oracle.jdbc.driver.OracleStatement.executeInternal(OracleStatement.java:1890)
	at oracle.jdbc.driver.OracleStatement.execute(OracleStatement.java:1855)
	at oracle.jdbc.driver.OracleStatementWrapper.execute(OracleStatementWrapper.java:304)
	at org.jkiss.dbeaver.model.impl.jdbc.exec.JDBCStatementImpl.execute(JDBCStatementImpl.java:344)
	at org.jkiss.dbeaver.model.impl.jdbc.exec.JDBCStatementImpl.executeStatement(JDBCStatementImpl.java:128)
	... 12 more
2025-07-21 10:26:40.348 - Error binding callable statement parameters from metadata: Unsupported feature
2025-07-21 10:26:40.348 - Error obtaining output parameters from metadata: Unsupported feature
2025-07-21 10:26:40.348 - Can't obtain procedure metadata nor jdbc metadata
2025-07-21 10:26:42.027 - SQL Error [933] [42000]: ORA-00933: SQL command not properly ended

org.jkiss.dbeaver.model.sql.DBSQLException: SQL Error [933] [42000]: ORA-00933: SQL command not properly ended

	at org.jkiss.dbeaver.model.impl.jdbc.exec.JDBCStatementImpl.executeStatement(JDBCStatementImpl.java:130)
	at org.jkiss.dbeaver.ui.editors.sql.execute.SQLQueryJob.executeStatement(SQLQueryJob.java:657)
	at org.jkiss.dbeaver.ui.editors.sql.execute.SQLQueryJob.lambda$2(SQLQueryJob.java:550)
	at org.jkiss.dbeaver.model.exec.DBExecUtils.tryExecuteRecover(DBExecUtils.java:189)
	at org.jkiss.dbeaver.ui.editors.sql.execute.SQLQueryJob.executeSingleQuery(SQLQueryJob.java:569)
	at org.jkiss.dbeaver.ui.editors.sql.execute.SQLQueryJob.extractData(SQLQueryJob.java:1043)
	at org.jkiss.dbeaver.ui.editors.sql.SQLEditor$QueryResultsContainer.readData(SQLEditor.java:4495)
	at org.jkiss.dbeaver.ui.controls.resultset.ResultSetJobDataRead.lambda$0(ResultSetJobDataRead.java:128)
	at org.jkiss.dbeaver.model.exec.DBExecUtils.tryExecuteRecover(DBExecUtils.java:189)
	at org.jkiss.dbeaver.ui.controls.resultset.ResultSetJobDataRead.run(ResultSetJobDataRead.java:126)
	at org.jkiss.dbeaver.ui.controls.resultset.ResultSetViewer$ResultSetDataPumpJob.run(ResultSetViewer.java:5146)
	at org.jkiss.dbeaver.model.runtime.AbstractJob.run(AbstractJob.java:119)
	at org.eclipse.core.internal.jobs.Worker.run(Worker.java:63)
Caused by: java.sql.SQLSyntaxErrorException: ORA-00933: SQL command not properly ended

	at oracle.jdbc.driver.T4CTTIoer.processError(T4CTTIoer.java:440)
	at oracle.jdbc.driver.T4CTTIoer.processError(T4CTTIoer.java:396)
	at oracle.jdbc.driver.T4C8Oall.processError(T4C8Oall.java:837)
	at oracle.jdbc.driver.T4CTTIfun.receive(T4CTTIfun.java:445)
	at oracle.jdbc.driver.T4CTTIfun.doRPC(T4CTTIfun.java:191)
	at oracle.jdbc.driver.T4C8Oall.doOALL(T4C8Oall.java:523)
	at oracle.jdbc.driver.T4CStatement.doOall8(T4CStatement.java:193)
	at oracle.jdbc.driver.T4CStatement.executeForDescribe(T4CStatement.java:848)
	at oracle.jdbc.driver.OracleStatement.executeMaybeDescribe(OracleStatement.java:1153)
	at oracle.jdbc.driver.OracleStatement.doExecuteWithTimeout(OracleStatement.java:1275)
	at oracle.jdbc.driver.OracleStatement.executeInternal(OracleStatement.java:1890)
	at oracle.jdbc.driver.OracleStatement.execute(OracleStatement.java:1855)
	at oracle.jdbc.driver.OracleStatementWrapper.execute(OracleStatementWrapper.java:304)
	at org.jkiss.dbeaver.model.impl.jdbc.exec.JDBCStatementImpl.execute(JDBCStatementImpl.java:344)
	at org.jkiss.dbeaver.model.impl.jdbc.exec.JDBCStatementImpl.executeStatement(JDBCStatementImpl.java:128)
	... 12 more
2025-07-21 10:26:42.080 - Error binding callable statement parameters from metadata: Unsupported feature
2025-07-21 10:26:42.080 - Error obtaining output parameters from metadata: Unsupported feature
2025-07-21 10:26:42.080 - Can't obtain procedure metadata nor jdbc metadata
2025-07-21 10:26:43.822 - SQL Error [933] [42000]: ORA-00933: SQL command not properly ended

org.jkiss.dbeaver.model.sql.DBSQLException: SQL Error [933] [42000]: ORA-00933: SQL command not properly ended

	at org.jkiss.dbeaver.model.impl.jdbc.exec.JDBCStatementImpl.executeStatement(JDBCStatementImpl.java:130)
	at org.jkiss.dbeaver.ui.editors.sql.execute.SQLQueryJob.executeStatement(SQLQueryJob.java:657)
	at org.jkiss.dbeaver.ui.editors.sql.execute.SQLQueryJob.lambda$2(SQLQueryJob.java:550)
	at org.jkiss.dbeaver.model.exec.DBExecUtils.tryExecuteRecover(DBExecUtils.java:189)
	at org.jkiss.dbeaver.ui.editors.sql.execute.SQLQueryJob.executeSingleQuery(SQLQueryJob.java:569)
	at org.jkiss.dbeaver.ui.editors.sql.execute.SQLQueryJob.extractData(SQLQueryJob.java:1043)
	at org.jkiss.dbeaver.ui.editors.sql.SQLEditor$QueryResultsContainer.readData(SQLEditor.java:4495)
	at org.jkiss.dbeaver.ui.controls.resultset.ResultSetJobDataRead.lambda$0(ResultSetJobDataRead.java:128)
	at org.jkiss.dbeaver.model.exec.DBExecUtils.tryExecuteRecover(DBExecUtils.java:189)
	at org.jkiss.dbeaver.ui.controls.resultset.ResultSetJobDataRead.run(ResultSetJobDataRead.java:126)
	at org.jkiss.dbeaver.ui.controls.resultset.ResultSetViewer$ResultSetDataPumpJob.run(ResultSetViewer.java:5146)
	at org.jkiss.dbeaver.model.runtime.AbstractJob.run(AbstractJob.java:119)
	at org.eclipse.core.internal.jobs.Worker.run(Worker.java:63)
Caused by: java.sql.SQLSyntaxErrorException: ORA-00933: SQL command not properly ended

	at oracle.jdbc.driver.T4CTTIoer.processError(T4CTTIoer.java:440)
	at oracle.jdbc.driver.T4CTTIoer.processError(T4CTTIoer.java:396)
	at oracle.jdbc.driver.T4C8Oall.processError(T4C8Oall.java:837)
	at oracle.jdbc.driver.T4CTTIfun.receive(T4CTTIfun.java:445)
	at oracle.jdbc.driver.T4CTTIfun.doRPC(T4CTTIfun.java:191)
	at oracle.jdbc.driver.T4C8Oall.doOALL(T4C8Oall.java:523)
	at oracle.jdbc.driver.T4CStatement.doOall8(T4CStatement.java:193)
	at oracle.jdbc.driver.T4CStatement.executeForDescribe(T4CStatement.java:848)
	at oracle.jdbc.driver.OracleStatement.executeMaybeDescribe(OracleStatement.java:1153)
	at oracle.jdbc.driver.OracleStatement.doExecuteWithTimeout(OracleStatement.java:1275)
	at oracle.jdbc.driver.OracleStatement.executeInternal(OracleStatement.java:1890)
	at oracle.jdbc.driver.OracleStatement.execute(OracleStatement.java:1855)
	at oracle.jdbc.driver.OracleStatementWrapper.execute(OracleStatementWrapper.java:304)
	at org.jkiss.dbeaver.model.impl.jdbc.exec.JDBCStatementImpl.execute(JDBCStatementImpl.java:344)
	at org.jkiss.dbeaver.model.impl.jdbc.exec.JDBCStatementImpl.executeStatement(JDBCStatementImpl.java:128)
	... 12 more
2025-07-21 10:26:43.873 - Error binding callable statement parameters from metadata: Unsupported feature
2025-07-21 10:26:43.873 - Error obtaining output parameters from metadata: Unsupported feature
2025-07-21 10:26:43.873 - Can't obtain procedure metadata nor jdbc metadata
2025-07-21 10:26:43.874 - Error positioning on query error
org.eclipse.core.runtime.AssertionFailedException: assertion failed: 
	at org.eclipse.core.runtime.Assert.isTrue(Assert.java:121)
	at org.eclipse.core.runtime.Assert.isTrue(Assert.java:106)
	at org.eclipse.jface.text.Position.<init>(Position.java:66)
	at org.jkiss.dbeaver.ui.editors.sql.SQLEditorBase.visualizeQueryErrors(SQLEditorBase.java:1067)
	at org.jkiss.dbeaver.ui.editors.sql.SQLEditor$SQLEditorQueryListener.processQueryResult(SQLEditor.java:5187)
	at org.jkiss.dbeaver.ui.editors.sql.SQLEditor$SQLEditorQueryListener.lambda$5(SQLEditor.java:5139)
	at org.jkiss.dbeaver.ui.UIUtils$5.runInUIThread(UIUtils.java:1741)
	at org.jkiss.dbeaver.ui.AbstractUIJob.runInUIThread(AbstractUIJob.java:41)
	at org.eclipse.ui.progress.UIJob.lambda$0(UIJob.java:148)
	at org.eclipse.swt.widgets.RunnableLock.run(RunnableLock.java:40)
	at org.eclipse.swt.widgets.Synchronizer.runAsyncMessages(Synchronizer.java:132)
	at org.eclipse.swt.widgets.Display.runAsyncMessages(Display.java:4111)
	at org.eclipse.swt.widgets.Display.readAndDispatch(Display.java:3727)
	at org.eclipse.e4.ui.internal.workbench.swt.PartRenderingEngine$5.run(PartRenderingEngine.java:1151)
	at org.eclipse.core.databinding.observable.Realm.runWithDefault(Realm.java:339)
	at org.eclipse.e4.ui.internal.workbench.swt.PartRenderingEngine.run(PartRenderingEngine.java:1042)
	at org.eclipse.e4.ui.internal.workbench.E4Workbench.createAndRunUI(E4Workbench.java:153)
	at org.eclipse.ui.internal.Workbench.lambda$3(Workbench.java:678)
	at org.eclipse.core.databinding.observable.Realm.runWithDefault(Realm.java:339)
	at org.eclipse.ui.internal.Workbench.createAndRunWorkbench(Workbench.java:583)
	at org.eclipse.ui.PlatformUI.createAndRunWorkbench(PlatformUI.java:173)
	at org.jkiss.dbeaver.ui.app.standalone.DBeaverApplication.start(DBeaverApplication.java:323)
	at org.eclipse.equinox.internal.app.EclipseAppHandle.run(EclipseAppHandle.java:219)
	at org.eclipse.core.runtime.internal.adaptor.EclipseAppLauncher.runApplication(EclipseAppLauncher.java:149)
	at org.eclipse.core.runtime.internal.adaptor.EclipseAppLauncher.start(EclipseAppLauncher.java:115)
	at org.eclipse.core.runtime.adaptor.EclipseStarter.run(EclipseStarter.java:467)
	at org.eclipse.core.runtime.adaptor.EclipseStarter.run(EclipseStarter.java:298)
	at java.base/jdk.internal.reflect.DirectMethodHandleAccessor.invoke(Unknown Source)
	at java.base/java.lang.reflect.Method.invoke(Unknown Source)
	at org.jkiss.dbeaver.launcher.DBeaverLauncher.invokeFramework(DBeaverLauncher.java:823)
	at org.jkiss.dbeaver.launcher.DBeaverLauncher.basicRun(DBeaverLauncher.java:648)
	at org.jkiss.dbeaver.launcher.DBeaverLauncher.run(DBeaverLauncher.java:1604)
2025-07-21 10:26:53.463 - SQL Error [933] [42000]: ORA-00933: SQL command not properly ended

org.jkiss.dbeaver.model.sql.DBSQLException: SQL Error [933] [42000]: ORA-00933: SQL command not properly ended

	at org.jkiss.dbeaver.model.impl.jdbc.exec.JDBCStatementImpl.executeStatement(JDBCStatementImpl.java:130)
	at org.jkiss.dbeaver.ui.editors.sql.execute.SQLQueryJob.executeStatement(SQLQueryJob.java:657)
	at org.jkiss.dbeaver.ui.editors.sql.execute.SQLQueryJob.lambda$2(SQLQueryJob.java:550)
	at org.jkiss.dbeaver.model.exec.DBExecUtils.tryExecuteRecover(DBExecUtils.java:189)
	at org.jkiss.dbeaver.ui.editors.sql.execute.SQLQueryJob.executeSingleQuery(SQLQueryJob.java:569)
	at org.jkiss.dbeaver.ui.editors.sql.execute.SQLQueryJob.extractData(SQLQueryJob.java:1043)
	at org.jkiss.dbeaver.ui.editors.sql.SQLEditor$QueryResultsContainer.readData(SQLEditor.java:4495)
	at org.jkiss.dbeaver.ui.controls.resultset.ResultSetJobDataRead.lambda$0(ResultSetJobDataRead.java:128)
	at org.jkiss.dbeaver.model.exec.DBExecUtils.tryExecuteRecover(DBExecUtils.java:189)
	at org.jkiss.dbeaver.ui.controls.resultset.ResultSetJobDataRead.run(ResultSetJobDataRead.java:126)
	at org.jkiss.dbeaver.ui.controls.resultset.ResultSetViewer$ResultSetDataPumpJob.run(ResultSetViewer.java:5146)
	at org.jkiss.dbeaver.model.runtime.AbstractJob.run(AbstractJob.java:119)
	at org.eclipse.core.internal.jobs.Worker.run(Worker.java:63)
Caused by: java.sql.SQLSyntaxErrorException: ORA-00933: SQL command not properly ended

	at oracle.jdbc.driver.T4CTTIoer.processError(T4CTTIoer.java:440)
	at oracle.jdbc.driver.T4CTTIoer.processError(T4CTTIoer.java:396)
	at oracle.jdbc.driver.T4C8Oall.processError(T4C8Oall.java:837)
	at oracle.jdbc.driver.T4CTTIfun.receive(T4CTTIfun.java:445)
	at oracle.jdbc.driver.T4CTTIfun.doRPC(T4CTTIfun.java:191)
	at oracle.jdbc.driver.T4C8Oall.doOALL(T4C8Oall.java:523)
	at oracle.jdbc.driver.T4CStatement.doOall8(T4CStatement.java:193)
	at oracle.jdbc.driver.T4CStatement.executeForDescribe(T4CStatement.java:848)
	at oracle.jdbc.driver.OracleStatement.executeMaybeDescribe(OracleStatement.java:1153)
	at oracle.jdbc.driver.OracleStatement.doExecuteWithTimeout(OracleStatement.java:1275)
	at oracle.jdbc.driver.OracleStatement.executeInternal(OracleStatement.java:1890)
	at oracle.jdbc.driver.OracleStatement.execute(OracleStatement.java:1855)
	at oracle.jdbc.driver.OracleStatementWrapper.execute(OracleStatementWrapper.java:304)
	at org.jkiss.dbeaver.model.impl.jdbc.exec.JDBCStatementImpl.execute(JDBCStatementImpl.java:344)
	at org.jkiss.dbeaver.model.impl.jdbc.exec.JDBCStatementImpl.executeStatement(JDBCStatementImpl.java:128)
	... 12 more
2025-07-21 10:26:53.520 - Error binding callable statement parameters from metadata: Unsupported feature
2025-07-21 10:26:53.520 - Error obtaining output parameters from metadata: Unsupported feature
2025-07-21 10:26:53.520 - Can't obtain procedure metadata nor jdbc metadata
2025-07-21 10:26:53.520 - Error positioning on query error
org.eclipse.core.runtime.AssertionFailedException: assertion failed: 
	at org.eclipse.core.runtime.Assert.isTrue(Assert.java:121)
	at org.eclipse.core.runtime.Assert.isTrue(Assert.java:106)
	at org.eclipse.jface.text.Position.<init>(Position.java:66)
	at org.jkiss.dbeaver.ui.editors.sql.SQLEditorBase.visualizeQueryErrors(SQLEditorBase.java:1067)
	at org.jkiss.dbeaver.ui.editors.sql.SQLEditor$SQLEditorQueryListener.processQueryResult(SQLEditor.java:5187)
	at org.jkiss.dbeaver.ui.editors.sql.SQLEditor$SQLEditorQueryListener.lambda$5(SQLEditor.java:5139)
	at org.jkiss.dbeaver.ui.UIUtils$5.runInUIThread(UIUtils.java:1741)
	at org.jkiss.dbeaver.ui.AbstractUIJob.runInUIThread(AbstractUIJob.java:41)
	at org.eclipse.ui.progress.UIJob.lambda$0(UIJob.java:148)
	at org.eclipse.swt.widgets.RunnableLock.run(RunnableLock.java:40)
	at org.eclipse.swt.widgets.Synchronizer.runAsyncMessages(Synchronizer.java:132)
	at org.eclipse.swt.widgets.Display.runAsyncMessages(Display.java:4111)
	at org.eclipse.swt.widgets.Display.readAndDispatch(Display.java:3727)
	at org.eclipse.e4.ui.internal.workbench.swt.PartRenderingEngine$5.run(PartRenderingEngine.java:1151)
	at org.eclipse.core.databinding.observable.Realm.runWithDefault(Realm.java:339)
	at org.eclipse.e4.ui.internal.workbench.swt.PartRenderingEngine.run(PartRenderingEngine.java:1042)
	at org.eclipse.e4.ui.internal.workbench.E4Workbench.createAndRunUI(E4Workbench.java:153)
	at org.eclipse.ui.internal.Workbench.lambda$3(Workbench.java:678)
	at org.eclipse.core.databinding.observable.Realm.runWithDefault(Realm.java:339)
	at org.eclipse.ui.internal.Workbench.createAndRunWorkbench(Workbench.java:583)
	at org.eclipse.ui.PlatformUI.createAndRunWorkbench(PlatformUI.java:173)
	at org.jkiss.dbeaver.ui.app.standalone.DBeaverApplication.start(DBeaverApplication.java:323)
	at org.eclipse.equinox.internal.app.EclipseAppHandle.run(EclipseAppHandle.java:219)
	at org.eclipse.core.runtime.internal.adaptor.EclipseAppLauncher.runApplication(EclipseAppLauncher.java:149)
	at org.eclipse.core.runtime.internal.adaptor.EclipseAppLauncher.start(EclipseAppLauncher.java:115)
	at org.eclipse.core.runtime.adaptor.EclipseStarter.run(EclipseStarter.java:467)
	at org.eclipse.core.runtime.adaptor.EclipseStarter.run(EclipseStarter.java:298)
	at java.base/jdk.internal.reflect.DirectMethodHandleAccessor.invoke(Unknown Source)
	at java.base/java.lang.reflect.Method.invoke(Unknown Source)
	at org.jkiss.dbeaver.launcher.DBeaverLauncher.invokeFramework(DBeaverLauncher.java:823)
	at org.jkiss.dbeaver.launcher.DBeaverLauncher.basicRun(DBeaverLauncher.java:648)
	at org.jkiss.dbeaver.launcher.DBeaverLauncher.run(DBeaverLauncher.java:1604)
2025-07-21 10:27:48.469 - Execution context opened (XE; SQLEditor <day06 (집계함수, GROUP BY).sql>; 14)
2025-07-21 10:28:10.506 - Execution context opened (XE; SQLEditor <day06(서브쿼리 실습).sql>; 15)
2025-07-21 10:28:48.068 - Connect with 'XE' (oracle_thin-19811a32611-420c920be9230700)
2025-07-21 10:28:48.069 - Execution context opened (XE; Main; 16)
2025-07-21 10:28:48.079 - Execution context opened (XE; Metadata; 17)
2025-07-21 10:28:48.092 - Connected (oracle_thin-19811a32611-420c920be9230700, Oracle JDBC driver [11.2.0.2.0])
2025-07-21 10:28:48.129 - Execution context opened (XE; SQLEditor <day05(DML2).sql>; 18)
2025-07-21 10:29:54.278 - SQL Error [923] [42000]: ORA-00923: FROM keyword not found where expected

org.jkiss.dbeaver.model.sql.DBSQLException: SQL Error [923] [42000]: ORA-00923: FROM keyword not found where expected

	at org.jkiss.dbeaver.model.impl.jdbc.exec.JDBCStatementImpl.executeStatement(JDBCStatementImpl.java:130)
	at org.jkiss.dbeaver.ui.editors.sql.execute.SQLQueryJob.executeStatement(SQLQueryJob.java:657)
	at org.jkiss.dbeaver.ui.editors.sql.execute.SQLQueryJob.lambda$2(SQLQueryJob.java:550)
	at org.jkiss.dbeaver.model.exec.DBExecUtils.tryExecuteRecover(DBExecUtils.java:189)
	at org.jkiss.dbeaver.ui.editors.sql.execute.SQLQueryJob.executeSingleQuery(SQLQueryJob.java:569)
	at org.jkiss.dbeaver.ui.editors.sql.execute.SQLQueryJob.extractData(SQLQueryJob.java:1043)
	at org.jkiss.dbeaver.ui.editors.sql.SQLEditor$QueryResultsContainer.readData(SQLEditor.java:4495)
	at org.jkiss.dbeaver.ui.controls.resultset.ResultSetJobDataRead.lambda$0(ResultSetJobDataRead.java:128)
	at org.jkiss.dbeaver.model.exec.DBExecUtils.tryExecuteRecover(DBExecUtils.java:189)
	at org.jkiss.dbeaver.ui.controls.resultset.ResultSetJobDataRead.run(ResultSetJobDataRead.java:126)
	at org.jkiss.dbeaver.ui.controls.resultset.ResultSetViewer$ResultSetDataPumpJob.run(ResultSetViewer.java:5146)
	at org.jkiss.dbeaver.model.runtime.AbstractJob.run(AbstractJob.java:119)
	at org.eclipse.core.internal.jobs.Worker.run(Worker.java:63)
Caused by: java.sql.SQLSyntaxErrorException: ORA-00923: FROM keyword not found where expected

	at oracle.jdbc.driver.T4CTTIoer.processError(T4CTTIoer.java:440)
	at oracle.jdbc.driver.T4CTTIoer.processError(T4CTTIoer.java:396)
	at oracle.jdbc.driver.T4C8Oall.processError(T4C8Oall.java:837)
	at oracle.jdbc.driver.T4CTTIfun.receive(T4CTTIfun.java:445)
	at oracle.jdbc.driver.T4CTTIfun.doRPC(T4CTTIfun.java:191)
	at oracle.jdbc.driver.T4C8Oall.doOALL(T4C8Oall.java:523)
	at oracle.jdbc.driver.T4CStatement.doOall8(T4CStatement.java:193)
	at oracle.jdbc.driver.T4CStatement.executeForDescribe(T4CStatement.java:848)
	at oracle.jdbc.driver.OracleStatement.executeMaybeDescribe(OracleStatement.java:1153)
	at oracle.jdbc.driver.OracleStatement.doExecuteWithTimeout(OracleStatement.java:1275)
	at oracle.jdbc.driver.OracleStatement.executeInternal(OracleStatement.java:1890)
	at oracle.jdbc.driver.OracleStatement.execute(OracleStatement.java:1855)
	at oracle.jdbc.driver.OracleStatementWrapper.execute(OracleStatementWrapper.java:304)
	at org.jkiss.dbeaver.model.impl.jdbc.exec.JDBCStatementImpl.execute(JDBCStatementImpl.java:344)
	at org.jkiss.dbeaver.model.impl.jdbc.exec.JDBCStatementImpl.executeStatement(JDBCStatementImpl.java:128)
	... 12 more
2025-07-21 10:29:54.339 - Error binding callable statement parameters from metadata: Unsupported feature
2025-07-21 10:29:54.339 - Error obtaining output parameters from metadata: Unsupported feature
2025-07-21 10:29:54.339 - Can't obtain procedure metadata nor jdbc metadata
2025-07-21 10:30:23.443 - SQL Error [923] [42000]: ORA-00923: FROM keyword not found where expected

org.jkiss.dbeaver.model.sql.DBSQLException: SQL Error [923] [42000]: ORA-00923: FROM keyword not found where expected

	at org.jkiss.dbeaver.model.impl.jdbc.exec.JDBCStatementImpl.executeStatement(JDBCStatementImpl.java:130)
	at org.jkiss.dbeaver.ui.editors.sql.execute.SQLQueryJob.executeStatement(SQLQueryJob.java:657)
	at org.jkiss.dbeaver.ui.editors.sql.execute.SQLQueryJob.lambda$2(SQLQueryJob.java:550)
	at org.jkiss.dbeaver.model.exec.DBExecUtils.tryExecuteRecover(DBExecUtils.java:189)
	at org.jkiss.dbeaver.ui.editors.sql.execute.SQLQueryJob.executeSingleQuery(SQLQueryJob.java:569)
	at org.jkiss.dbeaver.ui.editors.sql.execute.SQLQueryJob.extractData(SQLQueryJob.java:1043)
	at org.jkiss.dbeaver.ui.editors.sql.SQLEditor$QueryResultsContainer.readData(SQLEditor.java:4495)
	at org.jkiss.dbeaver.ui.controls.resultset.ResultSetJobDataRead.lambda$0(ResultSetJobDataRead.java:128)
	at org.jkiss.dbeaver.model.exec.DBExecUtils.tryExecuteRecover(DBExecUtils.java:189)
	at org.jkiss.dbeaver.ui.controls.resultset.ResultSetJobDataRead.run(ResultSetJobDataRead.java:126)
	at org.jkiss.dbeaver.ui.controls.resultset.ResultSetViewer$ResultSetDataPumpJob.run(ResultSetViewer.java:5146)
	at org.jkiss.dbeaver.model.runtime.AbstractJob.run(AbstractJob.java:119)
	at org.eclipse.core.internal.jobs.Worker.run(Worker.java:63)
Caused by: java.sql.SQLSyntaxErrorException: ORA-00923: FROM keyword not found where expected

	at oracle.jdbc.driver.T4CTTIoer.processError(T4CTTIoer.java:440)
	at oracle.jdbc.driver.T4CTTIoer.processError(T4CTTIoer.java:396)
	at oracle.jdbc.driver.T4C8Oall.processError(T4C8Oall.java:837)
	at oracle.jdbc.driver.T4CTTIfun.receive(T4CTTIfun.java:445)
	at oracle.jdbc.driver.T4CTTIfun.doRPC(T4CTTIfun.java:191)
	at oracle.jdbc.driver.T4C8Oall.doOALL(T4C8Oall.java:523)
	at oracle.jdbc.driver.T4CStatement.doOall8(T4CStatement.java:193)
	at oracle.jdbc.driver.T4CStatement.executeForDescribe(T4CStatement.java:848)
	at oracle.jdbc.driver.OracleStatement.executeMaybeDescribe(OracleStatement.java:1153)
	at oracle.jdbc.driver.OracleStatement.doExecuteWithTimeout(OracleStatement.java:1275)
	at oracle.jdbc.driver.OracleStatement.executeInternal(OracleStatement.java:1890)
	at oracle.jdbc.driver.OracleStatement.execute(OracleStatement.java:1855)
	at oracle.jdbc.driver.OracleStatementWrapper.execute(OracleStatementWrapper.java:304)
	at org.jkiss.dbeaver.model.impl.jdbc.exec.JDBCStatementImpl.execute(JDBCStatementImpl.java:344)
	at org.jkiss.dbeaver.model.impl.jdbc.exec.JDBCStatementImpl.executeStatement(JDBCStatementImpl.java:128)
	... 12 more
2025-07-21 10:30:23.496 - Error binding callable statement parameters from metadata: Unsupported feature
2025-07-21 10:30:23.496 - Error obtaining output parameters from metadata: Unsupported feature
2025-07-21 10:30:23.496 - Can't obtain procedure metadata nor jdbc metadata
2025-07-21 10:30:28.113 - SQL Error [923] [42000]: ORA-00923: FROM keyword not found where expected

org.jkiss.dbeaver.model.sql.DBSQLException: SQL Error [923] [42000]: ORA-00923: FROM keyword not found where expected

	at org.jkiss.dbeaver.model.impl.jdbc.exec.JDBCStatementImpl.executeStatement(JDBCStatementImpl.java:130)
	at org.jkiss.dbeaver.ui.editors.sql.execute.SQLQueryJob.executeStatement(SQLQueryJob.java:657)
	at org.jkiss.dbeaver.ui.editors.sql.execute.SQLQueryJob.lambda$2(SQLQueryJob.java:550)
	at org.jkiss.dbeaver.model.exec.DBExecUtils.tryExecuteRecover(DBExecUtils.java:189)
	at org.jkiss.dbeaver.ui.editors.sql.execute.SQLQueryJob.executeSingleQuery(SQLQueryJob.java:569)
	at org.jkiss.dbeaver.ui.editors.sql.execute.SQLQueryJob.extractData(SQLQueryJob.java:1043)
	at org.jkiss.dbeaver.ui.editors.sql.SQLEditor$QueryResultsContainer.readData(SQLEditor.java:4495)
	at org.jkiss.dbeaver.ui.controls.resultset.ResultSetJobDataRead.lambda$0(ResultSetJobDataRead.java:128)
	at org.jkiss.dbeaver.model.exec.DBExecUtils.tryExecuteRecover(DBExecUtils.java:189)
	at org.jkiss.dbeaver.ui.controls.resultset.ResultSetJobDataRead.run(ResultSetJobDataRead.java:126)
	at org.jkiss.dbeaver.ui.controls.resultset.ResultSetViewer$ResultSetDataPumpJob.run(ResultSetViewer.java:5146)
	at org.jkiss.dbeaver.model.runtime.AbstractJob.run(AbstractJob.java:119)
	at org.eclipse.core.internal.jobs.Worker.run(Worker.java:63)
Caused by: java.sql.SQLSyntaxErrorException: ORA-00923: FROM keyword not found where expected

	at oracle.jdbc.driver.T4CTTIoer.processError(T4CTTIoer.java:440)
	at oracle.jdbc.driver.T4CTTIoer.processError(T4CTTIoer.java:396)
	at oracle.jdbc.driver.T4C8Oall.processError(T4C8Oall.java:837)
	at oracle.jdbc.driver.T4CTTIfun.receive(T4CTTIfun.java:445)
	at oracle.jdbc.driver.T4CTTIfun.doRPC(T4CTTIfun.java:191)
	at oracle.jdbc.driver.T4C8Oall.doOALL(T4C8Oall.java:523)
	at oracle.jdbc.driver.T4CStatement.doOall8(T4CStatement.java:193)
	at oracle.jdbc.driver.T4CStatement.executeForDescribe(T4CStatement.java:848)
	at oracle.jdbc.driver.OracleStatement.executeMaybeDescribe(OracleStatement.java:1153)
	at oracle.jdbc.driver.OracleStatement.doExecuteWithTimeout(OracleStatement.java:1275)
	at oracle.jdbc.driver.OracleStatement.executeInternal(OracleStatement.java:1890)
	at oracle.jdbc.driver.OracleStatement.execute(OracleStatement.java:1855)
	at oracle.jdbc.driver.OracleStatementWrapper.execute(OracleStatementWrapper.java:304)
	at org.jkiss.dbeaver.model.impl.jdbc.exec.JDBCStatementImpl.execute(JDBCStatementImpl.java:344)
	at org.jkiss.dbeaver.model.impl.jdbc.exec.JDBCStatementImpl.executeStatement(JDBCStatementImpl.java:128)
	... 12 more
2025-07-21 10:30:28.167 - Error binding callable statement parameters from metadata: Unsupported feature
2025-07-21 10:30:28.167 - Error obtaining output parameters from metadata: Unsupported feature
2025-07-21 10:30:28.167 - Can't obtain procedure metadata nor jdbc metadata
2025-07-21 10:30:36.242 - SQL Error [923] [42000]: ORA-00923: FROM keyword not found where expected

org.jkiss.dbeaver.model.sql.DBSQLException: SQL Error [923] [42000]: ORA-00923: FROM keyword not found where expected

	at org.jkiss.dbeaver.model.impl.jdbc.exec.JDBCStatementImpl.executeStatement(JDBCStatementImpl.java:130)
	at org.jkiss.dbeaver.ui.editors.sql.execute.SQLQueryJob.executeStatement(SQLQueryJob.java:657)
	at org.jkiss.dbeaver.ui.editors.sql.execute.SQLQueryJob.lambda$2(SQLQueryJob.java:550)
	at org.jkiss.dbeaver.model.exec.DBExecUtils.tryExecuteRecover(DBExecUtils.java:189)
	at org.jkiss.dbeaver.ui.editors.sql.execute.SQLQueryJob.executeSingleQuery(SQLQueryJob.java:569)
	at org.jkiss.dbeaver.ui.editors.sql.execute.SQLQueryJob.extractData(SQLQueryJob.java:1043)
	at org.jkiss.dbeaver.ui.editors.sql.SQLEditor$QueryResultsContainer.readData(SQLEditor.java:4495)
	at org.jkiss.dbeaver.ui.controls.resultset.ResultSetJobDataRead.lambda$0(ResultSetJobDataRead.java:128)
	at org.jkiss.dbeaver.model.exec.DBExecUtils.tryExecuteRecover(DBExecUtils.java:189)
	at org.jkiss.dbeaver.ui.controls.resultset.ResultSetJobDataRead.run(ResultSetJobDataRead.java:126)
	at org.jkiss.dbeaver.ui.controls.resultset.ResultSetViewer$ResultSetDataPumpJob.run(ResultSetViewer.java:5146)
	at org.jkiss.dbeaver.model.runtime.AbstractJob.run(AbstractJob.java:119)
	at org.eclipse.core.internal.jobs.Worker.run(Worker.java:63)
Caused by: java.sql.SQLSyntaxErrorException: ORA-00923: FROM keyword not found where expected

	at oracle.jdbc.driver.T4CTTIoer.processError(T4CTTIoer.java:440)
	at oracle.jdbc.driver.T4CTTIoer.processError(T4CTTIoer.java:396)
	at oracle.jdbc.driver.T4C8Oall.processError(T4C8Oall.java:837)
	at oracle.jdbc.driver.T4CTTIfun.receive(T4CTTIfun.java:445)
	at oracle.jdbc.driver.T4CTTIfun.doRPC(T4CTTIfun.java:191)
	at oracle.jdbc.driver.T4C8Oall.doOALL(T4C8Oall.java:523)
	at oracle.jdbc.driver.T4CStatement.doOall8(T4CStatement.java:193)
	at oracle.jdbc.driver.T4CStatement.executeForDescribe(T4CStatement.java:848)
	at oracle.jdbc.driver.OracleStatement.executeMaybeDescribe(OracleStatement.java:1153)
	at oracle.jdbc.driver.OracleStatement.doExecuteWithTimeout(OracleStatement.java:1275)
	at oracle.jdbc.driver.OracleStatement.executeInternal(OracleStatement.java:1890)
	at oracle.jdbc.driver.OracleStatement.execute(OracleStatement.java:1855)
	at oracle.jdbc.driver.OracleStatementWrapper.execute(OracleStatementWrapper.java:304)
	at org.jkiss.dbeaver.model.impl.jdbc.exec.JDBCStatementImpl.execute(JDBCStatementImpl.java:344)
	at org.jkiss.dbeaver.model.impl.jdbc.exec.JDBCStatementImpl.executeStatement(JDBCStatementImpl.java:128)
	... 12 more
2025-07-21 10:30:36.296 - Error binding callable statement parameters from metadata: Unsupported feature
2025-07-21 10:30:36.296 - Error obtaining output parameters from metadata: Unsupported feature
2025-07-21 10:30:36.296 - Can't obtain procedure metadata nor jdbc metadata
2025-07-21 10:31:12.658 - SQL Error [904] [42000]: ORA-00904: "NATION": invalid identifier

org.jkiss.dbeaver.model.sql.DBSQLException: SQL Error [904] [42000]: ORA-00904: "NATION": invalid identifier

	at org.jkiss.dbeaver.model.impl.jdbc.exec.JDBCStatementImpl.executeStatement(JDBCStatementImpl.java:130)
	at org.jkiss.dbeaver.ui.editors.sql.execute.SQLQueryJob.executeStatement(SQLQueryJob.java:657)
	at org.jkiss.dbeaver.ui.editors.sql.execute.SQLQueryJob.lambda$2(SQLQueryJob.java:550)
	at org.jkiss.dbeaver.model.exec.DBExecUtils.tryExecuteRecover(DBExecUtils.java:189)
	at org.jkiss.dbeaver.ui.editors.sql.execute.SQLQueryJob.executeSingleQuery(SQLQueryJob.java:569)
	at org.jkiss.dbeaver.ui.editors.sql.execute.SQLQueryJob.extractData(SQLQueryJob.java:1043)
	at org.jkiss.dbeaver.ui.editors.sql.SQLEditor$QueryResultsContainer.readData(SQLEditor.java:4495)
	at org.jkiss.dbeaver.ui.controls.resultset.ResultSetJobDataRead.lambda$0(ResultSetJobDataRead.java:128)
	at org.jkiss.dbeaver.model.exec.DBExecUtils.tryExecuteRecover(DBExecUtils.java:189)
	at org.jkiss.dbeaver.ui.controls.resultset.ResultSetJobDataRead.run(ResultSetJobDataRead.java:126)
	at org.jkiss.dbeaver.ui.controls.resultset.ResultSetViewer$ResultSetDataPumpJob.run(ResultSetViewer.java:5146)
	at org.jkiss.dbeaver.model.runtime.AbstractJob.run(AbstractJob.java:119)
	at org.eclipse.core.internal.jobs.Worker.run(Worker.java:63)
Caused by: java.sql.SQLSyntaxErrorException: ORA-00904: "NATION": invalid identifier

	at oracle.jdbc.driver.T4CTTIoer.processError(T4CTTIoer.java:440)
	at oracle.jdbc.driver.T4CTTIoer.processError(T4CTTIoer.java:396)
	at oracle.jdbc.driver.T4C8Oall.processError(T4C8Oall.java:837)
	at oracle.jdbc.driver.T4CTTIfun.receive(T4CTTIfun.java:445)
	at oracle.jdbc.driver.T4CTTIfun.doRPC(T4CTTIfun.java:191)
	at oracle.jdbc.driver.T4C8Oall.doOALL(T4C8Oall.java:523)
	at oracle.jdbc.driver.T4CStatement.doOall8(T4CStatement.java:193)
	at oracle.jdbc.driver.T4CStatement.executeForDescribe(T4CStatement.java:848)
	at oracle.jdbc.driver.OracleStatement.executeMaybeDescribe(OracleStatement.java:1153)
	at oracle.jdbc.driver.OracleStatement.doExecuteWithTimeout(OracleStatement.java:1275)
	at oracle.jdbc.driver.OracleStatement.executeInternal(OracleStatement.java:1890)
	at oracle.jdbc.driver.OracleStatement.execute(OracleStatement.java:1855)
	at oracle.jdbc.driver.OracleStatementWrapper.execute(OracleStatementWrapper.java:304)
	at org.jkiss.dbeaver.model.impl.jdbc.exec.JDBCStatementImpl.execute(JDBCStatementImpl.java:344)
	at org.jkiss.dbeaver.model.impl.jdbc.exec.JDBCStatementImpl.executeStatement(JDBCStatementImpl.java:128)
	... 12 more
2025-07-21 10:31:12.714 - Error binding callable statement parameters from metadata: Unsupported feature
2025-07-21 10:31:12.714 - Error obtaining output parameters from metadata: Unsupported feature
2025-07-21 10:31:12.714 - Can't obtain procedure metadata nor jdbc metadata
2025-07-21 10:31:14.219 - SQL Error [904] [42000]: ORA-00904: "NATION": invalid identifier

org.jkiss.dbeaver.model.sql.DBSQLException: SQL Error [904] [42000]: ORA-00904: "NATION": invalid identifier

	at org.jkiss.dbeaver.model.impl.jdbc.exec.JDBCStatementImpl.executeStatement(JDBCStatementImpl.java:130)
	at org.jkiss.dbeaver.ui.editors.sql.execute.SQLQueryJob.executeStatement(SQLQueryJob.java:657)
	at org.jkiss.dbeaver.ui.editors.sql.execute.SQLQueryJob.lambda$2(SQLQueryJob.java:550)
	at org.jkiss.dbeaver.model.exec.DBExecUtils.tryExecuteRecover(DBExecUtils.java:189)
	at org.jkiss.dbeaver.ui.editors.sql.execute.SQLQueryJob.executeSingleQuery(SQLQueryJob.java:569)
	at org.jkiss.dbeaver.ui.editors.sql.execute.SQLQueryJob.extractData(SQLQueryJob.java:1043)
	at org.jkiss.dbeaver.ui.editors.sql.SQLEditor$QueryResultsContainer.readData(SQLEditor.java:4495)
	at org.jkiss.dbeaver.ui.controls.resultset.ResultSetJobDataRead.lambda$0(ResultSetJobDataRead.java:128)
	at org.jkiss.dbeaver.model.exec.DBExecUtils.tryExecuteRecover(DBExecUtils.java:189)
	at org.jkiss.dbeaver.ui.controls.resultset.ResultSetJobDataRead.run(ResultSetJobDataRead.java:126)
	at org.jkiss.dbeaver.ui.controls.resultset.ResultSetViewer$ResultSetDataPumpJob.run(ResultSetViewer.java:5146)
	at org.jkiss.dbeaver.model.runtime.AbstractJob.run(AbstractJob.java:119)
	at org.eclipse.core.internal.jobs.Worker.run(Worker.java:63)
Caused by: java.sql.SQLSyntaxErrorException: ORA-00904: "NATION": invalid identifier

	at oracle.jdbc.driver.T4CTTIoer.processError(T4CTTIoer.java:440)
	at oracle.jdbc.driver.T4CTTIoer.processError(T4CTTIoer.java:396)
	at oracle.jdbc.driver.T4C8Oall.processError(T4C8Oall.java:837)
	at oracle.jdbc.driver.T4CTTIfun.receive(T4CTTIfun.java:445)
	at oracle.jdbc.driver.T4CTTIfun.doRPC(T4CTTIfun.java:191)
	at oracle.jdbc.driver.T4C8Oall.doOALL(T4C8Oall.java:523)
	at oracle.jdbc.driver.T4CStatement.doOall8(T4CStatement.java:193)
	at oracle.jdbc.driver.T4CStatement.executeForDescribe(T4CStatement.java:848)
	at oracle.jdbc.driver.OracleStatement.executeMaybeDescribe(OracleStatement.java:1153)
	at oracle.jdbc.driver.OracleStatement.doExecuteWithTimeout(OracleStatement.java:1275)
	at oracle.jdbc.driver.OracleStatement.executeInternal(OracleStatement.java:1890)
	at oracle.jdbc.driver.OracleStatement.execute(OracleStatement.java:1855)
	at oracle.jdbc.driver.OracleStatementWrapper.execute(OracleStatementWrapper.java:304)
	at org.jkiss.dbeaver.model.impl.jdbc.exec.JDBCStatementImpl.execute(JDBCStatementImpl.java:344)
	at org.jkiss.dbeaver.model.impl.jdbc.exec.JDBCStatementImpl.executeStatement(JDBCStatementImpl.java:128)
	... 12 more
2025-07-21 10:31:14.273 - Error binding callable statement parameters from metadata: Unsupported feature
2025-07-21 10:31:14.273 - Error obtaining output parameters from metadata: Unsupported feature
2025-07-21 10:31:14.273 - Can't obtain procedure metadata nor jdbc metadata
2025-07-21 10:31:22.838 - SQL Error [923] [42000]: ORA-00923: FROM keyword not found where expected

org.jkiss.dbeaver.model.sql.DBSQLException: SQL Error [923] [42000]: ORA-00923: FROM keyword not found where expected

	at org.jkiss.dbeaver.model.impl.jdbc.exec.JDBCStatementImpl.executeStatement(JDBCStatementImpl.java:130)
	at org.jkiss.dbeaver.ui.editors.sql.execute.SQLQueryJob.executeStatement(SQLQueryJob.java:657)
	at org.jkiss.dbeaver.ui.editors.sql.execute.SQLQueryJob.lambda$2(SQLQueryJob.java:550)
	at org.jkiss.dbeaver.model.exec.DBExecUtils.tryExecuteRecover(DBExecUtils.java:189)
	at org.jkiss.dbeaver.ui.editors.sql.execute.SQLQueryJob.executeSingleQuery(SQLQueryJob.java:569)
	at org.jkiss.dbeaver.ui.editors.sql.execute.SQLQueryJob.extractData(SQLQueryJob.java:1043)
	at org.jkiss.dbeaver.ui.editors.sql.SQLEditor$QueryResultsContainer.readData(SQLEditor.java:4495)
	at org.jkiss.dbeaver.ui.controls.resultset.ResultSetJobDataRead.lambda$0(ResultSetJobDataRead.java:128)
	at org.jkiss.dbeaver.model.exec.DBExecUtils.tryExecuteRecover(DBExecUtils.java:189)
	at org.jkiss.dbeaver.ui.controls.resultset.ResultSetJobDataRead.run(ResultSetJobDataRead.java:126)
	at org.jkiss.dbeaver.ui.controls.resultset.ResultSetViewer$ResultSetDataPumpJob.run(ResultSetViewer.java:5146)
	at org.jkiss.dbeaver.model.runtime.AbstractJob.run(AbstractJob.java:119)
	at org.eclipse.core.internal.jobs.Worker.run(Worker.java:63)
Caused by: java.sql.SQLSyntaxErrorException: ORA-00923: FROM keyword not found where expected

	at oracle.jdbc.driver.T4CTTIoer.processError(T4CTTIoer.java:440)
	at oracle.jdbc.driver.T4CTTIoer.processError(T4CTTIoer.java:396)
	at oracle.jdbc.driver.T4C8Oall.processError(T4C8Oall.java:837)
	at oracle.jdbc.driver.T4CTTIfun.receive(T4CTTIfun.java:445)
	at oracle.jdbc.driver.T4CTTIfun.doRPC(T4CTTIfun.java:191)
	at oracle.jdbc.driver.T4C8Oall.doOALL(T4C8Oall.java:523)
	at oracle.jdbc.driver.T4CStatement.doOall8(T4CStatement.java:193)
	at oracle.jdbc.driver.T4CStatement.executeForDescribe(T4CStatement.java:848)
	at oracle.jdbc.driver.OracleStatement.executeMaybeDescribe(OracleStatement.java:1153)
	at oracle.jdbc.driver.OracleStatement.doExecuteWithTimeout(OracleStatement.java:1275)
	at oracle.jdbc.driver.OracleStatement.executeInternal(OracleStatement.java:1890)
	at oracle.jdbc.driver.OracleStatement.execute(OracleStatement.java:1855)
	at oracle.jdbc.driver.OracleStatementWrapper.execute(OracleStatementWrapper.java:304)
	at org.jkiss.dbeaver.model.impl.jdbc.exec.JDBCStatementImpl.execute(JDBCStatementImpl.java:344)
	at org.jkiss.dbeaver.model.impl.jdbc.exec.JDBCStatementImpl.executeStatement(JDBCStatementImpl.java:128)
	... 12 more
2025-07-21 10:31:22.890 - Error binding callable statement parameters from metadata: Unsupported feature
2025-07-21 10:31:22.891 - Error obtaining output parameters from metadata: Unsupported feature
2025-07-21 10:31:22.891 - Can't obtain procedure metadata nor jdbc metadata
2025-07-21 10:31:24.013 - SQL Error [923] [42000]: ORA-00923: FROM keyword not found where expected

org.jkiss.dbeaver.model.sql.DBSQLException: SQL Error [923] [42000]: ORA-00923: FROM keyword not found where expected

	at org.jkiss.dbeaver.model.impl.jdbc.exec.JDBCStatementImpl.executeStatement(JDBCStatementImpl.java:130)
	at org.jkiss.dbeaver.ui.editors.sql.execute.SQLQueryJob.executeStatement(SQLQueryJob.java:657)
	at org.jkiss.dbeaver.ui.editors.sql.execute.SQLQueryJob.lambda$2(SQLQueryJob.java:550)
	at org.jkiss.dbeaver.model.exec.DBExecUtils.tryExecuteRecover(DBExecUtils.java:189)
	at org.jkiss.dbeaver.ui.editors.sql.execute.SQLQueryJob.executeSingleQuery(SQLQueryJob.java:569)
	at org.jkiss.dbeaver.ui.editors.sql.execute.SQLQueryJob.extractData(SQLQueryJob.java:1043)
	at org.jkiss.dbeaver.ui.editors.sql.SQLEditor$QueryResultsContainer.readData(SQLEditor.java:4495)
	at org.jkiss.dbeaver.ui.controls.resultset.ResultSetJobDataRead.lambda$0(ResultSetJobDataRead.java:128)
	at org.jkiss.dbeaver.model.exec.DBExecUtils.tryExecuteRecover(DBExecUtils.java:189)
	at org.jkiss.dbeaver.ui.controls.resultset.ResultSetJobDataRead.run(ResultSetJobDataRead.java:126)
	at org.jkiss.dbeaver.ui.controls.resultset.ResultSetViewer$ResultSetDataPumpJob.run(ResultSetViewer.java:5146)
	at org.jkiss.dbeaver.model.runtime.AbstractJob.run(AbstractJob.java:119)
	at org.eclipse.core.internal.jobs.Worker.run(Worker.java:63)
Caused by: java.sql.SQLSyntaxErrorException: ORA-00923: FROM keyword not found where expected

	at oracle.jdbc.driver.T4CTTIoer.processError(T4CTTIoer.java:440)
	at oracle.jdbc.driver.T4CTTIoer.processError(T4CTTIoer.java:396)
	at oracle.jdbc.driver.T4C8Oall.processError(T4C8Oall.java:837)
	at oracle.jdbc.driver.T4CTTIfun.receive(T4CTTIfun.java:445)
	at oracle.jdbc.driver.T4CTTIfun.doRPC(T4CTTIfun.java:191)
	at oracle.jdbc.driver.T4C8Oall.doOALL(T4C8Oall.java:523)
	at oracle.jdbc.driver.T4CStatement.doOall8(T4CStatement.java:193)
	at oracle.jdbc.driver.T4CStatement.executeForDescribe(T4CStatement.java:848)
	at oracle.jdbc.driver.OracleStatement.executeMaybeDescribe(OracleStatement.java:1153)
	at oracle.jdbc.driver.OracleStatement.doExecuteWithTimeout(OracleStatement.java:1275)
	at oracle.jdbc.driver.OracleStatement.executeInternal(OracleStatement.java:1890)
	at oracle.jdbc.driver.OracleStatement.execute(OracleStatement.java:1855)
	at oracle.jdbc.driver.OracleStatementWrapper.execute(OracleStatementWrapper.java:304)
	at org.jkiss.dbeaver.model.impl.jdbc.exec.JDBCStatementImpl.execute(JDBCStatementImpl.java:344)
	at org.jkiss.dbeaver.model.impl.jdbc.exec.JDBCStatementImpl.executeStatement(JDBCStatementImpl.java:128)
	... 12 more
2025-07-21 10:31:24.073 - Error binding callable statement parameters from metadata: Unsupported feature
2025-07-21 10:31:24.074 - Error obtaining output parameters from metadata: Unsupported feature
2025-07-21 10:31:24.074 - Can't obtain procedure metadata nor jdbc metadata
2025-07-21 10:31:25.452 - SQL Error [904] [42000]: ORA-00904: "NATION": invalid identifier

org.jkiss.dbeaver.model.sql.DBSQLException: SQL Error [904] [42000]: ORA-00904: "NATION": invalid identifier

	at org.jkiss.dbeaver.model.impl.jdbc.exec.JDBCStatementImpl.executeStatement(JDBCStatementImpl.java:130)
	at org.jkiss.dbeaver.ui.editors.sql.execute.SQLQueryJob.executeStatement(SQLQueryJob.java:657)
	at org.jkiss.dbeaver.ui.editors.sql.execute.SQLQueryJob.lambda$2(SQLQueryJob.java:550)
	at org.jkiss.dbeaver.model.exec.DBExecUtils.tryExecuteRecover(DBExecUtils.java:189)
	at org.jkiss.dbeaver.ui.editors.sql.execute.SQLQueryJob.executeSingleQuery(SQLQueryJob.java:569)
	at org.jkiss.dbeaver.ui.editors.sql.execute.SQLQueryJob.extractData(SQLQueryJob.java:1043)
	at org.jkiss.dbeaver.ui.editors.sql.SQLEditor$QueryResultsContainer.readData(SQLEditor.java:4495)
	at org.jkiss.dbeaver.ui.controls.resultset.ResultSetJobDataRead.lambda$0(ResultSetJobDataRead.java:128)
	at org.jkiss.dbeaver.model.exec.DBExecUtils.tryExecuteRecover(DBExecUtils.java:189)
	at org.jkiss.dbeaver.ui.controls.resultset.ResultSetJobDataRead.run(ResultSetJobDataRead.java:126)
	at org.jkiss.dbeaver.ui.controls.resultset.ResultSetViewer$ResultSetDataPumpJob.run(ResultSetViewer.java:5146)
	at org.jkiss.dbeaver.model.runtime.AbstractJob.run(AbstractJob.java:119)
	at org.eclipse.core.internal.jobs.Worker.run(Worker.java:63)
Caused by: java.sql.SQLSyntaxErrorException: ORA-00904: "NATION": invalid identifier

	at oracle.jdbc.driver.T4CTTIoer.processError(T4CTTIoer.java:440)
	at oracle.jdbc.driver.T4CTTIoer.processError(T4CTTIoer.java:396)
	at oracle.jdbc.driver.T4C8Oall.processError(T4C8Oall.java:837)
	at oracle.jdbc.driver.T4CTTIfun.receive(T4CTTIfun.java:445)
	at oracle.jdbc.driver.T4CTTIfun.doRPC(T4CTTIfun.java:191)
	at oracle.jdbc.driver.T4C8Oall.doOALL(T4C8Oall.java:523)
	at oracle.jdbc.driver.T4CStatement.doOall8(T4CStatement.java:193)
	at oracle.jdbc.driver.T4CStatement.executeForDescribe(T4CStatement.java:848)
	at oracle.jdbc.driver.OracleStatement.executeMaybeDescribe(OracleStatement.java:1153)
	at oracle.jdbc.driver.OracleStatement.doExecuteWithTimeout(OracleStatement.java:1275)
	at oracle.jdbc.driver.OracleStatement.executeInternal(OracleStatement.java:1890)
	at oracle.jdbc.driver.OracleStatement.execute(OracleStatement.java:1855)
	at oracle.jdbc.driver.OracleStatementWrapper.execute(OracleStatementWrapper.java:304)
	at org.jkiss.dbeaver.model.impl.jdbc.exec.JDBCStatementImpl.execute(JDBCStatementImpl.java:344)
	at org.jkiss.dbeaver.model.impl.jdbc.exec.JDBCStatementImpl.executeStatement(JDBCStatementImpl.java:128)
	... 12 more
2025-07-21 10:31:25.506 - Error binding callable statement parameters from metadata: Unsupported feature
2025-07-21 10:31:25.506 - Error obtaining output parameters from metadata: Unsupported feature
2025-07-21 10:31:25.506 - Can't obtain procedure metadata nor jdbc metadata
2025-07-21 10:33:03.118 - SQL Error [1747] [42000]: ORA-01747: invalid user.table.column, table.column, or column specification

org.jkiss.dbeaver.model.sql.DBSQLException: SQL Error [1747] [42000]: ORA-01747: invalid user.table.column, table.column, or column specification

	at org.jkiss.dbeaver.model.impl.jdbc.exec.JDBCStatementImpl.executeStatement(JDBCStatementImpl.java:130)
	at org.jkiss.dbeaver.ui.editors.sql.execute.SQLQueryJob.executeStatement(SQLQueryJob.java:657)
	at org.jkiss.dbeaver.ui.editors.sql.execute.SQLQueryJob.lambda$2(SQLQueryJob.java:550)
	at org.jkiss.dbeaver.model.exec.DBExecUtils.tryExecuteRecover(DBExecUtils.java:189)
	at org.jkiss.dbeaver.ui.editors.sql.execute.SQLQueryJob.executeSingleQuery(SQLQueryJob.java:569)
	at org.jkiss.dbeaver.ui.editors.sql.execute.SQLQueryJob.extractData(SQLQueryJob.java:1043)
	at org.jkiss.dbeaver.ui.editors.sql.SQLEditor$QueryResultsContainer.readData(SQLEditor.java:4495)
	at org.jkiss.dbeaver.ui.controls.resultset.ResultSetJobDataRead.lambda$0(ResultSetJobDataRead.java:128)
	at org.jkiss.dbeaver.model.exec.DBExecUtils.tryExecuteRecover(DBExecUtils.java:189)
	at org.jkiss.dbeaver.ui.controls.resultset.ResultSetJobDataRead.run(ResultSetJobDataRead.java:126)
	at org.jkiss.dbeaver.ui.controls.resultset.ResultSetViewer$ResultSetDataPumpJob.run(ResultSetViewer.java:5146)
	at org.jkiss.dbeaver.model.runtime.AbstractJob.run(AbstractJob.java:119)
	at org.eclipse.core.internal.jobs.Worker.run(Worker.java:63)
Caused by: java.sql.SQLSyntaxErrorException: ORA-01747: invalid user.table.column, table.column, or column specification

	at oracle.jdbc.driver.T4CTTIoer.processError(T4CTTIoer.java:440)
	at oracle.jdbc.driver.T4CTTIoer.processError(T4CTTIoer.java:396)
	at oracle.jdbc.driver.T4C8Oall.processError(T4C8Oall.java:837)
	at oracle.jdbc.driver.T4CTTIfun.receive(T4CTTIfun.java:445)
	at oracle.jdbc.driver.T4CTTIfun.doRPC(T4CTTIfun.java:191)
	at oracle.jdbc.driver.T4C8Oall.doOALL(T4C8Oall.java:523)
	at oracle.jdbc.driver.T4CStatement.doOall8(T4CStatement.java:193)
	at oracle.jdbc.driver.T4CStatement.executeForRows(T4CStatement.java:999)
	at oracle.jdbc.driver.OracleStatement.doExecuteWithTimeout(OracleStatement.java:1315)
	at oracle.jdbc.driver.OracleStatement.executeInternal(OracleStatement.java:1890)
	at oracle.jdbc.driver.OracleStatement.execute(OracleStatement.java:1855)
	at oracle.jdbc.driver.OracleStatementWrapper.execute(OracleStatementWrapper.java:304)
	at org.jkiss.dbeaver.model.impl.jdbc.exec.JDBCStatementImpl.execute(JDBCStatementImpl.java:344)
	at org.jkiss.dbeaver.model.impl.jdbc.exec.JDBCStatementImpl.executeStatement(JDBCStatementImpl.java:128)
	... 12 more
2025-07-21 10:33:03.186 - Error binding callable statement parameters from metadata: Unsupported feature
2025-07-21 10:33:03.186 - Error obtaining output parameters from metadata: Unsupported feature
2025-07-21 10:33:03.186 - Can't obtain procedure metadata nor jdbc metadata
2025-07-21 10:33:06.084 - SQL Error [1747] [42000]: ORA-01747: invalid user.table.column, table.column, or column specification

org.jkiss.dbeaver.model.sql.DBSQLException: SQL Error [1747] [42000]: ORA-01747: invalid user.table.column, table.column, or column specification

	at org.jkiss.dbeaver.model.impl.jdbc.exec.JDBCStatementImpl.executeStatement(JDBCStatementImpl.java:130)
	at org.jkiss.dbeaver.ui.editors.sql.execute.SQLQueryJob.executeStatement(SQLQueryJob.java:657)
	at org.jkiss.dbeaver.ui.editors.sql.execute.SQLQueryJob.lambda$2(SQLQueryJob.java:550)
	at org.jkiss.dbeaver.model.exec.DBExecUtils.tryExecuteRecover(DBExecUtils.java:189)
	at org.jkiss.dbeaver.ui.editors.sql.execute.SQLQueryJob.executeSingleQuery(SQLQueryJob.java:569)
	at org.jkiss.dbeaver.ui.editors.sql.execute.SQLQueryJob.extractData(SQLQueryJob.java:1043)
	at org.jkiss.dbeaver.ui.editors.sql.SQLEditor$QueryResultsContainer.readData(SQLEditor.java:4495)
	at org.jkiss.dbeaver.ui.controls.resultset.ResultSetJobDataRead.lambda$0(ResultSetJobDataRead.java:128)
	at org.jkiss.dbeaver.model.exec.DBExecUtils.tryExecuteRecover(DBExecUtils.java:189)
	at org.jkiss.dbeaver.ui.controls.resultset.ResultSetJobDataRead.run(ResultSetJobDataRead.java:126)
	at org.jkiss.dbeaver.ui.controls.resultset.ResultSetViewer$ResultSetDataPumpJob.run(ResultSetViewer.java:5146)
	at org.jkiss.dbeaver.model.runtime.AbstractJob.run(AbstractJob.java:119)
	at org.eclipse.core.internal.jobs.Worker.run(Worker.java:63)
Caused by: java.sql.SQLSyntaxErrorException: ORA-01747: invalid user.table.column, table.column, or column specification

	at oracle.jdbc.driver.T4CTTIoer.processError(T4CTTIoer.java:440)
	at oracle.jdbc.driver.T4CTTIoer.processError(T4CTTIoer.java:396)
	at oracle.jdbc.driver.T4C8Oall.processError(T4C8Oall.java:837)
	at oracle.jdbc.driver.T4CTTIfun.receive(T4CTTIfun.java:445)
	at oracle.jdbc.driver.T4CTTIfun.doRPC(T4CTTIfun.java:191)
	at oracle.jdbc.driver.T4C8Oall.doOALL(T4C8Oall.java:523)
	at oracle.jdbc.driver.T4CStatement.doOall8(T4CStatement.java:193)
	at oracle.jdbc.driver.T4CStatement.executeForRows(T4CStatement.java:999)
	at oracle.jdbc.driver.OracleStatement.doExecuteWithTimeout(OracleStatement.java:1315)
	at oracle.jdbc.driver.OracleStatement.executeInternal(OracleStatement.java:1890)
	at oracle.jdbc.driver.OracleStatement.execute(OracleStatement.java:1855)
	at oracle.jdbc.driver.OracleStatementWrapper.execute(OracleStatementWrapper.java:304)
	at org.jkiss.dbeaver.model.impl.jdbc.exec.JDBCStatementImpl.execute(JDBCStatementImpl.java:344)
	at org.jkiss.dbeaver.model.impl.jdbc.exec.JDBCStatementImpl.executeStatement(JDBCStatementImpl.java:128)
	... 12 more
2025-07-21 10:33:06.140 - Error binding callable statement parameters from metadata: Unsupported feature
2025-07-21 10:33:06.140 - Error obtaining output parameters from metadata: Unsupported feature
2025-07-21 10:33:06.140 - Can't obtain procedure metadata nor jdbc metadata
2025-07-21 10:33:10.421 - SQL Error [971] [42000]: ORA-00971: missing SET keyword

org.jkiss.dbeaver.model.sql.DBSQLException: SQL Error [971] [42000]: ORA-00971: missing SET keyword

	at org.jkiss.dbeaver.model.impl.jdbc.exec.JDBCStatementImpl.executeStatement(JDBCStatementImpl.java:130)
	at org.jkiss.dbeaver.ui.editors.sql.execute.SQLQueryJob.executeStatement(SQLQueryJob.java:657)
	at org.jkiss.dbeaver.ui.editors.sql.execute.SQLQueryJob.lambda$2(SQLQueryJob.java:550)
	at org.jkiss.dbeaver.model.exec.DBExecUtils.tryExecuteRecover(DBExecUtils.java:189)
	at org.jkiss.dbeaver.ui.editors.sql.execute.SQLQueryJob.executeSingleQuery(SQLQueryJob.java:569)
	at org.jkiss.dbeaver.ui.editors.sql.execute.SQLQueryJob.extractData(SQLQueryJob.java:1043)
	at org.jkiss.dbeaver.ui.editors.sql.SQLEditor$QueryResultsContainer.readData(SQLEditor.java:4495)
	at org.jkiss.dbeaver.ui.controls.resultset.ResultSetJobDataRead.lambda$0(ResultSetJobDataRead.java:128)
	at org.jkiss.dbeaver.model.exec.DBExecUtils.tryExecuteRecover(DBExecUtils.java:189)
	at org.jkiss.dbeaver.ui.controls.resultset.ResultSetJobDataRead.run(ResultSetJobDataRead.java:126)
	at org.jkiss.dbeaver.ui.controls.resultset.ResultSetViewer$ResultSetDataPumpJob.run(ResultSetViewer.java:5146)
	at org.jkiss.dbeaver.model.runtime.AbstractJob.run(AbstractJob.java:119)
	at org.eclipse.core.internal.jobs.Worker.run(Worker.java:63)
Caused by: java.sql.SQLSyntaxErrorException: ORA-00971: missing SET keyword

	at oracle.jdbc.driver.T4CTTIoer.processError(T4CTTIoer.java:440)
	at oracle.jdbc.driver.T4CTTIoer.processError(T4CTTIoer.java:396)
	at oracle.jdbc.driver.T4C8Oall.processError(T4C8Oall.java:837)
	at oracle.jdbc.driver.T4CTTIfun.receive(T4CTTIfun.java:445)
	at oracle.jdbc.driver.T4CTTIfun.doRPC(T4CTTIfun.java:191)
	at oracle.jdbc.driver.T4C8Oall.doOALL(T4C8Oall.java:523)
	at oracle.jdbc.driver.T4CStatement.doOall8(T4CStatement.java:193)
	at oracle.jdbc.driver.T4CStatement.executeForRows(T4CStatement.java:999)
	at oracle.jdbc.driver.OracleStatement.doExecuteWithTimeout(OracleStatement.java:1315)
	at oracle.jdbc.driver.OracleStatement.executeInternal(OracleStatement.java:1890)
	at oracle.jdbc.driver.OracleStatement.execute(OracleStatement.java:1855)
	at oracle.jdbc.driver.OracleStatementWrapper.execute(OracleStatementWrapper.java:304)
	at org.jkiss.dbeaver.model.impl.jdbc.exec.JDBCStatementImpl.execute(JDBCStatementImpl.java:344)
	at org.jkiss.dbeaver.model.impl.jdbc.exec.JDBCStatementImpl.executeStatement(JDBCStatementImpl.java:128)
	... 12 more
2025-07-21 10:33:10.475 - Error binding callable statement parameters from metadata: Unsupported feature
2025-07-21 10:33:10.475 - Error obtaining output parameters from metadata: Unsupported feature
2025-07-21 10:33:10.475 - Can't obtain procedure metadata nor jdbc metadata
2025-07-21 10:33:13.058 - SQL Error [1747] [42000]: ORA-01747: invalid user.table.column, table.column, or column specification

org.jkiss.dbeaver.model.sql.DBSQLException: SQL Error [1747] [42000]: ORA-01747: invalid user.table.column, table.column, or column specification

	at org.jkiss.dbeaver.model.impl.jdbc.exec.JDBCStatementImpl.executeStatement(JDBCStatementImpl.java:130)
	at org.jkiss.dbeaver.ui.editors.sql.execute.SQLQueryJob.executeStatement(SQLQueryJob.java:657)
	at org.jkiss.dbeaver.ui.editors.sql.execute.SQLQueryJob.lambda$2(SQLQueryJob.java:550)
	at org.jkiss.dbeaver.model.exec.DBExecUtils.tryExecuteRecover(DBExecUtils.java:189)
	at org.jkiss.dbeaver.ui.editors.sql.execute.SQLQueryJob.executeSingleQuery(SQLQueryJob.java:569)
	at org.jkiss.dbeaver.ui.editors.sql.execute.SQLQueryJob.extractData(SQLQueryJob.java:1043)
	at org.jkiss.dbeaver.ui.editors.sql.SQLEditor$QueryResultsContainer.readData(SQLEditor.java:4495)
	at org.jkiss.dbeaver.ui.controls.resultset.ResultSetJobDataRead.lambda$0(ResultSetJobDataRead.java:128)
	at org.jkiss.dbeaver.model.exec.DBExecUtils.tryExecuteRecover(DBExecUtils.java:189)
	at org.jkiss.dbeaver.ui.controls.resultset.ResultSetJobDataRead.run(ResultSetJobDataRead.java:126)
	at org.jkiss.dbeaver.ui.controls.resultset.ResultSetViewer$ResultSetDataPumpJob.run(ResultSetViewer.java:5146)
	at org.jkiss.dbeaver.model.runtime.AbstractJob.run(AbstractJob.java:119)
	at org.eclipse.core.internal.jobs.Worker.run(Worker.java:63)
Caused by: java.sql.SQLSyntaxErrorException: ORA-01747: invalid user.table.column, table.column, or column specification

	at oracle.jdbc.driver.T4CTTIoer.processError(T4CTTIoer.java:440)
	at oracle.jdbc.driver.T4CTTIoer.processError(T4CTTIoer.java:396)
	at oracle.jdbc.driver.T4C8Oall.processError(T4C8Oall.java:837)
	at oracle.jdbc.driver.T4CTTIfun.receive(T4CTTIfun.java:445)
	at oracle.jdbc.driver.T4CTTIfun.doRPC(T4CTTIfun.java:191)
	at oracle.jdbc.driver.T4C8Oall.doOALL(T4C8Oall.java:523)
	at oracle.jdbc.driver.T4CStatement.doOall8(T4CStatement.java:193)
	at oracle.jdbc.driver.T4CStatement.executeForRows(T4CStatement.java:999)
	at oracle.jdbc.driver.OracleStatement.doExecuteWithTimeout(OracleStatement.java:1315)
	at oracle.jdbc.driver.OracleStatement.executeInternal(OracleStatement.java:1890)
	at oracle.jdbc.driver.OracleStatement.execute(OracleStatement.java:1855)
	at oracle.jdbc.driver.OracleStatementWrapper.execute(OracleStatementWrapper.java:304)
	at org.jkiss.dbeaver.model.impl.jdbc.exec.JDBCStatementImpl.execute(JDBCStatementImpl.java:344)
	at org.jkiss.dbeaver.model.impl.jdbc.exec.JDBCStatementImpl.executeStatement(JDBCStatementImpl.java:128)
	... 12 more
2025-07-21 10:33:13.114 - Error binding callable statement parameters from metadata: Unsupported feature
2025-07-21 10:33:13.114 - Error obtaining output parameters from metadata: Unsupported feature
2025-07-21 10:33:13.114 - Can't obtain procedure metadata nor jdbc metadata
2025-07-21 10:33:32.189 - SQL Error [1747] [42000]: ORA-01747: invalid user.table.column, table.column, or column specification

org.jkiss.dbeaver.model.sql.DBSQLException: SQL Error [1747] [42000]: ORA-01747: invalid user.table.column, table.column, or column specification

	at org.jkiss.dbeaver.model.impl.jdbc.exec.JDBCStatementImpl.executeStatement(JDBCStatementImpl.java:130)
	at org.jkiss.dbeaver.ui.editors.sql.execute.SQLQueryJob.executeStatement(SQLQueryJob.java:657)
	at org.jkiss.dbeaver.ui.editors.sql.execute.SQLQueryJob.lambda$2(SQLQueryJob.java:550)
	at org.jkiss.dbeaver.model.exec.DBExecUtils.tryExecuteRecover(DBExecUtils.java:189)
	at org.jkiss.dbeaver.ui.editors.sql.execute.SQLQueryJob.executeSingleQuery(SQLQueryJob.java:569)
	at org.jkiss.dbeaver.ui.editors.sql.execute.SQLQueryJob.extractData(SQLQueryJob.java:1043)
	at org.jkiss.dbeaver.ui.editors.sql.SQLEditor$QueryResultsContainer.readData(SQLEditor.java:4495)
	at org.jkiss.dbeaver.ui.controls.resultset.ResultSetJobDataRead.lambda$0(ResultSetJobDataRead.java:128)
	at org.jkiss.dbeaver.model.exec.DBExecUtils.tryExecuteRecover(DBExecUtils.java:189)
	at org.jkiss.dbeaver.ui.controls.resultset.ResultSetJobDataRead.run(ResultSetJobDataRead.java:126)
	at org.jkiss.dbeaver.ui.controls.resultset.ResultSetViewer$ResultSetDataPumpJob.run(ResultSetViewer.java:5146)
	at org.jkiss.dbeaver.model.runtime.AbstractJob.run(AbstractJob.java:119)
	at org.eclipse.core.internal.jobs.Worker.run(Worker.java:63)
Caused by: java.sql.SQLSyntaxErrorException: ORA-01747: invalid user.table.column, table.column, or column specification

	at oracle.jdbc.driver.T4CTTIoer.processError(T4CTTIoer.java:440)
	at oracle.jdbc.driver.T4CTTIoer.processError(T4CTTIoer.java:396)
	at oracle.jdbc.driver.T4C8Oall.processError(T4C8Oall.java:837)
	at oracle.jdbc.driver.T4CTTIfun.receive(T4CTTIfun.java:445)
	at oracle.jdbc.driver.T4CTTIfun.doRPC(T4CTTIfun.java:191)
	at oracle.jdbc.driver.T4C8Oall.doOALL(T4C8Oall.java:523)
	at oracle.jdbc.driver.T4CStatement.doOall8(T4CStatement.java:193)
	at oracle.jdbc.driver.T4CStatement.executeForRows(T4CStatement.java:999)
	at oracle.jdbc.driver.OracleStatement.doExecuteWithTimeout(OracleStatement.java:1315)
	at oracle.jdbc.driver.OracleStatement.executeInternal(OracleStatement.java:1890)
	at oracle.jdbc.driver.OracleStatement.execute(OracleStatement.java:1855)
	at oracle.jdbc.driver.OracleStatementWrapper.execute(OracleStatementWrapper.java:304)
	at org.jkiss.dbeaver.model.impl.jdbc.exec.JDBCStatementImpl.execute(JDBCStatementImpl.java:344)
	at org.jkiss.dbeaver.model.impl.jdbc.exec.JDBCStatementImpl.executeStatement(JDBCStatementImpl.java:128)
	... 12 more
2025-07-21 10:33:32.241 - Error binding callable statement parameters from metadata: Unsupported feature
2025-07-21 10:33:32.241 - Error obtaining output parameters from metadata: Unsupported feature
2025-07-21 10:33:32.241 - Can't obtain procedure metadata nor jdbc metadata
2025-07-21 10:35:32.461 - SQL Error [17439] [99999]: Invalid SQL type: sqlKind = 0
org.jkiss.dbeaver.model.sql.DBSQLException: SQL Error [17439] [99999]: Invalid SQL type: sqlKind = 0
	at org.jkiss.dbeaver.model.impl.jdbc.exec.JDBCStatementImpl.executeStatement(JDBCStatementImpl.java:130)
	at org.jkiss.dbeaver.ui.editors.sql.execute.SQLQueryJob.executeStatement(SQLQueryJob.java:657)
	at org.jkiss.dbeaver.ui.editors.sql.execute.SQLQueryJob.lambda$2(SQLQueryJob.java:550)
	at org.jkiss.dbeaver.model.exec.DBExecUtils.tryExecuteRecover(DBExecUtils.java:189)
	at org.jkiss.dbeaver.ui.editors.sql.execute.SQLQueryJob.executeSingleQuery(SQLQueryJob.java:569)
	at org.jkiss.dbeaver.ui.editors.sql.execute.SQLQueryJob.extractData(SQLQueryJob.java:1043)
	at org.jkiss.dbeaver.ui.editors.sql.SQLEditor$QueryResultsContainer.readData(SQLEditor.java:4495)
	at org.jkiss.dbeaver.ui.controls.resultset.ResultSetJobDataRead.lambda$0(ResultSetJobDataRead.java:128)
	at org.jkiss.dbeaver.model.exec.DBExecUtils.tryExecuteRecover(DBExecUtils.java:189)
	at org.jkiss.dbeaver.ui.controls.resultset.ResultSetJobDataRead.run(ResultSetJobDataRead.java:126)
	at org.jkiss.dbeaver.ui.controls.resultset.ResultSetViewer$ResultSetDataPumpJob.run(ResultSetViewer.java:5146)
	at org.jkiss.dbeaver.model.runtime.AbstractJob.run(AbstractJob.java:119)
	at org.eclipse.core.internal.jobs.Worker.run(Worker.java:63)
Caused by: java.sql.SQLException: Invalid SQL type: sqlKind = 0
	at oracle.jdbc.driver.T4CStatement.doOall8(T4CStatement.java:63)
	at oracle.jdbc.driver.T4CStatement.executeForRows(T4CStatement.java:999)
	at oracle.jdbc.driver.OracleStatement.doExecuteWithTimeout(OracleStatement.java:1315)
	at oracle.jdbc.driver.OracleStatement.executeInternal(OracleStatement.java:1890)
	at oracle.jdbc.driver.OracleStatement.execute(OracleStatement.java:1855)
	at oracle.jdbc.driver.OracleStatementWrapper.execute(OracleStatementWrapper.java:304)
	at org.jkiss.dbeaver.model.impl.jdbc.exec.JDBCStatementImpl.execute(JDBCStatementImpl.java:344)
	at org.jkiss.dbeaver.model.impl.jdbc.exec.JDBCStatementImpl.executeStatement(JDBCStatementImpl.java:128)
	... 12 more
2025-07-21 10:39:08.258 - SQL Error [937] [42000]: ORA-00937: not a single-group group function

org.jkiss.dbeaver.model.sql.DBSQLException: SQL Error [937] [42000]: ORA-00937: not a single-group group function

	at org.jkiss.dbeaver.model.impl.jdbc.exec.JDBCStatementImpl.executeStatement(JDBCStatementImpl.java:130)
	at org.jkiss.dbeaver.ui.editors.sql.execute.SQLQueryJob.executeStatement(SQLQueryJob.java:657)
	at org.jkiss.dbeaver.ui.editors.sql.execute.SQLQueryJob.lambda$2(SQLQueryJob.java:550)
	at org.jkiss.dbeaver.model.exec.DBExecUtils.tryExecuteRecover(DBExecUtils.java:189)
	at org.jkiss.dbeaver.ui.editors.sql.execute.SQLQueryJob.executeSingleQuery(SQLQueryJob.java:569)
	at org.jkiss.dbeaver.ui.editors.sql.execute.SQLQueryJob.extractData(SQLQueryJob.java:1043)
	at org.jkiss.dbeaver.ui.editors.sql.SQLEditor$QueryResultsContainer.readData(SQLEditor.java:4495)
	at org.jkiss.dbeaver.ui.controls.resultset.ResultSetJobDataRead.lambda$0(ResultSetJobDataRead.java:128)
	at org.jkiss.dbeaver.model.exec.DBExecUtils.tryExecuteRecover(DBExecUtils.java:189)
	at org.jkiss.dbeaver.ui.controls.resultset.ResultSetJobDataRead.run(ResultSetJobDataRead.java:126)
	at org.jkiss.dbeaver.ui.controls.resultset.ResultSetViewer$ResultSetDataPumpJob.run(ResultSetViewer.java:5146)
	at org.jkiss.dbeaver.model.runtime.AbstractJob.run(AbstractJob.java:119)
	at org.eclipse.core.internal.jobs.Worker.run(Worker.java:63)
Caused by: java.sql.SQLSyntaxErrorException: ORA-00937: not a single-group group function

	at oracle.jdbc.driver.T4CTTIoer.processError(T4CTTIoer.java:440)
	at oracle.jdbc.driver.T4CTTIoer.processError(T4CTTIoer.java:396)
	at oracle.jdbc.driver.T4C8Oall.processError(T4C8Oall.java:837)
	at oracle.jdbc.driver.T4CTTIfun.receive(T4CTTIfun.java:445)
	at oracle.jdbc.driver.T4CTTIfun.doRPC(T4CTTIfun.java:191)
	at oracle.jdbc.driver.T4C8Oall.doOALL(T4C8Oall.java:523)
	at oracle.jdbc.driver.T4CStatement.doOall8(T4CStatement.java:193)
	at oracle.jdbc.driver.T4CStatement.executeForDescribe(T4CStatement.java:848)
	at oracle.jdbc.driver.OracleStatement.executeMaybeDescribe(OracleStatement.java:1153)
	at oracle.jdbc.driver.OracleStatement.doExecuteWithTimeout(OracleStatement.java:1275)
	at oracle.jdbc.driver.OracleStatement.executeInternal(OracleStatement.java:1890)
	at oracle.jdbc.driver.OracleStatement.execute(OracleStatement.java:1855)
	at oracle.jdbc.driver.OracleStatementWrapper.execute(OracleStatementWrapper.java:304)
	at org.jkiss.dbeaver.model.impl.jdbc.exec.JDBCStatementImpl.execute(JDBCStatementImpl.java:344)
	at org.jkiss.dbeaver.model.impl.jdbc.exec.JDBCStatementImpl.executeStatement(JDBCStatementImpl.java:128)
	... 12 more
2025-07-21 10:39:08.314 - Error binding callable statement parameters from metadata: Unsupported feature
2025-07-21 10:39:08.314 - Error obtaining output parameters from metadata: Unsupported feature
2025-07-21 10:39:08.314 - Can't obtain procedure metadata nor jdbc metadata
2025-07-21 10:40:20.692 - SQL Error [933] [42000]: ORA-00933: SQL command not properly ended

org.jkiss.dbeaver.model.sql.DBSQLException: SQL Error [933] [42000]: ORA-00933: SQL command not properly ended

	at org.jkiss.dbeaver.model.impl.jdbc.exec.JDBCStatementImpl.executeStatement(JDBCStatementImpl.java:130)
	at org.jkiss.dbeaver.ui.editors.sql.execute.SQLQueryJob.executeStatement(SQLQueryJob.java:657)
	at org.jkiss.dbeaver.ui.editors.sql.execute.SQLQueryJob.lambda$2(SQLQueryJob.java:550)
	at org.jkiss.dbeaver.model.exec.DBExecUtils.tryExecuteRecover(DBExecUtils.java:189)
	at org.jkiss.dbeaver.ui.editors.sql.execute.SQLQueryJob.executeSingleQuery(SQLQueryJob.java:569)
	at org.jkiss.dbeaver.ui.editors.sql.execute.SQLQueryJob.extractData(SQLQueryJob.java:1043)
	at org.jkiss.dbeaver.ui.editors.sql.SQLEditor$QueryResultsContainer.readData(SQLEditor.java:4495)
	at org.jkiss.dbeaver.ui.controls.resultset.ResultSetJobDataRead.lambda$0(ResultSetJobDataRead.java:128)
	at org.jkiss.dbeaver.model.exec.DBExecUtils.tryExecuteRecover(DBExecUtils.java:189)
	at org.jkiss.dbeaver.ui.controls.resultset.ResultSetJobDataRead.run(ResultSetJobDataRead.java:126)
	at org.jkiss.dbeaver.ui.controls.resultset.ResultSetViewer$ResultSetDataPumpJob.run(ResultSetViewer.java:5146)
	at org.jkiss.dbeaver.model.runtime.AbstractJob.run(AbstractJob.java:119)
	at org.eclipse.core.internal.jobs.Worker.run(Worker.java:63)
Caused by: java.sql.SQLSyntaxErrorException: ORA-00933: SQL command not properly ended

	at oracle.jdbc.driver.T4CTTIoer.processError(T4CTTIoer.java:440)
	at oracle.jdbc.driver.T4CTTIoer.processError(T4CTTIoer.java:396)
	at oracle.jdbc.driver.T4C8Oall.processError(T4C8Oall.java:837)
	at oracle.jdbc.driver.T4CTTIfun.receive(T4CTTIfun.java:445)
	at oracle.jdbc.driver.T4CTTIfun.doRPC(T4CTTIfun.java:191)
	at oracle.jdbc.driver.T4C8Oall.doOALL(T4C8Oall.java:523)
	at oracle.jdbc.driver.T4CStatement.doOall8(T4CStatement.java:193)
	at oracle.jdbc.driver.T4CStatement.executeForDescribe(T4CStatement.java:848)
	at oracle.jdbc.driver.OracleStatement.executeMaybeDescribe(OracleStatement.java:1153)
	at oracle.jdbc.driver.OracleStatement.doExecuteWithTimeout(OracleStatement.java:1275)
	at oracle.jdbc.driver.OracleStatement.executeInternal(OracleStatement.java:1890)
	at oracle.jdbc.driver.OracleStatement.execute(OracleStatement.java:1855)
	at oracle.jdbc.driver.OracleStatementWrapper.execute(OracleStatementWrapper.java:304)
	at org.jkiss.dbeaver.model.impl.jdbc.exec.JDBCStatementImpl.execute(JDBCStatementImpl.java:344)
	at org.jkiss.dbeaver.model.impl.jdbc.exec.JDBCStatementImpl.executeStatement(JDBCStatementImpl.java:128)
	... 12 more
2025-07-21 10:40:20.750 - Error binding callable statement parameters from metadata: Unsupported feature
2025-07-21 10:40:20.750 - Error obtaining output parameters from metadata: Unsupported feature
2025-07-21 10:40:20.750 - Can't obtain procedure metadata nor jdbc metadata
2025-07-21 10:40:25.521 - SQL Error [933] [42000]: ORA-00933: SQL command not properly ended

org.jkiss.dbeaver.model.sql.DBSQLException: SQL Error [933] [42000]: ORA-00933: SQL command not properly ended

	at org.jkiss.dbeaver.model.impl.jdbc.exec.JDBCStatementImpl.executeStatement(JDBCStatementImpl.java:130)
	at org.jkiss.dbeaver.ui.editors.sql.execute.SQLQueryJob.executeStatement(SQLQueryJob.java:657)
	at org.jkiss.dbeaver.ui.editors.sql.execute.SQLQueryJob.lambda$2(SQLQueryJob.java:550)
	at org.jkiss.dbeaver.model.exec.DBExecUtils.tryExecuteRecover(DBExecUtils.java:189)
	at org.jkiss.dbeaver.ui.editors.sql.execute.SQLQueryJob.executeSingleQuery(SQLQueryJob.java:569)
	at org.jkiss.dbeaver.ui.editors.sql.execute.SQLQueryJob.extractData(SQLQueryJob.java:1043)
	at org.jkiss.dbeaver.ui.editors.sql.SQLEditor$QueryResultsContainer.readData(SQLEditor.java:4495)
	at org.jkiss.dbeaver.ui.controls.resultset.ResultSetJobDataRead.lambda$0(ResultSetJobDataRead.java:128)
	at org.jkiss.dbeaver.model.exec.DBExecUtils.tryExecuteRecover(DBExecUtils.java:189)
	at org.jkiss.dbeaver.ui.controls.resultset.ResultSetJobDataRead.run(ResultSetJobDataRead.java:126)
	at org.jkiss.dbeaver.ui.controls.resultset.ResultSetViewer$ResultSetDataPumpJob.run(ResultSetViewer.java:5146)
	at org.jkiss.dbeaver.model.runtime.AbstractJob.run(AbstractJob.java:119)
	at org.eclipse.core.internal.jobs.Worker.run(Worker.java:63)
Caused by: java.sql.SQLSyntaxErrorException: ORA-00933: SQL command not properly ended

	at oracle.jdbc.driver.T4CTTIoer.processError(T4CTTIoer.java:440)
	at oracle.jdbc.driver.T4CTTIoer.processError(T4CTTIoer.java:396)
	at oracle.jdbc.driver.T4C8Oall.processError(T4C8Oall.java:837)
	at oracle.jdbc.driver.T4CTTIfun.receive(T4CTTIfun.java:445)
	at oracle.jdbc.driver.T4CTTIfun.doRPC(T4CTTIfun.java:191)
	at oracle.jdbc.driver.T4C8Oall.doOALL(T4C8Oall.java:523)
	at oracle.jdbc.driver.T4CStatement.doOall8(T4CStatement.java:193)
	at oracle.jdbc.driver.T4CStatement.executeForDescribe(T4CStatement.java:848)
	at oracle.jdbc.driver.OracleStatement.executeMaybeDescribe(OracleStatement.java:1153)
	at oracle.jdbc.driver.OracleStatement.doExecuteWithTimeout(OracleStatement.java:1275)
	at oracle.jdbc.driver.OracleStatement.executeInternal(OracleStatement.java:1890)
	at oracle.jdbc.driver.OracleStatement.execute(OracleStatement.java:1855)
	at oracle.jdbc.driver.OracleStatementWrapper.execute(OracleStatementWrapper.java:304)
	at org.jkiss.dbeaver.model.impl.jdbc.exec.JDBCStatementImpl.execute(JDBCStatementImpl.java:344)
	at org.jkiss.dbeaver.model.impl.jdbc.exec.JDBCStatementImpl.executeStatement(JDBCStatementImpl.java:128)
	... 12 more
2025-07-21 10:40:25.571 - Error binding callable statement parameters from metadata: Unsupported feature
2025-07-21 10:40:25.571 - Error obtaining output parameters from metadata: Unsupported feature
2025-07-21 10:40:25.571 - Can't obtain procedure metadata nor jdbc metadata
2025-07-21 10:40:40.282 - SQL Error [933] [42000]: ORA-00933: SQL command not properly ended

org.jkiss.dbeaver.model.sql.DBSQLException: SQL Error [933] [42000]: ORA-00933: SQL command not properly ended

	at org.jkiss.dbeaver.model.impl.jdbc.exec.JDBCStatementImpl.executeStatement(JDBCStatementImpl.java:130)
	at org.jkiss.dbeaver.ui.editors.sql.execute.SQLQueryJob.executeStatement(SQLQueryJob.java:657)
	at org.jkiss.dbeaver.ui.editors.sql.execute.SQLQueryJob.lambda$2(SQLQueryJob.java:550)
	at org.jkiss.dbeaver.model.exec.DBExecUtils.tryExecuteRecover(DBExecUtils.java:189)
	at org.jkiss.dbeaver.ui.editors.sql.execute.SQLQueryJob.executeSingleQuery(SQLQueryJob.java:569)
	at org.jkiss.dbeaver.ui.editors.sql.execute.SQLQueryJob.extractData(SQLQueryJob.java:1043)
	at org.jkiss.dbeaver.ui.editors.sql.SQLEditor$QueryResultsContainer.readData(SQLEditor.java:4495)
	at org.jkiss.dbeaver.ui.controls.resultset.ResultSetJobDataRead.lambda$0(ResultSetJobDataRead.java:128)
	at org.jkiss.dbeaver.model.exec.DBExecUtils.tryExecuteRecover(DBExecUtils.java:189)
	at org.jkiss.dbeaver.ui.controls.resultset.ResultSetJobDataRead.run(ResultSetJobDataRead.java:126)
	at org.jkiss.dbeaver.ui.controls.resultset.ResultSetViewer$ResultSetDataPumpJob.run(ResultSetViewer.java:5146)
	at org.jkiss.dbeaver.model.runtime.AbstractJob.run(AbstractJob.java:119)
	at org.eclipse.core.internal.jobs.Worker.run(Worker.java:63)
Caused by: java.sql.SQLSyntaxErrorException: ORA-00933: SQL command not properly ended

	at oracle.jdbc.driver.T4CTTIoer.processError(T4CTTIoer.java:440)
	at oracle.jdbc.driver.T4CTTIoer.processError(T4CTTIoer.java:396)
	at oracle.jdbc.driver.T4C8Oall.processError(T4C8Oall.java:837)
	at oracle.jdbc.driver.T4CTTIfun.receive(T4CTTIfun.java:445)
	at oracle.jdbc.driver.T4CTTIfun.doRPC(T4CTTIfun.java:191)
	at oracle.jdbc.driver.T4C8Oall.doOALL(T4C8Oall.java:523)
	at oracle.jdbc.driver.T4CStatement.doOall8(T4CStatement.java:193)
	at oracle.jdbc.driver.T4CStatement.executeForDescribe(T4CStatement.java:848)
	at oracle.jdbc.driver.OracleStatement.executeMaybeDescribe(OracleStatement.java:1153)
	at oracle.jdbc.driver.OracleStatement.doExecuteWithTimeout(OracleStatement.java:1275)
	at oracle.jdbc.driver.OracleStatement.executeInternal(OracleStatement.java:1890)
	at oracle.jdbc.driver.OracleStatement.execute(OracleStatement.java:1855)
	at oracle.jdbc.driver.OracleStatementWrapper.execute(OracleStatementWrapper.java:304)
	at org.jkiss.dbeaver.model.impl.jdbc.exec.JDBCStatementImpl.execute(JDBCStatementImpl.java:344)
	at org.jkiss.dbeaver.model.impl.jdbc.exec.JDBCStatementImpl.executeStatement(JDBCStatementImpl.java:128)
	... 12 more
2025-07-21 10:40:40.340 - Error binding callable statement parameters from metadata: Unsupported feature
2025-07-21 10:40:40.340 - Error obtaining output parameters from metadata: Unsupported feature
2025-07-21 10:40:40.340 - Can't obtain procedure metadata nor jdbc metadata
2025-07-21 10:40:44.903 - SQL Error [979] [42000]: ORA-00979: not a GROUP BY expression

org.jkiss.dbeaver.model.sql.DBSQLException: SQL Error [979] [42000]: ORA-00979: not a GROUP BY expression

	at org.jkiss.dbeaver.model.impl.jdbc.exec.JDBCStatementImpl.executeStatement(JDBCStatementImpl.java:130)
	at org.jkiss.dbeaver.ui.editors.sql.execute.SQLQueryJob.executeStatement(SQLQueryJob.java:657)
	at org.jkiss.dbeaver.ui.editors.sql.execute.SQLQueryJob.lambda$2(SQLQueryJob.java:550)
	at org.jkiss.dbeaver.model.exec.DBExecUtils.tryExecuteRecover(DBExecUtils.java:189)
	at org.jkiss.dbeaver.ui.editors.sql.execute.SQLQueryJob.executeSingleQuery(SQLQueryJob.java:569)
	at org.jkiss.dbeaver.ui.editors.sql.execute.SQLQueryJob.extractData(SQLQueryJob.java:1043)
	at org.jkiss.dbeaver.ui.editors.sql.SQLEditor$QueryResultsContainer.readData(SQLEditor.java:4495)
	at org.jkiss.dbeaver.ui.controls.resultset.ResultSetJobDataRead.lambda$0(ResultSetJobDataRead.java:128)
	at org.jkiss.dbeaver.model.exec.DBExecUtils.tryExecuteRecover(DBExecUtils.java:189)
	at org.jkiss.dbeaver.ui.controls.resultset.ResultSetJobDataRead.run(ResultSetJobDataRead.java:126)
	at org.jkiss.dbeaver.ui.controls.resultset.ResultSetViewer$ResultSetDataPumpJob.run(ResultSetViewer.java:5146)
	at org.jkiss.dbeaver.model.runtime.AbstractJob.run(AbstractJob.java:119)
	at org.eclipse.core.internal.jobs.Worker.run(Worker.java:63)
Caused by: java.sql.SQLSyntaxErrorException: ORA-00979: not a GROUP BY expression

	at oracle.jdbc.driver.T4CTTIoer.processError(T4CTTIoer.java:440)
	at oracle.jdbc.driver.T4CTTIoer.processError(T4CTTIoer.java:396)
	at oracle.jdbc.driver.T4C8Oall.processError(T4C8Oall.java:837)
	at oracle.jdbc.driver.T4CTTIfun.receive(T4CTTIfun.java:445)
	at oracle.jdbc.driver.T4CTTIfun.doRPC(T4CTTIfun.java:191)
	at oracle.jdbc.driver.T4C8Oall.doOALL(T4C8Oall.java:523)
	at oracle.jdbc.driver.T4CStatement.doOall8(T4CStatement.java:193)
	at oracle.jdbc.driver.T4CStatement.executeForDescribe(T4CStatement.java:848)
	at oracle.jdbc.driver.OracleStatement.executeMaybeDescribe(OracleStatement.java:1153)
	at oracle.jdbc.driver.OracleStatement.doExecuteWithTimeout(OracleStatement.java:1275)
	at oracle.jdbc.driver.OracleStatement.executeInternal(OracleStatement.java:1890)
	at oracle.jdbc.driver.OracleStatement.execute(OracleStatement.java:1855)
	at oracle.jdbc.driver.OracleStatementWrapper.execute(OracleStatementWrapper.java:304)
	at org.jkiss.dbeaver.model.impl.jdbc.exec.JDBCStatementImpl.execute(JDBCStatementImpl.java:344)
	at org.jkiss.dbeaver.model.impl.jdbc.exec.JDBCStatementImpl.executeStatement(JDBCStatementImpl.java:128)
	... 12 more
2025-07-21 10:40:44.956 - Error binding callable statement parameters from metadata: Unsupported feature
2025-07-21 10:40:44.956 - Error obtaining output parameters from metadata: Unsupported feature
2025-07-21 10:40:44.956 - Can't obtain procedure metadata nor jdbc metadata
2025-07-21 10:40:46.306 - SQL Error [979] [42000]: ORA-00979: not a GROUP BY expression

org.jkiss.dbeaver.model.sql.DBSQLException: SQL Error [979] [42000]: ORA-00979: not a GROUP BY expression

	at org.jkiss.dbeaver.model.impl.jdbc.exec.JDBCStatementImpl.executeStatement(JDBCStatementImpl.java:130)
	at org.jkiss.dbeaver.ui.editors.sql.execute.SQLQueryJob.executeStatement(SQLQueryJob.java:657)
	at org.jkiss.dbeaver.ui.editors.sql.execute.SQLQueryJob.lambda$2(SQLQueryJob.java:550)
	at org.jkiss.dbeaver.model.exec.DBExecUtils.tryExecuteRecover(DBExecUtils.java:189)
	at org.jkiss.dbeaver.ui.editors.sql.execute.SQLQueryJob.executeSingleQuery(SQLQueryJob.java:569)
	at org.jkiss.dbeaver.ui.editors.sql.execute.SQLQueryJob.extractData(SQLQueryJob.java:1043)
	at org.jkiss.dbeaver.ui.editors.sql.SQLEditor$QueryResultsContainer.readData(SQLEditor.java:4495)
	at org.jkiss.dbeaver.ui.controls.resultset.ResultSetJobDataRead.lambda$0(ResultSetJobDataRead.java:128)
	at org.jkiss.dbeaver.model.exec.DBExecUtils.tryExecuteRecover(DBExecUtils.java:189)
	at org.jkiss.dbeaver.ui.controls.resultset.ResultSetJobDataRead.run(ResultSetJobDataRead.java:126)
	at org.jkiss.dbeaver.ui.controls.resultset.ResultSetViewer$ResultSetDataPumpJob.run(ResultSetViewer.java:5146)
	at org.jkiss.dbeaver.model.runtime.AbstractJob.run(AbstractJob.java:119)
	at org.eclipse.core.internal.jobs.Worker.run(Worker.java:63)
Caused by: java.sql.SQLSyntaxErrorException: ORA-00979: not a GROUP BY expression

	at oracle.jdbc.driver.T4CTTIoer.processError(T4CTTIoer.java:440)
	at oracle.jdbc.driver.T4CTTIoer.processError(T4CTTIoer.java:396)
	at oracle.jdbc.driver.T4C8Oall.processError(T4C8Oall.java:837)
	at oracle.jdbc.driver.T4CTTIfun.receive(T4CTTIfun.java:445)
	at oracle.jdbc.driver.T4CTTIfun.doRPC(T4CTTIfun.java:191)
	at oracle.jdbc.driver.T4C8Oall.doOALL(T4C8Oall.java:523)
	at oracle.jdbc.driver.T4CStatement.doOall8(T4CStatement.java:193)
	at oracle.jdbc.driver.T4CStatement.executeForDescribe(T4CStatement.java:848)
	at oracle.jdbc.driver.OracleStatement.executeMaybeDescribe(OracleStatement.java:1153)
	at oracle.jdbc.driver.OracleStatement.doExecuteWithTimeout(OracleStatement.java:1275)
	at oracle.jdbc.driver.OracleStatement.executeInternal(OracleStatement.java:1890)
	at oracle.jdbc.driver.OracleStatement.execute(OracleStatement.java:1855)
	at oracle.jdbc.driver.OracleStatementWrapper.execute(OracleStatementWrapper.java:304)
	at org.jkiss.dbeaver.model.impl.jdbc.exec.JDBCStatementImpl.execute(JDBCStatementImpl.java:344)
	at org.jkiss.dbeaver.model.impl.jdbc.exec.JDBCStatementImpl.executeStatement(JDBCStatementImpl.java:128)
	... 12 more
2025-07-21 10:40:46.362 - Error binding callable statement parameters from metadata: Unsupported feature
2025-07-21 10:40:46.362 - Error obtaining output parameters from metadata: Unsupported feature
2025-07-21 10:40:46.362 - Can't obtain procedure metadata nor jdbc metadata
2025-07-21 10:40:46.855 - SQL Error [979] [42000]: ORA-00979: not a GROUP BY expression

org.jkiss.dbeaver.model.sql.DBSQLException: SQL Error [979] [42000]: ORA-00979: not a GROUP BY expression

	at org.jkiss.dbeaver.model.impl.jdbc.exec.JDBCStatementImpl.executeStatement(JDBCStatementImpl.java:130)
	at org.jkiss.dbeaver.ui.editors.sql.execute.SQLQueryJob.executeStatement(SQLQueryJob.java:657)
	at org.jkiss.dbeaver.ui.editors.sql.execute.SQLQueryJob.lambda$2(SQLQueryJob.java:550)
	at org.jkiss.dbeaver.model.exec.DBExecUtils.tryExecuteRecover(DBExecUtils.java:189)
	at org.jkiss.dbeaver.ui.editors.sql.execute.SQLQueryJob.executeSingleQuery(SQLQueryJob.java:569)
	at org.jkiss.dbeaver.ui.editors.sql.execute.SQLQueryJob.extractData(SQLQueryJob.java:1043)
	at org.jkiss.dbeaver.ui.editors.sql.SQLEditor$QueryResultsContainer.readData(SQLEditor.java:4495)
	at org.jkiss.dbeaver.ui.controls.resultset.ResultSetJobDataRead.lambda$0(ResultSetJobDataRead.java:128)
	at org.jkiss.dbeaver.model.exec.DBExecUtils.tryExecuteRecover(DBExecUtils.java:189)
	at org.jkiss.dbeaver.ui.controls.resultset.ResultSetJobDataRead.run(ResultSetJobDataRead.java:126)
	at org.jkiss.dbeaver.ui.controls.resultset.ResultSetViewer$ResultSetDataPumpJob.run(ResultSetViewer.java:5146)
	at org.jkiss.dbeaver.model.runtime.AbstractJob.run(AbstractJob.java:119)
	at org.eclipse.core.internal.jobs.Worker.run(Worker.java:63)
Caused by: java.sql.SQLSyntaxErrorException: ORA-00979: not a GROUP BY expression

	at oracle.jdbc.driver.T4CTTIoer.processError(T4CTTIoer.java:440)
	at oracle.jdbc.driver.T4CTTIoer.processError(T4CTTIoer.java:396)
	at oracle.jdbc.driver.T4C8Oall.processError(T4C8Oall.java:837)
	at oracle.jdbc.driver.T4CTTIfun.receive(T4CTTIfun.java:445)
	at oracle.jdbc.driver.T4CTTIfun.doRPC(T4CTTIfun.java:191)
	at oracle.jdbc.driver.T4C8Oall.doOALL(T4C8Oall.java:523)
	at oracle.jdbc.driver.T4CStatement.doOall8(T4CStatement.java:193)
	at oracle.jdbc.driver.T4CStatement.executeForDescribe(T4CStatement.java:848)
	at oracle.jdbc.driver.OracleStatement.executeMaybeDescribe(OracleStatement.java:1153)
	at oracle.jdbc.driver.OracleStatement.doExecuteWithTimeout(OracleStatement.java:1275)
	at oracle.jdbc.driver.OracleStatement.executeInternal(OracleStatement.java:1890)
	at oracle.jdbc.driver.OracleStatement.execute(OracleStatement.java:1855)
	at oracle.jdbc.driver.OracleStatementWrapper.execute(OracleStatementWrapper.java:304)
	at org.jkiss.dbeaver.model.impl.jdbc.exec.JDBCStatementImpl.execute(JDBCStatementImpl.java:344)
	at org.jkiss.dbeaver.model.impl.jdbc.exec.JDBCStatementImpl.executeStatement(JDBCStatementImpl.java:128)
	... 12 more
2025-07-21 10:40:46.911 - Error binding callable statement parameters from metadata: Unsupported feature
2025-07-21 10:40:46.912 - Error obtaining output parameters from metadata: Unsupported feature
2025-07-21 10:40:46.912 - Can't obtain procedure metadata nor jdbc metadata
2025-07-21 10:40:58.089 - SQL Error [979] [42000]: ORA-00979: not a GROUP BY expression

org.jkiss.dbeaver.model.sql.DBSQLException: SQL Error [979] [42000]: ORA-00979: not a GROUP BY expression

	at org.jkiss.dbeaver.model.impl.jdbc.exec.JDBCStatementImpl.executeStatement(JDBCStatementImpl.java:130)
	at org.jkiss.dbeaver.ui.editors.sql.execute.SQLQueryJob.executeStatement(SQLQueryJob.java:657)
	at org.jkiss.dbeaver.ui.editors.sql.execute.SQLQueryJob.lambda$2(SQLQueryJob.java:550)
	at org.jkiss.dbeaver.model.exec.DBExecUtils.tryExecuteRecover(DBExecUtils.java:189)
	at org.jkiss.dbeaver.ui.editors.sql.execute.SQLQueryJob.executeSingleQuery(SQLQueryJob.java:569)
	at org.jkiss.dbeaver.ui.editors.sql.execute.SQLQueryJob.extractData(SQLQueryJob.java:1043)
	at org.jkiss.dbeaver.ui.editors.sql.SQLEditor$QueryResultsContainer.readData(SQLEditor.java:4495)
	at org.jkiss.dbeaver.ui.controls.resultset.ResultSetJobDataRead.lambda$0(ResultSetJobDataRead.java:128)
	at org.jkiss.dbeaver.model.exec.DBExecUtils.tryExecuteRecover(DBExecUtils.java:189)
	at org.jkiss.dbeaver.ui.controls.resultset.ResultSetJobDataRead.run(ResultSetJobDataRead.java:126)
	at org.jkiss.dbeaver.ui.controls.resultset.ResultSetViewer$ResultSetDataPumpJob.run(ResultSetViewer.java:5146)
	at org.jkiss.dbeaver.model.runtime.AbstractJob.run(AbstractJob.java:119)
	at org.eclipse.core.internal.jobs.Worker.run(Worker.java:63)
Caused by: java.sql.SQLSyntaxErrorException: ORA-00979: not a GROUP BY expression

	at oracle.jdbc.driver.T4CTTIoer.processError(T4CTTIoer.java:440)
	at oracle.jdbc.driver.T4CTTIoer.processError(T4CTTIoer.java:396)
	at oracle.jdbc.driver.T4C8Oall.processError(T4C8Oall.java:837)
	at oracle.jdbc.driver.T4CTTIfun.receive(T4CTTIfun.java:445)
	at oracle.jdbc.driver.T4CTTIfun.doRPC(T4CTTIfun.java:191)
	at oracle.jdbc.driver.T4C8Oall.doOALL(T4C8Oall.java:523)
	at oracle.jdbc.driver.T4CStatement.doOall8(T4CStatement.java:193)
	at oracle.jdbc.driver.T4CStatement.executeForDescribe(T4CStatement.java:848)
	at oracle.jdbc.driver.OracleStatement.executeMaybeDescribe(OracleStatement.java:1153)
	at oracle.jdbc.driver.OracleStatement.doExecuteWithTimeout(OracleStatement.java:1275)
	at oracle.jdbc.driver.OracleStatement.executeInternal(OracleStatement.java:1890)
	at oracle.jdbc.driver.OracleStatement.execute(OracleStatement.java:1855)
	at oracle.jdbc.driver.OracleStatementWrapper.execute(OracleStatementWrapper.java:304)
	at org.jkiss.dbeaver.model.impl.jdbc.exec.JDBCStatementImpl.execute(JDBCStatementImpl.java:344)
	at org.jkiss.dbeaver.model.impl.jdbc.exec.JDBCStatementImpl.executeStatement(JDBCStatementImpl.java:128)
	... 12 more
2025-07-21 10:40:58.141 - Error binding callable statement parameters from metadata: Unsupported feature
2025-07-21 10:40:58.141 - Error obtaining output parameters from metadata: Unsupported feature
2025-07-21 10:40:58.141 - Can't obtain procedure metadata nor jdbc metadata
2025-07-21 10:41:13.842 - Execution context closed (XE, 5)
2025-07-21 10:41:17.057 - Execution context opened (XE; SQLEditor <Script.sql>; 19)
2025-07-21 10:42:36.585 - SQL Error [979] [42000]: ORA-00979: not a GROUP BY expression

org.jkiss.dbeaver.model.sql.DBSQLException: SQL Error [979] [42000]: ORA-00979: not a GROUP BY expression

	at org.jkiss.dbeaver.model.impl.jdbc.exec.JDBCStatementImpl.executeStatement(JDBCStatementImpl.java:130)
	at org.jkiss.dbeaver.ui.editors.sql.execute.SQLQueryJob.executeStatement(SQLQueryJob.java:657)
	at org.jkiss.dbeaver.ui.editors.sql.execute.SQLQueryJob.lambda$2(SQLQueryJob.java:550)
	at org.jkiss.dbeaver.model.exec.DBExecUtils.tryExecuteRecover(DBExecUtils.java:189)
	at org.jkiss.dbeaver.ui.editors.sql.execute.SQLQueryJob.executeSingleQuery(SQLQueryJob.java:569)
	at org.jkiss.dbeaver.ui.editors.sql.execute.SQLQueryJob.extractData(SQLQueryJob.java:1043)
	at org.jkiss.dbeaver.ui.editors.sql.SQLEditor$QueryResultsContainer.readData(SQLEditor.java:4495)
	at org.jkiss.dbeaver.ui.controls.resultset.ResultSetJobDataRead.lambda$0(ResultSetJobDataRead.java:128)
	at org.jkiss.dbeaver.model.exec.DBExecUtils.tryExecuteRecover(DBExecUtils.java:189)
	at org.jkiss.dbeaver.ui.controls.resultset.ResultSetJobDataRead.run(ResultSetJobDataRead.java:126)
	at org.jkiss.dbeaver.ui.controls.resultset.ResultSetViewer$ResultSetDataPumpJob.run(ResultSetViewer.java:5146)
	at org.jkiss.dbeaver.model.runtime.AbstractJob.run(AbstractJob.java:119)
	at org.eclipse.core.internal.jobs.Worker.run(Worker.java:63)
Caused by: java.sql.SQLSyntaxErrorException: ORA-00979: not a GROUP BY expression

	at oracle.jdbc.driver.T4CTTIoer.processError(T4CTTIoer.java:440)
	at oracle.jdbc.driver.T4CTTIoer.processError(T4CTTIoer.java:396)
	at oracle.jdbc.driver.T4C8Oall.processError(T4C8Oall.java:837)
	at oracle.jdbc.driver.T4CTTIfun.receive(T4CTTIfun.java:445)
	at oracle.jdbc.driver.T4CTTIfun.doRPC(T4CTTIfun.java:191)
	at oracle.jdbc.driver.T4C8Oall.doOALL(T4C8Oall.java:523)
	at oracle.jdbc.driver.T4CStatement.doOall8(T4CStatement.java:193)
	at oracle.jdbc.driver.T4CStatement.executeForDescribe(T4CStatement.java:848)
	at oracle.jdbc.driver.OracleStatement.executeMaybeDescribe(OracleStatement.java:1153)
	at oracle.jdbc.driver.OracleStatement.doExecuteWithTimeout(OracleStatement.java:1275)
	at oracle.jdbc.driver.OracleStatement.executeInternal(OracleStatement.java:1890)
	at oracle.jdbc.driver.OracleStatement.execute(OracleStatement.java:1855)
	at oracle.jdbc.driver.OracleStatementWrapper.execute(OracleStatementWrapper.java:304)
	at org.jkiss.dbeaver.model.impl.jdbc.exec.JDBCStatementImpl.execute(JDBCStatementImpl.java:344)
	at org.jkiss.dbeaver.model.impl.jdbc.exec.JDBCStatementImpl.executeStatement(JDBCStatementImpl.java:128)
	... 12 more
2025-07-21 10:42:36.637 - Error binding callable statement parameters from metadata: Unsupported feature
2025-07-21 10:42:36.637 - Error obtaining output parameters from metadata: Unsupported feature
2025-07-21 10:42:36.637 - Can't obtain procedure metadata nor jdbc metadata
2025-07-21 10:42:37.437 - SQL Error [979] [42000]: ORA-00979: not a GROUP BY expression

org.jkiss.dbeaver.model.sql.DBSQLException: SQL Error [979] [42000]: ORA-00979: not a GROUP BY expression

	at org.jkiss.dbeaver.model.impl.jdbc.exec.JDBCStatementImpl.executeStatement(JDBCStatementImpl.java:130)
	at org.jkiss.dbeaver.ui.editors.sql.execute.SQLQueryJob.executeStatement(SQLQueryJob.java:657)
	at org.jkiss.dbeaver.ui.editors.sql.execute.SQLQueryJob.lambda$2(SQLQueryJob.java:550)
	at org.jkiss.dbeaver.model.exec.DBExecUtils.tryExecuteRecover(DBExecUtils.java:189)
	at org.jkiss.dbeaver.ui.editors.sql.execute.SQLQueryJob.executeSingleQuery(SQLQueryJob.java:569)
	at org.jkiss.dbeaver.ui.editors.sql.execute.SQLQueryJob.extractData(SQLQueryJob.java:1043)
	at org.jkiss.dbeaver.ui.editors.sql.SQLEditor$QueryResultsContainer.readData(SQLEditor.java:4495)
	at org.jkiss.dbeaver.ui.controls.resultset.ResultSetJobDataRead.lambda$0(ResultSetJobDataRead.java:128)
	at org.jkiss.dbeaver.model.exec.DBExecUtils.tryExecuteRecover(DBExecUtils.java:189)
	at org.jkiss.dbeaver.ui.controls.resultset.ResultSetJobDataRead.run(ResultSetJobDataRead.java:126)
	at org.jkiss.dbeaver.ui.controls.resultset.ResultSetViewer$ResultSetDataPumpJob.run(ResultSetViewer.java:5146)
	at org.jkiss.dbeaver.model.runtime.AbstractJob.run(AbstractJob.java:119)
	at org.eclipse.core.internal.jobs.Worker.run(Worker.java:63)
Caused by: java.sql.SQLSyntaxErrorException: ORA-00979: not a GROUP BY expression

	at oracle.jdbc.driver.T4CTTIoer.processError(T4CTTIoer.java:440)
	at oracle.jdbc.driver.T4CTTIoer.processError(T4CTTIoer.java:396)
	at oracle.jdbc.driver.T4C8Oall.processError(T4C8Oall.java:837)
	at oracle.jdbc.driver.T4CTTIfun.receive(T4CTTIfun.java:445)
	at oracle.jdbc.driver.T4CTTIfun.doRPC(T4CTTIfun.java:191)
	at oracle.jdbc.driver.T4C8Oall.doOALL(T4C8Oall.java:523)
	at oracle.jdbc.driver.T4CStatement.doOall8(T4CStatement.java:193)
	at oracle.jdbc.driver.T4CStatement.executeForDescribe(T4CStatement.java:848)
	at oracle.jdbc.driver.OracleStatement.executeMaybeDescribe(OracleStatement.java:1153)
	at oracle.jdbc.driver.OracleStatement.doExecuteWithTimeout(OracleStatement.java:1275)
	at oracle.jdbc.driver.OracleStatement.executeInternal(OracleStatement.java:1890)
	at oracle.jdbc.driver.OracleStatement.execute(OracleStatement.java:1855)
	at oracle.jdbc.driver.OracleStatementWrapper.execute(OracleStatementWrapper.java:304)
	at org.jkiss.dbeaver.model.impl.jdbc.exec.JDBCStatementImpl.execute(JDBCStatementImpl.java:344)
	at org.jkiss.dbeaver.model.impl.jdbc.exec.JDBCStatementImpl.executeStatement(JDBCStatementImpl.java:128)
	... 12 more
2025-07-21 10:42:37.487 - Error binding callable statement parameters from metadata: Unsupported feature
2025-07-21 10:42:37.487 - Error obtaining output parameters from metadata: Unsupported feature
2025-07-21 10:42:37.487 - Can't obtain procedure metadata nor jdbc metadata
2025-07-21 10:42:52.585 - SQL Error [904] [42000]: ORA-00904: "POSTIOIN": invalid identifier

org.jkiss.dbeaver.model.sql.DBSQLException: SQL Error [904] [42000]: ORA-00904: "POSTIOIN": invalid identifier

	at org.jkiss.dbeaver.model.impl.jdbc.exec.JDBCStatementImpl.executeStatement(JDBCStatementImpl.java:130)
	at org.jkiss.dbeaver.ui.editors.sql.execute.SQLQueryJob.executeStatement(SQLQueryJob.java:657)
	at org.jkiss.dbeaver.ui.editors.sql.execute.SQLQueryJob.lambda$2(SQLQueryJob.java:550)
	at org.jkiss.dbeaver.model.exec.DBExecUtils.tryExecuteRecover(DBExecUtils.java:189)
	at org.jkiss.dbeaver.ui.editors.sql.execute.SQLQueryJob.executeSingleQuery(SQLQueryJob.java:569)
	at org.jkiss.dbeaver.ui.editors.sql.execute.SQLQueryJob.extractData(SQLQueryJob.java:1043)
	at org.jkiss.dbeaver.ui.editors.sql.SQLEditor$QueryResultsContainer.readData(SQLEditor.java:4495)
	at org.jkiss.dbeaver.ui.controls.resultset.ResultSetJobDataRead.lambda$0(ResultSetJobDataRead.java:128)
	at org.jkiss.dbeaver.model.exec.DBExecUtils.tryExecuteRecover(DBExecUtils.java:189)
	at org.jkiss.dbeaver.ui.controls.resultset.ResultSetJobDataRead.run(ResultSetJobDataRead.java:126)
	at org.jkiss.dbeaver.ui.controls.resultset.ResultSetViewer$ResultSetDataPumpJob.run(ResultSetViewer.java:5146)
	at org.jkiss.dbeaver.model.runtime.AbstractJob.run(AbstractJob.java:119)
	at org.eclipse.core.internal.jobs.Worker.run(Worker.java:63)
Caused by: java.sql.SQLSyntaxErrorException: ORA-00904: "POSTIOIN": invalid identifier

	at oracle.jdbc.driver.T4CTTIoer.processError(T4CTTIoer.java:440)
	at oracle.jdbc.driver.T4CTTIoer.processError(T4CTTIoer.java:396)
	at oracle.jdbc.driver.T4C8Oall.processError(T4C8Oall.java:837)
	at oracle.jdbc.driver.T4CTTIfun.receive(T4CTTIfun.java:445)
	at oracle.jdbc.driver.T4CTTIfun.doRPC(T4CTTIfun.java:191)
	at oracle.jdbc.driver.T4C8Oall.doOALL(T4C8Oall.java:523)
	at oracle.jdbc.driver.T4CStatement.doOall8(T4CStatement.java:193)
	at oracle.jdbc.driver.T4CStatement.executeForDescribe(T4CStatement.java:848)
	at oracle.jdbc.driver.OracleStatement.executeMaybeDescribe(OracleStatement.java:1153)
	at oracle.jdbc.driver.OracleStatement.doExecuteWithTimeout(OracleStatement.java:1275)
	at oracle.jdbc.driver.OracleStatement.executeInternal(OracleStatement.java:1890)
	at oracle.jdbc.driver.OracleStatement.execute(OracleStatement.java:1855)
	at oracle.jdbc.driver.OracleStatementWrapper.execute(OracleStatementWrapper.java:304)
	at org.jkiss.dbeaver.model.impl.jdbc.exec.JDBCStatementImpl.execute(JDBCStatementImpl.java:344)
	at org.jkiss.dbeaver.model.impl.jdbc.exec.JDBCStatementImpl.executeStatement(JDBCStatementImpl.java:128)
	... 12 more
2025-07-21 10:42:52.636 - Error binding callable statement parameters from metadata: Unsupported feature
2025-07-21 10:42:52.636 - Error obtaining output parameters from metadata: Unsupported feature
2025-07-21 10:42:52.636 - Can't obtain procedure metadata nor jdbc metadata
2025-07-21 10:42:53.439 - SQL Error [904] [42000]: ORA-00904: "POSTIOIN": invalid identifier

org.jkiss.dbeaver.model.sql.DBSQLException: SQL Error [904] [42000]: ORA-00904: "POSTIOIN": invalid identifier

	at org.jkiss.dbeaver.model.impl.jdbc.exec.JDBCStatementImpl.executeStatement(JDBCStatementImpl.java:130)
	at org.jkiss.dbeaver.ui.editors.sql.execute.SQLQueryJob.executeStatement(SQLQueryJob.java:657)
	at org.jkiss.dbeaver.ui.editors.sql.execute.SQLQueryJob.lambda$2(SQLQueryJob.java:550)
	at org.jkiss.dbeaver.model.exec.DBExecUtils.tryExecuteRecover(DBExecUtils.java:189)
	at org.jkiss.dbeaver.ui.editors.sql.execute.SQLQueryJob.executeSingleQuery(SQLQueryJob.java:569)
	at org.jkiss.dbeaver.ui.editors.sql.execute.SQLQueryJob.extractData(SQLQueryJob.java:1043)
	at org.jkiss.dbeaver.ui.editors.sql.SQLEditor$QueryResultsContainer.readData(SQLEditor.java:4495)
	at org.jkiss.dbeaver.ui.controls.resultset.ResultSetJobDataRead.lambda$0(ResultSetJobDataRead.java:128)
	at org.jkiss.dbeaver.model.exec.DBExecUtils.tryExecuteRecover(DBExecUtils.java:189)
	at org.jkiss.dbeaver.ui.controls.resultset.ResultSetJobDataRead.run(ResultSetJobDataRead.java:126)
	at org.jkiss.dbeaver.ui.controls.resultset.ResultSetViewer$ResultSetDataPumpJob.run(ResultSetViewer.java:5146)
	at org.jkiss.dbeaver.model.runtime.AbstractJob.run(AbstractJob.java:119)
	at org.eclipse.core.internal.jobs.Worker.run(Worker.java:63)
Caused by: java.sql.SQLSyntaxErrorException: ORA-00904: "POSTIOIN": invalid identifier

	at oracle.jdbc.driver.T4CTTIoer.processError(T4CTTIoer.java:440)
	at oracle.jdbc.driver.T4CTTIoer.processError(T4CTTIoer.java:396)
	at oracle.jdbc.driver.T4C8Oall.processError(T4C8Oall.java:837)
	at oracle.jdbc.driver.T4CTTIfun.receive(T4CTTIfun.java:445)
	at oracle.jdbc.driver.T4CTTIfun.doRPC(T4CTTIfun.java:191)
	at oracle.jdbc.driver.T4C8Oall.doOALL(T4C8Oall.java:523)
	at oracle.jdbc.driver.T4CStatement.doOall8(T4CStatement.java:193)
	at oracle.jdbc.driver.T4CStatement.executeForDescribe(T4CStatement.java:848)
	at oracle.jdbc.driver.OracleStatement.executeMaybeDescribe(OracleStatement.java:1153)
	at oracle.jdbc.driver.OracleStatement.doExecuteWithTimeout(OracleStatement.java:1275)
	at oracle.jdbc.driver.OracleStatement.executeInternal(OracleStatement.java:1890)
	at oracle.jdbc.driver.OracleStatement.execute(OracleStatement.java:1855)
	at oracle.jdbc.driver.OracleStatementWrapper.execute(OracleStatementWrapper.java:304)
	at org.jkiss.dbeaver.model.impl.jdbc.exec.JDBCStatementImpl.execute(JDBCStatementImpl.java:344)
	at org.jkiss.dbeaver.model.impl.jdbc.exec.JDBCStatementImpl.executeStatement(JDBCStatementImpl.java:128)
	... 12 more
2025-07-21 10:42:53.490 - Error binding callable statement parameters from metadata: Unsupported feature
2025-07-21 10:42:53.490 - Error obtaining output parameters from metadata: Unsupported feature
2025-07-21 10:42:53.490 - Can't obtain procedure metadata nor jdbc metadata
2025-07-21 10:44:12.601 - SQL Error [904] [42000]: ORA-00904: "POSTIOIN": invalid identifier

org.jkiss.dbeaver.model.sql.DBSQLException: SQL Error [904] [42000]: ORA-00904: "POSTIOIN": invalid identifier

	at org.jkiss.dbeaver.model.impl.jdbc.exec.JDBCStatementImpl.executeStatement(JDBCStatementImpl.java:130)
	at org.jkiss.dbeaver.ui.editors.sql.execute.SQLQueryJob.executeStatement(SQLQueryJob.java:657)
	at org.jkiss.dbeaver.ui.editors.sql.execute.SQLQueryJob.lambda$2(SQLQueryJob.java:550)
	at org.jkiss.dbeaver.model.exec.DBExecUtils.tryExecuteRecover(DBExecUtils.java:189)
	at org.jkiss.dbeaver.ui.editors.sql.execute.SQLQueryJob.executeSingleQuery(SQLQueryJob.java:569)
	at org.jkiss.dbeaver.ui.editors.sql.execute.SQLQueryJob.extractData(SQLQueryJob.java:1043)
	at org.jkiss.dbeaver.ui.editors.sql.SQLEditor$QueryResultsContainer.readData(SQLEditor.java:4495)
	at org.jkiss.dbeaver.ui.controls.resultset.ResultSetJobDataRead.lambda$0(ResultSetJobDataRead.java:128)
	at org.jkiss.dbeaver.model.exec.DBExecUtils.tryExecuteRecover(DBExecUtils.java:189)
	at org.jkiss.dbeaver.ui.controls.resultset.ResultSetJobDataRead.run(ResultSetJobDataRead.java:126)
	at org.jkiss.dbeaver.ui.controls.resultset.ResultSetViewer$ResultSetDataPumpJob.run(ResultSetViewer.java:5146)
	at org.jkiss.dbeaver.model.runtime.AbstractJob.run(AbstractJob.java:119)
	at org.eclipse.core.internal.jobs.Worker.run(Worker.java:63)
Caused by: java.sql.SQLSyntaxErrorException: ORA-00904: "POSTIOIN": invalid identifier

	at oracle.jdbc.driver.T4CTTIoer.processError(T4CTTIoer.java:440)
	at oracle.jdbc.driver.T4CTTIoer.processError(T4CTTIoer.java:396)
	at oracle.jdbc.driver.T4C8Oall.processError(T4C8Oall.java:837)
	at oracle.jdbc.driver.T4CTTIfun.receive(T4CTTIfun.java:445)
	at oracle.jdbc.driver.T4CTTIfun.doRPC(T4CTTIfun.java:191)
	at oracle.jdbc.driver.T4C8Oall.doOALL(T4C8Oall.java:523)
	at oracle.jdbc.driver.T4CStatement.doOall8(T4CStatement.java:193)
	at oracle.jdbc.driver.T4CStatement.executeForDescribe(T4CStatement.java:848)
	at oracle.jdbc.driver.OracleStatement.executeMaybeDescribe(OracleStatement.java:1153)
	at oracle.jdbc.driver.OracleStatement.doExecuteWithTimeout(OracleStatement.java:1275)
	at oracle.jdbc.driver.OracleStatement.executeInternal(OracleStatement.java:1890)
	at oracle.jdbc.driver.OracleStatement.execute(OracleStatement.java:1855)
	at oracle.jdbc.driver.OracleStatementWrapper.execute(OracleStatementWrapper.java:304)
	at org.jkiss.dbeaver.model.impl.jdbc.exec.JDBCStatementImpl.execute(JDBCStatementImpl.java:344)
	at org.jkiss.dbeaver.model.impl.jdbc.exec.JDBCStatementImpl.executeStatement(JDBCStatementImpl.java:128)
	... 12 more
2025-07-21 10:44:12.657 - Error binding callable statement parameters from metadata: Unsupported feature
2025-07-21 10:44:12.657 - Error obtaining output parameters from metadata: Unsupported feature
2025-07-21 10:44:12.657 - Can't obtain procedure metadata nor jdbc metadata
2025-07-21 10:44:32.376 - SQL Error [904] [42000]: ORA-00904: "POSTIOIN": invalid identifier

org.jkiss.dbeaver.model.sql.DBSQLException: SQL Error [904] [42000]: ORA-00904: "POSTIOIN": invalid identifier

	at org.jkiss.dbeaver.model.impl.jdbc.exec.JDBCStatementImpl.executeStatement(JDBCStatementImpl.java:130)
	at org.jkiss.dbeaver.ui.editors.sql.execute.SQLQueryJob.executeStatement(SQLQueryJob.java:657)
	at org.jkiss.dbeaver.ui.editors.sql.execute.SQLQueryJob.lambda$2(SQLQueryJob.java:550)
	at org.jkiss.dbeaver.model.exec.DBExecUtils.tryExecuteRecover(DBExecUtils.java:189)
	at org.jkiss.dbeaver.ui.editors.sql.execute.SQLQueryJob.executeSingleQuery(SQLQueryJob.java:569)
	at org.jkiss.dbeaver.ui.editors.sql.execute.SQLQueryJob.extractData(SQLQueryJob.java:1043)
	at org.jkiss.dbeaver.ui.editors.sql.SQLEditor$QueryResultsContainer.readData(SQLEditor.java:4495)
	at org.jkiss.dbeaver.ui.controls.resultset.ResultSetJobDataRead.lambda$0(ResultSetJobDataRead.java:128)
	at org.jkiss.dbeaver.model.exec.DBExecUtils.tryExecuteRecover(DBExecUtils.java:189)
	at org.jkiss.dbeaver.ui.controls.resultset.ResultSetJobDataRead.run(ResultSetJobDataRead.java:126)
	at org.jkiss.dbeaver.ui.controls.resultset.ResultSetViewer$ResultSetDataPumpJob.run(ResultSetViewer.java:5146)
	at org.jkiss.dbeaver.model.runtime.AbstractJob.run(AbstractJob.java:119)
	at org.eclipse.core.internal.jobs.Worker.run(Worker.java:63)
Caused by: java.sql.SQLSyntaxErrorException: ORA-00904: "POSTIOIN": invalid identifier

	at oracle.jdbc.driver.T4CTTIoer.processError(T4CTTIoer.java:440)
	at oracle.jdbc.driver.T4CTTIoer.processError(T4CTTIoer.java:396)
	at oracle.jdbc.driver.T4C8Oall.processError(T4C8Oall.java:837)
	at oracle.jdbc.driver.T4CTTIfun.receive(T4CTTIfun.java:445)
	at oracle.jdbc.driver.T4CTTIfun.doRPC(T4CTTIfun.java:191)
	at oracle.jdbc.driver.T4C8Oall.doOALL(T4C8Oall.java:523)
	at oracle.jdbc.driver.T4CStatement.doOall8(T4CStatement.java:193)
	at oracle.jdbc.driver.T4CStatement.executeForDescribe(T4CStatement.java:848)
	at oracle.jdbc.driver.OracleStatement.executeMaybeDescribe(OracleStatement.java:1153)
	at oracle.jdbc.driver.OracleStatement.doExecuteWithTimeout(OracleStatement.java:1275)
	at oracle.jdbc.driver.OracleStatement.executeInternal(OracleStatement.java:1890)
	at oracle.jdbc.driver.OracleStatement.execute(OracleStatement.java:1855)
	at oracle.jdbc.driver.OracleStatementWrapper.execute(OracleStatementWrapper.java:304)
	at org.jkiss.dbeaver.model.impl.jdbc.exec.JDBCStatementImpl.execute(JDBCStatementImpl.java:344)
	at org.jkiss.dbeaver.model.impl.jdbc.exec.JDBCStatementImpl.executeStatement(JDBCStatementImpl.java:128)
	... 12 more
2025-07-21 10:44:32.430 - Error binding callable statement parameters from metadata: Unsupported feature
2025-07-21 10:44:32.430 - Error obtaining output parameters from metadata: Unsupported feature
2025-07-21 10:44:32.430 - Can't obtain procedure metadata nor jdbc metadata
2025-07-21 10:44:32.921 - SQL Error [904] [42000]: ORA-00904: "POSTIOIN": invalid identifier

org.jkiss.dbeaver.model.sql.DBSQLException: SQL Error [904] [42000]: ORA-00904: "POSTIOIN": invalid identifier

	at org.jkiss.dbeaver.model.impl.jdbc.exec.JDBCStatementImpl.executeStatement(JDBCStatementImpl.java:130)
	at org.jkiss.dbeaver.ui.editors.sql.execute.SQLQueryJob.executeStatement(SQLQueryJob.java:657)
	at org.jkiss.dbeaver.ui.editors.sql.execute.SQLQueryJob.lambda$2(SQLQueryJob.java:550)
	at org.jkiss.dbeaver.model.exec.DBExecUtils.tryExecuteRecover(DBExecUtils.java:189)
	at org.jkiss.dbeaver.ui.editors.sql.execute.SQLQueryJob.executeSingleQuery(SQLQueryJob.java:569)
	at org.jkiss.dbeaver.ui.editors.sql.execute.SQLQueryJob.extractData(SQLQueryJob.java:1043)
	at org.jkiss.dbeaver.ui.editors.sql.SQLEditor$QueryResultsContainer.readData(SQLEditor.java:4495)
	at org.jkiss.dbeaver.ui.controls.resultset.ResultSetJobDataRead.lambda$0(ResultSetJobDataRead.java:128)
	at org.jkiss.dbeaver.model.exec.DBExecUtils.tryExecuteRecover(DBExecUtils.java:189)
	at org.jkiss.dbeaver.ui.controls.resultset.ResultSetJobDataRead.run(ResultSetJobDataRead.java:126)
	at org.jkiss.dbeaver.ui.controls.resultset.ResultSetViewer$ResultSetDataPumpJob.run(ResultSetViewer.java:5146)
	at org.jkiss.dbeaver.model.runtime.AbstractJob.run(AbstractJob.java:119)
	at org.eclipse.core.internal.jobs.Worker.run(Worker.java:63)
Caused by: java.sql.SQLSyntaxErrorException: ORA-00904: "POSTIOIN": invalid identifier

	at oracle.jdbc.driver.T4CTTIoer.processError(T4CTTIoer.java:440)
	at oracle.jdbc.driver.T4CTTIoer.processError(T4CTTIoer.java:396)
	at oracle.jdbc.driver.T4C8Oall.processError(T4C8Oall.java:837)
	at oracle.jdbc.driver.T4CTTIfun.receive(T4CTTIfun.java:445)
	at oracle.jdbc.driver.T4CTTIfun.doRPC(T4CTTIfun.java:191)
	at oracle.jdbc.driver.T4C8Oall.doOALL(T4C8Oall.java:523)
	at oracle.jdbc.driver.T4CStatement.doOall8(T4CStatement.java:193)
	at oracle.jdbc.driver.T4CStatement.executeForDescribe(T4CStatement.java:848)
	at oracle.jdbc.driver.OracleStatement.executeMaybeDescribe(OracleStatement.java:1153)
	at oracle.jdbc.driver.OracleStatement.doExecuteWithTimeout(OracleStatement.java:1275)
	at oracle.jdbc.driver.OracleStatement.executeInternal(OracleStatement.java:1890)
	at oracle.jdbc.driver.OracleStatement.execute(OracleStatement.java:1855)
	at oracle.jdbc.driver.OracleStatementWrapper.execute(OracleStatementWrapper.java:304)
	at org.jkiss.dbeaver.model.impl.jdbc.exec.JDBCStatementImpl.execute(JDBCStatementImpl.java:344)
	at org.jkiss.dbeaver.model.impl.jdbc.exec.JDBCStatementImpl.executeStatement(JDBCStatementImpl.java:128)
	... 12 more
2025-07-21 10:44:32.979 - Error binding callable statement parameters from metadata: Unsupported feature
2025-07-21 10:44:32.979 - Error obtaining output parameters from metadata: Unsupported feature
2025-07-21 10:44:32.979 - Can't obtain procedure metadata nor jdbc metadata
2025-07-21 10:44:33.296 - Error binding callable statement parameters from metadata: Unsupported feature
2025-07-21 10:44:33.296 - Error obtaining output parameters from metadata: Unsupported feature
2025-07-21 10:44:33.296 - Can't obtain procedure metadata nor jdbc metadata
2025-07-21 10:44:33.346 - SQL Error [904] [42000]: ORA-00904: "POSTIOIN": invalid identifier


Error position: line: 69 pos: 38
org.jkiss.dbeaver.model.sql.DBSQLException: SQL Error [904] [42000]: ORA-00904: "POSTIOIN": invalid identifier

	at org.jkiss.dbeaver.model.impl.jdbc.exec.JDBCStatementImpl.executeStatement(JDBCStatementImpl.java:130)
	at org.jkiss.dbeaver.ui.editors.sql.execute.SQLQueryJob.executeStatement(SQLQueryJob.java:657)
	at org.jkiss.dbeaver.ui.editors.sql.execute.SQLQueryJob.lambda$2(SQLQueryJob.java:550)
	at org.jkiss.dbeaver.model.exec.DBExecUtils.tryExecuteRecover(DBExecUtils.java:189)
	at org.jkiss.dbeaver.ui.editors.sql.execute.SQLQueryJob.executeSingleQuery(SQLQueryJob.java:569)
	at org.jkiss.dbeaver.ui.editors.sql.execute.SQLQueryJob.extractData(SQLQueryJob.java:1043)
	at org.jkiss.dbeaver.ui.editors.sql.SQLEditor$QueryResultsContainer.readData(SQLEditor.java:4495)
	at org.jkiss.dbeaver.ui.controls.resultset.ResultSetJobDataRead.lambda$0(ResultSetJobDataRead.java:128)
	at org.jkiss.dbeaver.model.exec.DBExecUtils.tryExecuteRecover(DBExecUtils.java:189)
	at org.jkiss.dbeaver.ui.controls.resultset.ResultSetJobDataRead.run(ResultSetJobDataRead.java:126)
	at org.jkiss.dbeaver.ui.controls.resultset.ResultSetViewer$ResultSetDataPumpJob.run(ResultSetViewer.java:5146)
	at org.jkiss.dbeaver.model.runtime.AbstractJob.run(AbstractJob.java:119)
	at org.eclipse.core.internal.jobs.Worker.run(Worker.java:63)
Caused by: java.sql.SQLSyntaxErrorException: ORA-00904: "POSTIOIN": invalid identifier

	at oracle.jdbc.driver.T4CTTIoer.processError(T4CTTIoer.java:440)
	at oracle.jdbc.driver.T4CTTIoer.processError(T4CTTIoer.java:396)
	at oracle.jdbc.driver.T4C8Oall.processError(T4C8Oall.java:837)
	at oracle.jdbc.driver.T4CTTIfun.receive(T4CTTIfun.java:445)
	at oracle.jdbc.driver.T4CTTIfun.doRPC(T4CTTIfun.java:191)
	at oracle.jdbc.driver.T4C8Oall.doOALL(T4C8Oall.java:523)
	at oracle.jdbc.driver.T4CStatement.doOall8(T4CStatement.java:193)
	at oracle.jdbc.driver.T4CStatement.executeForDescribe(T4CStatement.java:848)
	at oracle.jdbc.driver.OracleStatement.executeMaybeDescribe(OracleStatement.java:1153)
	at oracle.jdbc.driver.OracleStatement.doExecuteWithTimeout(OracleStatement.java:1275)
	at oracle.jdbc.driver.OracleStatement.executeInternal(OracleStatement.java:1890)
	at oracle.jdbc.driver.OracleStatement.execute(OracleStatement.java:1855)
	at oracle.jdbc.driver.OracleStatementWrapper.execute(OracleStatementWrapper.java:304)
	at org.jkiss.dbeaver.model.impl.jdbc.exec.JDBCStatementImpl.execute(JDBCStatementImpl.java:344)
	at org.jkiss.dbeaver.model.impl.jdbc.exec.JDBCStatementImpl.executeStatement(JDBCStatementImpl.java:128)
	... 12 more
2025-07-21 10:44:33.787 - SQL Error [904] [42000]: ORA-00904: "POSTIOIN": invalid identifier

org.jkiss.dbeaver.model.sql.DBSQLException: SQL Error [904] [42000]: ORA-00904: "POSTIOIN": invalid identifier

	at org.jkiss.dbeaver.model.impl.jdbc.exec.JDBCStatementImpl.executeStatement(JDBCStatementImpl.java:130)
	at org.jkiss.dbeaver.ui.editors.sql.execute.SQLQueryJob.executeStatement(SQLQueryJob.java:657)
	at org.jkiss.dbeaver.ui.editors.sql.execute.SQLQueryJob.lambda$2(SQLQueryJob.java:550)
	at org.jkiss.dbeaver.model.exec.DBExecUtils.tryExecuteRecover(DBExecUtils.java:189)
	at org.jkiss.dbeaver.ui.editors.sql.execute.SQLQueryJob.executeSingleQuery(SQLQueryJob.java:569)
	at org.jkiss.dbeaver.ui.editors.sql.execute.SQLQueryJob.extractData(SQLQueryJob.java:1043)
	at org.jkiss.dbeaver.ui.editors.sql.SQLEditor$QueryResultsContainer.readData(SQLEditor.java:4495)
	at org.jkiss.dbeaver.ui.controls.resultset.ResultSetJobDataRead.lambda$0(ResultSetJobDataRead.java:128)
	at org.jkiss.dbeaver.model.exec.DBExecUtils.tryExecuteRecover(DBExecUtils.java:189)
	at org.jkiss.dbeaver.ui.controls.resultset.ResultSetJobDataRead.run(ResultSetJobDataRead.java:126)
	at org.jkiss.dbeaver.ui.controls.resultset.ResultSetViewer$ResultSetDataPumpJob.run(ResultSetViewer.java:5146)
	at org.jkiss.dbeaver.model.runtime.AbstractJob.run(AbstractJob.java:119)
	at org.eclipse.core.internal.jobs.Worker.run(Worker.java:63)
Caused by: java.sql.SQLSyntaxErrorException: ORA-00904: "POSTIOIN": invalid identifier

	at oracle.jdbc.driver.T4CTTIoer.processError(T4CTTIoer.java:440)
	at oracle.jdbc.driver.T4CTTIoer.processError(T4CTTIoer.java:396)
	at oracle.jdbc.driver.T4C8Oall.processError(T4C8Oall.java:837)
	at oracle.jdbc.driver.T4CTTIfun.receive(T4CTTIfun.java:445)
	at oracle.jdbc.driver.T4CTTIfun.doRPC(T4CTTIfun.java:191)
	at oracle.jdbc.driver.T4C8Oall.doOALL(T4C8Oall.java:523)
	at oracle.jdbc.driver.T4CStatement.doOall8(T4CStatement.java:193)
	at oracle.jdbc.driver.T4CStatement.executeForDescribe(T4CStatement.java:848)
	at oracle.jdbc.driver.OracleStatement.executeMaybeDescribe(OracleStatement.java:1153)
	at oracle.jdbc.driver.OracleStatement.doExecuteWithTimeout(OracleStatement.java:1275)
	at oracle.jdbc.driver.OracleStatement.executeInternal(OracleStatement.java:1890)
	at oracle.jdbc.driver.OracleStatement.execute(OracleStatement.java:1855)
	at oracle.jdbc.driver.OracleStatementWrapper.execute(OracleStatementWrapper.java:304)
	at org.jkiss.dbeaver.model.impl.jdbc.exec.JDBCStatementImpl.execute(JDBCStatementImpl.java:344)
	at org.jkiss.dbeaver.model.impl.jdbc.exec.JDBCStatementImpl.executeStatement(JDBCStatementImpl.java:128)
	... 12 more
2025-07-21 10:44:33.843 - Error binding callable statement parameters from metadata: Unsupported feature
2025-07-21 10:44:33.843 - Error obtaining output parameters from metadata: Unsupported feature
2025-07-21 10:44:33.843 - Can't obtain procedure metadata nor jdbc metadata
2025-07-21 10:44:34.395 - SQL Error [904] [42000]: ORA-00904: "POSTIOIN": invalid identifier

org.jkiss.dbeaver.model.sql.DBSQLException: SQL Error [904] [42000]: ORA-00904: "POSTIOIN": invalid identifier

	at org.jkiss.dbeaver.model.impl.jdbc.exec.JDBCStatementImpl.executeStatement(JDBCStatementImpl.java:130)
	at org.jkiss.dbeaver.ui.editors.sql.execute.SQLQueryJob.executeStatement(SQLQueryJob.java:657)
	at org.jkiss.dbeaver.ui.editors.sql.execute.SQLQueryJob.lambda$2(SQLQueryJob.java:550)
	at org.jkiss.dbeaver.model.exec.DBExecUtils.tryExecuteRecover(DBExecUtils.java:189)
	at org.jkiss.dbeaver.ui.editors.sql.execute.SQLQueryJob.executeSingleQuery(SQLQueryJob.java:569)
	at org.jkiss.dbeaver.ui.editors.sql.execute.SQLQueryJob.extractData(SQLQueryJob.java:1043)
	at org.jkiss.dbeaver.ui.editors.sql.SQLEditor$QueryResultsContainer.readData(SQLEditor.java:4495)
	at org.jkiss.dbeaver.ui.controls.resultset.ResultSetJobDataRead.lambda$0(ResultSetJobDataRead.java:128)
	at org.jkiss.dbeaver.model.exec.DBExecUtils.tryExecuteRecover(DBExecUtils.java:189)
	at org.jkiss.dbeaver.ui.controls.resultset.ResultSetJobDataRead.run(ResultSetJobDataRead.java:126)
	at org.jkiss.dbeaver.ui.controls.resultset.ResultSetViewer$ResultSetDataPumpJob.run(ResultSetViewer.java:5146)
	at org.jkiss.dbeaver.model.runtime.AbstractJob.run(AbstractJob.java:119)
	at org.eclipse.core.internal.jobs.Worker.run(Worker.java:63)
Caused by: java.sql.SQLSyntaxErrorException: ORA-00904: "POSTIOIN": invalid identifier

	at oracle.jdbc.driver.T4CTTIoer.processError(T4CTTIoer.java:440)
	at oracle.jdbc.driver.T4CTTIoer.processError(T4CTTIoer.java:396)
	at oracle.jdbc.driver.T4C8Oall.processError(T4C8Oall.java:837)
	at oracle.jdbc.driver.T4CTTIfun.receive(T4CTTIfun.java:445)
	at oracle.jdbc.driver.T4CTTIfun.doRPC(T4CTTIfun.java:191)
	at oracle.jdbc.driver.T4C8Oall.doOALL(T4C8Oall.java:523)
	at oracle.jdbc.driver.T4CStatement.doOall8(T4CStatement.java:193)
	at oracle.jdbc.driver.T4CStatement.executeForDescribe(T4CStatement.java:848)
	at oracle.jdbc.driver.OracleStatement.executeMaybeDescribe(OracleStatement.java:1153)
	at oracle.jdbc.driver.OracleStatement.doExecuteWithTimeout(OracleStatement.java:1275)
	at oracle.jdbc.driver.OracleStatement.executeInternal(OracleStatement.java:1890)
	at oracle.jdbc.driver.OracleStatement.execute(OracleStatement.java:1855)
	at oracle.jdbc.driver.OracleStatementWrapper.execute(OracleStatementWrapper.java:304)
	at org.jkiss.dbeaver.model.impl.jdbc.exec.JDBCStatementImpl.execute(JDBCStatementImpl.java:344)
	at org.jkiss.dbeaver.model.impl.jdbc.exec.JDBCStatementImpl.executeStatement(JDBCStatementImpl.java:128)
	... 12 more
2025-07-21 10:44:34.446 - Error binding callable statement parameters from metadata: Unsupported feature
2025-07-21 10:44:34.446 - Error obtaining output parameters from metadata: Unsupported feature
2025-07-21 10:44:34.446 - Can't obtain procedure metadata nor jdbc metadata
2025-07-21 10:45:51.683 - SQL Error [911] [22019]: ORA-00911: invalid character

org.jkiss.dbeaver.model.sql.DBSQLException: SQL Error [911] [22019]: ORA-00911: invalid character

	at org.jkiss.dbeaver.model.impl.jdbc.exec.JDBCStatementImpl.executeStatement(JDBCStatementImpl.java:130)
	at org.jkiss.dbeaver.ui.editors.sql.execute.SQLQueryJob.executeStatement(SQLQueryJob.java:657)
	at org.jkiss.dbeaver.ui.editors.sql.execute.SQLQueryJob.lambda$2(SQLQueryJob.java:550)
	at org.jkiss.dbeaver.model.exec.DBExecUtils.tryExecuteRecover(DBExecUtils.java:189)
	at org.jkiss.dbeaver.ui.editors.sql.execute.SQLQueryJob.executeSingleQuery(SQLQueryJob.java:569)
	at org.jkiss.dbeaver.ui.editors.sql.execute.SQLQueryJob.extractData(SQLQueryJob.java:1043)
	at org.jkiss.dbeaver.ui.editors.sql.SQLEditor$QueryResultsContainer.readData(SQLEditor.java:4495)
	at org.jkiss.dbeaver.ui.controls.resultset.ResultSetJobDataRead.lambda$0(ResultSetJobDataRead.java:128)
	at org.jkiss.dbeaver.model.exec.DBExecUtils.tryExecuteRecover(DBExecUtils.java:189)
	at org.jkiss.dbeaver.ui.controls.resultset.ResultSetJobDataRead.run(ResultSetJobDataRead.java:126)
	at org.jkiss.dbeaver.ui.controls.resultset.ResultSetViewer$ResultSetDataPumpJob.run(ResultSetViewer.java:5146)
	at org.jkiss.dbeaver.model.runtime.AbstractJob.run(AbstractJob.java:119)
	at org.eclipse.core.internal.jobs.Worker.run(Worker.java:63)
Caused by: java.sql.SQLSyntaxErrorException: ORA-00911: invalid character

	at oracle.jdbc.driver.T4CTTIoer.processError(T4CTTIoer.java:440)
	at oracle.jdbc.driver.T4CTTIoer.processError(T4CTTIoer.java:396)
	at oracle.jdbc.driver.T4C8Oall.processError(T4C8Oall.java:837)
	at oracle.jdbc.driver.T4CTTIfun.receive(T4CTTIfun.java:445)
	at oracle.jdbc.driver.T4CTTIfun.doRPC(T4CTTIfun.java:191)
	at oracle.jdbc.driver.T4C8Oall.doOALL(T4C8Oall.java:523)
	at oracle.jdbc.driver.T4CStatement.doOall8(T4CStatement.java:193)
	at oracle.jdbc.driver.T4CStatement.executeForDescribe(T4CStatement.java:848)
	at oracle.jdbc.driver.OracleStatement.executeMaybeDescribe(OracleStatement.java:1153)
	at oracle.jdbc.driver.OracleStatement.doExecuteWithTimeout(OracleStatement.java:1275)
	at oracle.jdbc.driver.OracleStatement.executeInternal(OracleStatement.java:1890)
	at oracle.jdbc.driver.OracleStatement.execute(OracleStatement.java:1855)
	at oracle.jdbc.driver.OracleStatementWrapper.execute(OracleStatementWrapper.java:304)
	at org.jkiss.dbeaver.model.impl.jdbc.exec.JDBCStatementImpl.execute(JDBCStatementImpl.java:344)
	at org.jkiss.dbeaver.model.impl.jdbc.exec.JDBCStatementImpl.executeStatement(JDBCStatementImpl.java:128)
	... 12 more
2025-07-21 10:45:54.144 - SQL Error [911] [22019]: ORA-00911: invalid character

org.jkiss.dbeaver.model.sql.DBSQLException: SQL Error [911] [22019]: ORA-00911: invalid character

	at org.jkiss.dbeaver.model.impl.jdbc.exec.JDBCStatementImpl.executeStatement(JDBCStatementImpl.java:130)
	at org.jkiss.dbeaver.ui.editors.sql.execute.SQLQueryJob.executeStatement(SQLQueryJob.java:657)
	at org.jkiss.dbeaver.ui.editors.sql.execute.SQLQueryJob.lambda$2(SQLQueryJob.java:550)
	at org.jkiss.dbeaver.model.exec.DBExecUtils.tryExecuteRecover(DBExecUtils.java:189)
	at org.jkiss.dbeaver.ui.editors.sql.execute.SQLQueryJob.executeSingleQuery(SQLQueryJob.java:569)
	at org.jkiss.dbeaver.ui.editors.sql.execute.SQLQueryJob.extractData(SQLQueryJob.java:1043)
	at org.jkiss.dbeaver.ui.editors.sql.SQLEditor$QueryResultsContainer.readData(SQLEditor.java:4495)
	at org.jkiss.dbeaver.ui.controls.resultset.ResultSetJobDataRead.lambda$0(ResultSetJobDataRead.java:128)
	at org.jkiss.dbeaver.model.exec.DBExecUtils.tryExecuteRecover(DBExecUtils.java:189)
	at org.jkiss.dbeaver.ui.controls.resultset.ResultSetJobDataRead.run(ResultSetJobDataRead.java:126)
	at org.jkiss.dbeaver.ui.controls.resultset.ResultSetViewer$ResultSetDataPumpJob.run(ResultSetViewer.java:5146)
	at org.jkiss.dbeaver.model.runtime.AbstractJob.run(AbstractJob.java:119)
	at org.eclipse.core.internal.jobs.Worker.run(Worker.java:63)
Caused by: java.sql.SQLSyntaxErrorException: ORA-00911: invalid character

	at oracle.jdbc.driver.T4CTTIoer.processError(T4CTTIoer.java:440)
	at oracle.jdbc.driver.T4CTTIoer.processError(T4CTTIoer.java:396)
	at oracle.jdbc.driver.T4C8Oall.processError(T4C8Oall.java:837)
	at oracle.jdbc.driver.T4CTTIfun.receive(T4CTTIfun.java:445)
	at oracle.jdbc.driver.T4CTTIfun.doRPC(T4CTTIfun.java:191)
	at oracle.jdbc.driver.T4C8Oall.doOALL(T4C8Oall.java:523)
	at oracle.jdbc.driver.T4CStatement.doOall8(T4CStatement.java:193)
	at oracle.jdbc.driver.T4CStatement.executeForDescribe(T4CStatement.java:848)
	at oracle.jdbc.driver.OracleStatement.executeMaybeDescribe(OracleStatement.java:1153)
	at oracle.jdbc.driver.OracleStatement.doExecuteWithTimeout(OracleStatement.java:1275)
	at oracle.jdbc.driver.OracleStatement.executeInternal(OracleStatement.java:1890)
	at oracle.jdbc.driver.OracleStatement.execute(OracleStatement.java:1855)
	at oracle.jdbc.driver.OracleStatementWrapper.execute(OracleStatementWrapper.java:304)
	at org.jkiss.dbeaver.model.impl.jdbc.exec.JDBCStatementImpl.execute(JDBCStatementImpl.java:344)
	at org.jkiss.dbeaver.model.impl.jdbc.exec.JDBCStatementImpl.executeStatement(JDBCStatementImpl.java:128)
	... 12 more
2025-07-21 10:46:09.404 - Connect with 'XE' (oracle_thin-1980b69850b-462098bf41f7cd21)
2025-07-21 10:46:09.404 - Execution context opened (XE; Main; 20)
2025-07-21 10:46:09.414 - Execution context opened (XE; Metadata; 21)
2025-07-21 10:46:09.416 - Execution context opened (XE; SQLEditor <day04(Constraints).sql>; 22)
2025-07-21 10:46:09.428 - Connected (oracle_thin-1980b69850b-462098bf41f7cd21, Oracle JDBC driver [11.2.0.2.0])
2025-07-21 10:46:15.434 - Execution context opened (XE; SQLEditor <day04(Modeling).sql>; 23)
2025-07-21 10:46:19.057 - Execution context opened (XE; SQLEditor <day04(강승훈_과제).sql>; 24)
2025-07-21 10:46:23.762 - Execution context opened (XE; SQLEditor <day05(강승훈).sql>; 25)
2025-07-21 10:46:32.227 - Execution context opened (XE; SQLEditor <day05(정규화).sql>; 26)
2025-07-21 10:46:36.833 - Execution context opened (XE; SQLEditor <day06(조인).sql>; 27)
2025-07-21 10:46:51.074 - Execution context opened (XE; SQLEditor <교재CH05_예제.sql>; 28)
2025-07-21 10:47:09.043 - SQL Error [911] [22019]: ORA-00911: invalid character

org.jkiss.dbeaver.model.sql.DBSQLException: SQL Error [911] [22019]: ORA-00911: invalid character

	at org.jkiss.dbeaver.model.impl.jdbc.exec.JDBCStatementImpl.executeStatement(JDBCStatementImpl.java:130)
	at org.jkiss.dbeaver.ui.editors.sql.execute.SQLQueryJob.executeStatement(SQLQueryJob.java:657)
	at org.jkiss.dbeaver.ui.editors.sql.execute.SQLQueryJob.lambda$2(SQLQueryJob.java:550)
	at org.jkiss.dbeaver.model.exec.DBExecUtils.tryExecuteRecover(DBExecUtils.java:189)
	at org.jkiss.dbeaver.ui.editors.sql.execute.SQLQueryJob.executeSingleQuery(SQLQueryJob.java:569)
	at org.jkiss.dbeaver.ui.editors.sql.execute.SQLQueryJob.extractData(SQLQueryJob.java:1043)
	at org.jkiss.dbeaver.ui.editors.sql.SQLEditor$QueryResultsContainer.readData(SQLEditor.java:4495)
	at org.jkiss.dbeaver.ui.controls.resultset.ResultSetJobDataRead.lambda$0(ResultSetJobDataRead.java:128)
	at org.jkiss.dbeaver.model.exec.DBExecUtils.tryExecuteRecover(DBExecUtils.java:189)
	at org.jkiss.dbeaver.ui.controls.resultset.ResultSetJobDataRead.run(ResultSetJobDataRead.java:126)
	at org.jkiss.dbeaver.ui.controls.resultset.ResultSetViewer$ResultSetDataPumpJob.run(ResultSetViewer.java:5146)
	at org.jkiss.dbeaver.model.runtime.AbstractJob.run(AbstractJob.java:119)
	at org.eclipse.core.internal.jobs.Worker.run(Worker.java:63)
Caused by: java.sql.SQLSyntaxErrorException: ORA-00911: invalid character

	at oracle.jdbc.driver.T4CTTIoer.processError(T4CTTIoer.java:440)
	at oracle.jdbc.driver.T4CTTIoer.processError(T4CTTIoer.java:396)
	at oracle.jdbc.driver.T4C8Oall.processError(T4C8Oall.java:837)
	at oracle.jdbc.driver.T4CTTIfun.receive(T4CTTIfun.java:445)
	at oracle.jdbc.driver.T4CTTIfun.doRPC(T4CTTIfun.java:191)
	at oracle.jdbc.driver.T4C8Oall.doOALL(T4C8Oall.java:523)
	at oracle.jdbc.driver.T4CStatement.doOall8(T4CStatement.java:193)
	at oracle.jdbc.driver.T4CStatement.executeForDescribe(T4CStatement.java:848)
	at oracle.jdbc.driver.OracleStatement.executeMaybeDescribe(OracleStatement.java:1153)
	at oracle.jdbc.driver.OracleStatement.doExecuteWithTimeout(OracleStatement.java:1275)
	at oracle.jdbc.driver.OracleStatement.executeInternal(OracleStatement.java:1890)
	at oracle.jdbc.driver.OracleStatement.execute(OracleStatement.java:1855)
	at oracle.jdbc.driver.OracleStatementWrapper.execute(OracleStatementWrapper.java:304)
	at org.jkiss.dbeaver.model.impl.jdbc.exec.JDBCStatementImpl.execute(JDBCStatementImpl.java:344)
	at org.jkiss.dbeaver.model.impl.jdbc.exec.JDBCStatementImpl.executeStatement(JDBCStatementImpl.java:128)
	... 12 more
2025-07-21 10:47:12.230 - SQL Error [911] [22019]: ORA-00911: invalid character

org.jkiss.dbeaver.model.sql.DBSQLException: SQL Error [911] [22019]: ORA-00911: invalid character

	at org.jkiss.dbeaver.model.impl.jdbc.exec.JDBCStatementImpl.executeStatement(JDBCStatementImpl.java:130)
	at org.jkiss.dbeaver.ui.editors.sql.execute.SQLQueryJob.executeStatement(SQLQueryJob.java:657)
	at org.jkiss.dbeaver.ui.editors.sql.execute.SQLQueryJob.lambda$2(SQLQueryJob.java:550)
	at org.jkiss.dbeaver.model.exec.DBExecUtils.tryExecuteRecover(DBExecUtils.java:189)
	at org.jkiss.dbeaver.ui.editors.sql.execute.SQLQueryJob.executeSingleQuery(SQLQueryJob.java:569)
	at org.jkiss.dbeaver.ui.editors.sql.execute.SQLQueryJob.extractData(SQLQueryJob.java:1043)
	at org.jkiss.dbeaver.ui.editors.sql.SQLEditor$QueryResultsContainer.readData(SQLEditor.java:4495)
	at org.jkiss.dbeaver.ui.controls.resultset.ResultSetJobDataRead.lambda$0(ResultSetJobDataRead.java:128)
	at org.jkiss.dbeaver.model.exec.DBExecUtils.tryExecuteRecover(DBExecUtils.java:189)
	at org.jkiss.dbeaver.ui.controls.resultset.ResultSetJobDataRead.run(ResultSetJobDataRead.java:126)
	at org.jkiss.dbeaver.ui.controls.resultset.ResultSetViewer$ResultSetDataPumpJob.run(ResultSetViewer.java:5146)
	at org.jkiss.dbeaver.model.runtime.AbstractJob.run(AbstractJob.java:119)
	at org.eclipse.core.internal.jobs.Worker.run(Worker.java:63)
Caused by: java.sql.SQLSyntaxErrorException: ORA-00911: invalid character

	at oracle.jdbc.driver.T4CTTIoer.processError(T4CTTIoer.java:440)
	at oracle.jdbc.driver.T4CTTIoer.processError(T4CTTIoer.java:396)
	at oracle.jdbc.driver.T4C8Oall.processError(T4C8Oall.java:837)
	at oracle.jdbc.driver.T4CTTIfun.receive(T4CTTIfun.java:445)
	at oracle.jdbc.driver.T4CTTIfun.doRPC(T4CTTIfun.java:191)
	at oracle.jdbc.driver.T4C8Oall.doOALL(T4C8Oall.java:523)
	at oracle.jdbc.driver.T4CStatement.doOall8(T4CStatement.java:193)
	at oracle.jdbc.driver.T4CStatement.executeForDescribe(T4CStatement.java:848)
	at oracle.jdbc.driver.OracleStatement.executeMaybeDescribe(OracleStatement.java:1153)
	at oracle.jdbc.driver.OracleStatement.doExecuteWithTimeout(OracleStatement.java:1275)
	at oracle.jdbc.driver.OracleStatement.executeInternal(OracleStatement.java:1890)
	at oracle.jdbc.driver.OracleStatement.execute(OracleStatement.java:1855)
	at oracle.jdbc.driver.OracleStatementWrapper.execute(OracleStatementWrapper.java:304)
	at org.jkiss.dbeaver.model.impl.jdbc.exec.JDBCStatementImpl.execute(JDBCStatementImpl.java:344)
	at org.jkiss.dbeaver.model.impl.jdbc.exec.JDBCStatementImpl.executeStatement(JDBCStatementImpl.java:128)
	... 12 more
2025-07-21 10:47:33.062 - SQL Error [920] [42000]: ORA-00920: invalid relational operator

org.jkiss.dbeaver.model.sql.DBSQLException: SQL Error [920] [42000]: ORA-00920: invalid relational operator

	at org.jkiss.dbeaver.model.impl.jdbc.exec.JDBCStatementImpl.executeStatement(JDBCStatementImpl.java:130)
	at org.jkiss.dbeaver.ui.editors.sql.execute.SQLQueryJob.executeStatement(SQLQueryJob.java:657)
	at org.jkiss.dbeaver.ui.editors.sql.execute.SQLQueryJob.lambda$2(SQLQueryJob.java:550)
	at org.jkiss.dbeaver.model.exec.DBExecUtils.tryExecuteRecover(DBExecUtils.java:189)
	at org.jkiss.dbeaver.ui.editors.sql.execute.SQLQueryJob.executeSingleQuery(SQLQueryJob.java:569)
	at org.jkiss.dbeaver.ui.editors.sql.execute.SQLQueryJob.extractData(SQLQueryJob.java:1043)
	at org.jkiss.dbeaver.ui.editors.sql.SQLEditor$QueryResultsContainer.readData(SQLEditor.java:4495)
	at org.jkiss.dbeaver.ui.controls.resultset.ResultSetJobDataRead.lambda$0(ResultSetJobDataRead.java:128)
	at org.jkiss.dbeaver.model.exec.DBExecUtils.tryExecuteRecover(DBExecUtils.java:189)
	at org.jkiss.dbeaver.ui.controls.resultset.ResultSetJobDataRead.run(ResultSetJobDataRead.java:126)
	at org.jkiss.dbeaver.ui.controls.resultset.ResultSetViewer$ResultSetDataPumpJob.run(ResultSetViewer.java:5146)
	at org.jkiss.dbeaver.model.runtime.AbstractJob.run(AbstractJob.java:119)
	at org.eclipse.core.internal.jobs.Worker.run(Worker.java:63)
Caused by: java.sql.SQLSyntaxErrorException: ORA-00920: invalid relational operator

	at oracle.jdbc.driver.T4CTTIoer.processError(T4CTTIoer.java:440)
	at oracle.jdbc.driver.T4CTTIoer.processError(T4CTTIoer.java:396)
	at oracle.jdbc.driver.T4C8Oall.processError(T4C8Oall.java:837)
	at oracle.jdbc.driver.T4CTTIfun.receive(T4CTTIfun.java:445)
	at oracle.jdbc.driver.T4CTTIfun.doRPC(T4CTTIfun.java:191)
	at oracle.jdbc.driver.T4C8Oall.doOALL(T4C8Oall.java:523)
	at oracle.jdbc.driver.T4CStatement.doOall8(T4CStatement.java:193)
	at oracle.jdbc.driver.T4CStatement.executeForDescribe(T4CStatement.java:848)
	at oracle.jdbc.driver.OracleStatement.executeMaybeDescribe(OracleStatement.java:1153)
	at oracle.jdbc.driver.OracleStatement.doExecuteWithTimeout(OracleStatement.java:1275)
	at oracle.jdbc.driver.OracleStatement.executeInternal(OracleStatement.java:1890)
	at oracle.jdbc.driver.OracleStatement.execute(OracleStatement.java:1855)
	at oracle.jdbc.driver.OracleStatementWrapper.execute(OracleStatementWrapper.java:304)
	at org.jkiss.dbeaver.model.impl.jdbc.exec.JDBCStatementImpl.execute(JDBCStatementImpl.java:344)
	at org.jkiss.dbeaver.model.impl.jdbc.exec.JDBCStatementImpl.executeStatement(JDBCStatementImpl.java:128)
	... 12 more
2025-07-21 10:47:33.117 - Error binding callable statement parameters from metadata: Unsupported feature
2025-07-21 10:47:33.117 - Error obtaining output parameters from metadata: Unsupported feature
2025-07-21 10:47:33.117 - Can't obtain procedure metadata nor jdbc metadata
2025-07-21 10:47:36.301 - SQL Error [920] [42000]: ORA-00920: invalid relational operator

org.jkiss.dbeaver.model.sql.DBSQLException: SQL Error [920] [42000]: ORA-00920: invalid relational operator

	at org.jkiss.dbeaver.model.impl.jdbc.exec.JDBCStatementImpl.executeStatement(JDBCStatementImpl.java:130)
	at org.jkiss.dbeaver.ui.editors.sql.execute.SQLQueryJob.executeStatement(SQLQueryJob.java:657)
	at org.jkiss.dbeaver.ui.editors.sql.execute.SQLQueryJob.lambda$2(SQLQueryJob.java:550)
	at org.jkiss.dbeaver.model.exec.DBExecUtils.tryExecuteRecover(DBExecUtils.java:189)
	at org.jkiss.dbeaver.ui.editors.sql.execute.SQLQueryJob.executeSingleQuery(SQLQueryJob.java:569)
	at org.jkiss.dbeaver.ui.editors.sql.execute.SQLQueryJob.extractData(SQLQueryJob.java:1043)
	at org.jkiss.dbeaver.ui.editors.sql.SQLEditor$QueryResultsContainer.readData(SQLEditor.java:4495)
	at org.jkiss.dbeaver.ui.controls.resultset.ResultSetJobDataRead.lambda$0(ResultSetJobDataRead.java:128)
	at org.jkiss.dbeaver.model.exec.DBExecUtils.tryExecuteRecover(DBExecUtils.java:189)
	at org.jkiss.dbeaver.ui.controls.resultset.ResultSetJobDataRead.run(ResultSetJobDataRead.java:126)
	at org.jkiss.dbeaver.ui.controls.resultset.ResultSetViewer$ResultSetDataPumpJob.run(ResultSetViewer.java:5146)
	at org.jkiss.dbeaver.model.runtime.AbstractJob.run(AbstractJob.java:119)
	at org.eclipse.core.internal.jobs.Worker.run(Worker.java:63)
Caused by: java.sql.SQLSyntaxErrorException: ORA-00920: invalid relational operator

	at oracle.jdbc.driver.T4CTTIoer.processError(T4CTTIoer.java:440)
	at oracle.jdbc.driver.T4CTTIoer.processError(T4CTTIoer.java:396)
	at oracle.jdbc.driver.T4C8Oall.processError(T4C8Oall.java:837)
	at oracle.jdbc.driver.T4CTTIfun.receive(T4CTTIfun.java:445)
	at oracle.jdbc.driver.T4CTTIfun.doRPC(T4CTTIfun.java:191)
	at oracle.jdbc.driver.T4C8Oall.doOALL(T4C8Oall.java:523)
	at oracle.jdbc.driver.T4CStatement.doOall8(T4CStatement.java:193)
	at oracle.jdbc.driver.T4CStatement.executeForDescribe(T4CStatement.java:848)
	at oracle.jdbc.driver.OracleStatement.executeMaybeDescribe(OracleStatement.java:1153)
	at oracle.jdbc.driver.OracleStatement.doExecuteWithTimeout(OracleStatement.java:1275)
	at oracle.jdbc.driver.OracleStatement.executeInternal(OracleStatement.java:1890)
	at oracle.jdbc.driver.OracleStatement.execute(OracleStatement.java:1855)
	at oracle.jdbc.driver.OracleStatementWrapper.execute(OracleStatementWrapper.java:304)
	at org.jkiss.dbeaver.model.impl.jdbc.exec.JDBCStatementImpl.execute(JDBCStatementImpl.java:344)
	at org.jkiss.dbeaver.model.impl.jdbc.exec.JDBCStatementImpl.executeStatement(JDBCStatementImpl.java:128)
	... 12 more
2025-07-21 10:47:36.347 - Error binding callable statement parameters from metadata: Unsupported feature
2025-07-21 10:47:36.347 - Error obtaining output parameters from metadata: Unsupported feature
2025-07-21 10:47:36.347 - Can't obtain procedure metadata nor jdbc metadata
2025-07-21 10:47:49.205 - SQL Error [920] [42000]: ORA-00920: invalid relational operator

org.jkiss.dbeaver.model.sql.DBSQLException: SQL Error [920] [42000]: ORA-00920: invalid relational operator

	at org.jkiss.dbeaver.model.impl.jdbc.exec.JDBCStatementImpl.executeStatement(JDBCStatementImpl.java:130)
	at org.jkiss.dbeaver.ui.editors.sql.execute.SQLQueryJob.executeStatement(SQLQueryJob.java:657)
	at org.jkiss.dbeaver.ui.editors.sql.execute.SQLQueryJob.lambda$2(SQLQueryJob.java:550)
	at org.jkiss.dbeaver.model.exec.DBExecUtils.tryExecuteRecover(DBExecUtils.java:189)
	at org.jkiss.dbeaver.ui.editors.sql.execute.SQLQueryJob.executeSingleQuery(SQLQueryJob.java:569)
	at org.jkiss.dbeaver.ui.editors.sql.execute.SQLQueryJob.extractData(SQLQueryJob.java:1043)
	at org.jkiss.dbeaver.ui.editors.sql.SQLEditor$QueryResultsContainer.readData(SQLEditor.java:4495)
	at org.jkiss.dbeaver.ui.controls.resultset.ResultSetJobDataRead.lambda$0(ResultSetJobDataRead.java:128)
	at org.jkiss.dbeaver.model.exec.DBExecUtils.tryExecuteRecover(DBExecUtils.java:189)
	at org.jkiss.dbeaver.ui.controls.resultset.ResultSetJobDataRead.run(ResultSetJobDataRead.java:126)
	at org.jkiss.dbeaver.ui.controls.resultset.ResultSetViewer$ResultSetDataPumpJob.run(ResultSetViewer.java:5146)
	at org.jkiss.dbeaver.model.runtime.AbstractJob.run(AbstractJob.java:119)
	at org.eclipse.core.internal.jobs.Worker.run(Worker.java:63)
Caused by: java.sql.SQLSyntaxErrorException: ORA-00920: invalid relational operator

	at oracle.jdbc.driver.T4CTTIoer.processError(T4CTTIoer.java:440)
	at oracle.jdbc.driver.T4CTTIoer.processError(T4CTTIoer.java:396)
	at oracle.jdbc.driver.T4C8Oall.processError(T4C8Oall.java:837)
	at oracle.jdbc.driver.T4CTTIfun.receive(T4CTTIfun.java:445)
	at oracle.jdbc.driver.T4CTTIfun.doRPC(T4CTTIfun.java:191)
	at oracle.jdbc.driver.T4C8Oall.doOALL(T4C8Oall.java:523)
	at oracle.jdbc.driver.T4CStatement.doOall8(T4CStatement.java:193)
	at oracle.jdbc.driver.T4CStatement.executeForDescribe(T4CStatement.java:848)
	at oracle.jdbc.driver.OracleStatement.executeMaybeDescribe(OracleStatement.java:1153)
	at oracle.jdbc.driver.OracleStatement.doExecuteWithTimeout(OracleStatement.java:1275)
	at oracle.jdbc.driver.OracleStatement.executeInternal(OracleStatement.java:1890)
	at oracle.jdbc.driver.OracleStatement.execute(OracleStatement.java:1855)
	at oracle.jdbc.driver.OracleStatementWrapper.execute(OracleStatementWrapper.java:304)
	at org.jkiss.dbeaver.model.impl.jdbc.exec.JDBCStatementImpl.execute(JDBCStatementImpl.java:344)
	at org.jkiss.dbeaver.model.impl.jdbc.exec.JDBCStatementImpl.executeStatement(JDBCStatementImpl.java:128)
	... 12 more
2025-07-21 10:47:49.265 - Error binding callable statement parameters from metadata: Unsupported feature
2025-07-21 10:47:49.265 - Error obtaining output parameters from metadata: Unsupported feature
2025-07-21 10:47:49.265 - Can't obtain procedure metadata nor jdbc metadata
2025-07-21 10:49:52.010 - SQL Error [937] [42000]: ORA-00937: not a single-group group function

org.jkiss.dbeaver.model.sql.DBSQLException: SQL Error [937] [42000]: ORA-00937: not a single-group group function

	at org.jkiss.dbeaver.model.impl.jdbc.exec.JDBCStatementImpl.executeStatement(JDBCStatementImpl.java:130)
	at org.jkiss.dbeaver.ui.editors.sql.execute.SQLQueryJob.executeStatement(SQLQueryJob.java:657)
	at org.jkiss.dbeaver.ui.editors.sql.execute.SQLQueryJob.lambda$2(SQLQueryJob.java:550)
	at org.jkiss.dbeaver.model.exec.DBExecUtils.tryExecuteRecover(DBExecUtils.java:189)
	at org.jkiss.dbeaver.ui.editors.sql.execute.SQLQueryJob.executeSingleQuery(SQLQueryJob.java:569)
	at org.jkiss.dbeaver.ui.editors.sql.execute.SQLQueryJob.extractData(SQLQueryJob.java:1043)
	at org.jkiss.dbeaver.ui.editors.sql.SQLEditor$QueryResultsContainer.readData(SQLEditor.java:4495)
	at org.jkiss.dbeaver.ui.controls.resultset.ResultSetJobDataRead.lambda$0(ResultSetJobDataRead.java:128)
	at org.jkiss.dbeaver.model.exec.DBExecUtils.tryExecuteRecover(DBExecUtils.java:189)
	at org.jkiss.dbeaver.ui.controls.resultset.ResultSetJobDataRead.run(ResultSetJobDataRead.java:126)
	at org.jkiss.dbeaver.ui.controls.resultset.ResultSetViewer$ResultSetDataPumpJob.run(ResultSetViewer.java:5146)
	at org.jkiss.dbeaver.model.runtime.AbstractJob.run(AbstractJob.java:119)
	at org.eclipse.core.internal.jobs.Worker.run(Worker.java:63)
Caused by: java.sql.SQLSyntaxErrorException: ORA-00937: not a single-group group function

	at oracle.jdbc.driver.T4CTTIoer.processError(T4CTTIoer.java:440)
	at oracle.jdbc.driver.T4CTTIoer.processError(T4CTTIoer.java:396)
	at oracle.jdbc.driver.T4C8Oall.processError(T4C8Oall.java:837)
	at oracle.jdbc.driver.T4CTTIfun.receive(T4CTTIfun.java:445)
	at oracle.jdbc.driver.T4CTTIfun.doRPC(T4CTTIfun.java:191)
	at oracle.jdbc.driver.T4C8Oall.doOALL(T4C8Oall.java:523)
	at oracle.jdbc.driver.T4CStatement.doOall8(T4CStatement.java:193)
	at oracle.jdbc.driver.T4CStatement.executeForDescribe(T4CStatement.java:848)
	at oracle.jdbc.driver.OracleStatement.executeMaybeDescribe(OracleStatement.java:1153)
	at oracle.jdbc.driver.OracleStatement.doExecuteWithTimeout(OracleStatement.java:1275)
	at oracle.jdbc.driver.OracleStatement.executeInternal(OracleStatement.java:1890)
	at oracle.jdbc.driver.OracleStatement.execute(OracleStatement.java:1855)
	at oracle.jdbc.driver.OracleStatementWrapper.execute(OracleStatementWrapper.java:304)
	at org.jkiss.dbeaver.model.impl.jdbc.exec.JDBCStatementImpl.execute(JDBCStatementImpl.java:344)
	at org.jkiss.dbeaver.model.impl.jdbc.exec.JDBCStatementImpl.executeStatement(JDBCStatementImpl.java:128)
	... 12 more
2025-07-21 10:49:52.138 - Error binding callable statement parameters from metadata: Unsupported feature
2025-07-21 10:49:52.138 - Error obtaining output parameters from metadata: Unsupported feature
2025-07-21 10:49:52.138 - Can't obtain procedure metadata nor jdbc metadata
2025-07-21 10:49:52.902 - SQL Error [937] [42000]: ORA-00937: not a single-group group function

org.jkiss.dbeaver.model.sql.DBSQLException: SQL Error [937] [42000]: ORA-00937: not a single-group group function

	at org.jkiss.dbeaver.model.impl.jdbc.exec.JDBCStatementImpl.executeStatement(JDBCStatementImpl.java:130)
	at org.jkiss.dbeaver.ui.editors.sql.execute.SQLQueryJob.executeStatement(SQLQueryJob.java:657)
	at org.jkiss.dbeaver.ui.editors.sql.execute.SQLQueryJob.lambda$2(SQLQueryJob.java:550)
	at org.jkiss.dbeaver.model.exec.DBExecUtils.tryExecuteRecover(DBExecUtils.java:189)
	at org.jkiss.dbeaver.ui.editors.sql.execute.SQLQueryJob.executeSingleQuery(SQLQueryJob.java:569)
	at org.jkiss.dbeaver.ui.editors.sql.execute.SQLQueryJob.extractData(SQLQueryJob.java:1043)
	at org.jkiss.dbeaver.ui.editors.sql.SQLEditor$QueryResultsContainer.readData(SQLEditor.java:4495)
	at org.jkiss.dbeaver.ui.controls.resultset.ResultSetJobDataRead.lambda$0(ResultSetJobDataRead.java:128)
	at org.jkiss.dbeaver.model.exec.DBExecUtils.tryExecuteRecover(DBExecUtils.java:189)
	at org.jkiss.dbeaver.ui.controls.resultset.ResultSetJobDataRead.run(ResultSetJobDataRead.java:126)
	at org.jkiss.dbeaver.ui.controls.resultset.ResultSetViewer$ResultSetDataPumpJob.run(ResultSetViewer.java:5146)
	at org.jkiss.dbeaver.model.runtime.AbstractJob.run(AbstractJob.java:119)
	at org.eclipse.core.internal.jobs.Worker.run(Worker.java:63)
Caused by: java.sql.SQLSyntaxErrorException: ORA-00937: not a single-group group function

	at oracle.jdbc.driver.T4CTTIoer.processError(T4CTTIoer.java:440)
	at oracle.jdbc.driver.T4CTTIoer.processError(T4CTTIoer.java:396)
	at oracle.jdbc.driver.T4C8Oall.processError(T4C8Oall.java:837)
	at oracle.jdbc.driver.T4CTTIfun.receive(T4CTTIfun.java:445)
	at oracle.jdbc.driver.T4CTTIfun.doRPC(T4CTTIfun.java:191)
	at oracle.jdbc.driver.T4C8Oall.doOALL(T4C8Oall.java:523)
	at oracle.jdbc.driver.T4CStatement.doOall8(T4CStatement.java:193)
	at oracle.jdbc.driver.T4CStatement.executeForDescribe(T4CStatement.java:848)
	at oracle.jdbc.driver.OracleStatement.executeMaybeDescribe(OracleStatement.java:1153)
	at oracle.jdbc.driver.OracleStatement.doExecuteWithTimeout(OracleStatement.java:1275)
	at oracle.jdbc.driver.OracleStatement.executeInternal(OracleStatement.java:1890)
	at oracle.jdbc.driver.OracleStatement.execute(OracleStatement.java:1855)
	at oracle.jdbc.driver.OracleStatementWrapper.execute(OracleStatementWrapper.java:304)
	at org.jkiss.dbeaver.model.impl.jdbc.exec.JDBCStatementImpl.execute(JDBCStatementImpl.java:344)
	at org.jkiss.dbeaver.model.impl.jdbc.exec.JDBCStatementImpl.executeStatement(JDBCStatementImpl.java:128)
	... 12 more
2025-07-21 10:49:52.965 - Error binding callable statement parameters from metadata: Unsupported feature
2025-07-21 10:49:52.965 - Error obtaining output parameters from metadata: Unsupported feature
2025-07-21 10:49:52.965 - Can't obtain procedure metadata nor jdbc metadata
2025-07-21 10:49:53.384 - SQL Error [937] [42000]: ORA-00937: not a single-group group function

org.jkiss.dbeaver.model.sql.DBSQLException: SQL Error [937] [42000]: ORA-00937: not a single-group group function

	at org.jkiss.dbeaver.model.impl.jdbc.exec.JDBCStatementImpl.executeStatement(JDBCStatementImpl.java:130)
	at org.jkiss.dbeaver.ui.editors.sql.execute.SQLQueryJob.executeStatement(SQLQueryJob.java:657)
	at org.jkiss.dbeaver.ui.editors.sql.execute.SQLQueryJob.lambda$2(SQLQueryJob.java:550)
	at org.jkiss.dbeaver.model.exec.DBExecUtils.tryExecuteRecover(DBExecUtils.java:189)
	at org.jkiss.dbeaver.ui.editors.sql.execute.SQLQueryJob.executeSingleQuery(SQLQueryJob.java:569)
	at org.jkiss.dbeaver.ui.editors.sql.execute.SQLQueryJob.extractData(SQLQueryJob.java:1043)
	at org.jkiss.dbeaver.ui.editors.sql.SQLEditor$QueryResultsContainer.readData(SQLEditor.java:4495)
	at org.jkiss.dbeaver.ui.controls.resultset.ResultSetJobDataRead.lambda$0(ResultSetJobDataRead.java:128)
	at org.jkiss.dbeaver.model.exec.DBExecUtils.tryExecuteRecover(DBExecUtils.java:189)
	at org.jkiss.dbeaver.ui.controls.resultset.ResultSetJobDataRead.run(ResultSetJobDataRead.java:126)
	at org.jkiss.dbeaver.ui.controls.resultset.ResultSetViewer$ResultSetDataPumpJob.run(ResultSetViewer.java:5146)
	at org.jkiss.dbeaver.model.runtime.AbstractJob.run(AbstractJob.java:119)
	at org.eclipse.core.internal.jobs.Worker.run(Worker.java:63)
Caused by: java.sql.SQLSyntaxErrorException: ORA-00937: not a single-group group function

	at oracle.jdbc.driver.T4CTTIoer.processError(T4CTTIoer.java:440)
	at oracle.jdbc.driver.T4CTTIoer.processError(T4CTTIoer.java:396)
	at oracle.jdbc.driver.T4C8Oall.processError(T4C8Oall.java:837)
	at oracle.jdbc.driver.T4CTTIfun.receive(T4CTTIfun.java:445)
	at oracle.jdbc.driver.T4CTTIfun.doRPC(T4CTTIfun.java:191)
	at oracle.jdbc.driver.T4C8Oall.doOALL(T4C8Oall.java:523)
	at oracle.jdbc.driver.T4CStatement.doOall8(T4CStatement.java:193)
	at oracle.jdbc.driver.T4CStatement.executeForDescribe(T4CStatement.java:848)
	at oracle.jdbc.driver.OracleStatement.executeMaybeDescribe(OracleStatement.java:1153)
	at oracle.jdbc.driver.OracleStatement.doExecuteWithTimeout(OracleStatement.java:1275)
	at oracle.jdbc.driver.OracleStatement.executeInternal(OracleStatement.java:1890)
	at oracle.jdbc.driver.OracleStatement.execute(OracleStatement.java:1855)
	at oracle.jdbc.driver.OracleStatementWrapper.execute(OracleStatementWrapper.java:304)
	at org.jkiss.dbeaver.model.impl.jdbc.exec.JDBCStatementImpl.execute(JDBCStatementImpl.java:344)
	at org.jkiss.dbeaver.model.impl.jdbc.exec.JDBCStatementImpl.executeStatement(JDBCStatementImpl.java:128)
	... 12 more
2025-07-21 10:49:53.447 - Error binding callable statement parameters from metadata: Unsupported feature
2025-07-21 10:49:53.447 - Error obtaining output parameters from metadata: Unsupported feature
2025-07-21 10:49:53.447 - Can't obtain procedure metadata nor jdbc metadata
2025-07-21 10:50:27.636 - SQL Error [937] [42000]: ORA-00937: not a single-group group function

org.jkiss.dbeaver.model.sql.DBSQLException: SQL Error [937] [42000]: ORA-00937: not a single-group group function

	at org.jkiss.dbeaver.model.impl.jdbc.exec.JDBCStatementImpl.executeStatement(JDBCStatementImpl.java:130)
	at org.jkiss.dbeaver.ui.editors.sql.execute.SQLQueryJob.executeStatement(SQLQueryJob.java:657)
	at org.jkiss.dbeaver.ui.editors.sql.execute.SQLQueryJob.lambda$2(SQLQueryJob.java:550)
	at org.jkiss.dbeaver.model.exec.DBExecUtils.tryExecuteRecover(DBExecUtils.java:189)
	at org.jkiss.dbeaver.ui.editors.sql.execute.SQLQueryJob.executeSingleQuery(SQLQueryJob.java:569)
	at org.jkiss.dbeaver.ui.editors.sql.execute.SQLQueryJob.extractData(SQLQueryJob.java:1043)
	at org.jkiss.dbeaver.ui.editors.sql.SQLEditor$QueryResultsContainer.readData(SQLEditor.java:4495)
	at org.jkiss.dbeaver.ui.controls.resultset.ResultSetJobDataRead.lambda$0(ResultSetJobDataRead.java:128)
	at org.jkiss.dbeaver.model.exec.DBExecUtils.tryExecuteRecover(DBExecUtils.java:189)
	at org.jkiss.dbeaver.ui.controls.resultset.ResultSetJobDataRead.run(ResultSetJobDataRead.java:126)
	at org.jkiss.dbeaver.ui.controls.resultset.ResultSetViewer$ResultSetDataPumpJob.run(ResultSetViewer.java:5146)
	at org.jkiss.dbeaver.model.runtime.AbstractJob.run(AbstractJob.java:119)
	at org.eclipse.core.internal.jobs.Worker.run(Worker.java:63)
Caused by: java.sql.SQLSyntaxErrorException: ORA-00937: not a single-group group function

	at oracle.jdbc.driver.T4CTTIoer.processError(T4CTTIoer.java:440)
	at oracle.jdbc.driver.T4CTTIoer.processError(T4CTTIoer.java:396)
	at oracle.jdbc.driver.T4C8Oall.processError(T4C8Oall.java:837)
	at oracle.jdbc.driver.T4CTTIfun.receive(T4CTTIfun.java:445)
	at oracle.jdbc.driver.T4CTTIfun.doRPC(T4CTTIfun.java:191)
	at oracle.jdbc.driver.T4C8Oall.doOALL(T4C8Oall.java:523)
	at oracle.jdbc.driver.T4CStatement.doOall8(T4CStatement.java:193)
	at oracle.jdbc.driver.T4CStatement.executeForDescribe(T4CStatement.java:848)
	at oracle.jdbc.driver.OracleStatement.executeMaybeDescribe(OracleStatement.java:1153)
	at oracle.jdbc.driver.OracleStatement.doExecuteWithTimeout(OracleStatement.java:1275)
	at oracle.jdbc.driver.OracleStatement.executeInternal(OracleStatement.java:1890)
	at oracle.jdbc.driver.OracleStatement.execute(OracleStatement.java:1855)
	at oracle.jdbc.driver.OracleStatementWrapper.execute(OracleStatementWrapper.java:304)
	at org.jkiss.dbeaver.model.impl.jdbc.exec.JDBCStatementImpl.execute(JDBCStatementImpl.java:344)
	at org.jkiss.dbeaver.model.impl.jdbc.exec.JDBCStatementImpl.executeStatement(JDBCStatementImpl.java:128)
	... 12 more
2025-07-21 10:50:27.695 - Error binding callable statement parameters from metadata: Unsupported feature
2025-07-21 10:50:27.695 - Error obtaining output parameters from metadata: Unsupported feature
2025-07-21 10:50:27.695 - Can't obtain procedure metadata nor jdbc metadata
2025-07-21 10:58:55.503 - Execution context closed (XE, 28)
2025-07-21 10:59:37.035 - SQL Error [937] [42000]: ORA-00937: not a single-group group function

org.jkiss.dbeaver.model.sql.DBSQLException: SQL Error [937] [42000]: ORA-00937: not a single-group group function

	at org.jkiss.dbeaver.model.impl.jdbc.exec.JDBCStatementImpl.executeStatement(JDBCStatementImpl.java:130)
	at org.jkiss.dbeaver.ui.editors.sql.execute.SQLQueryJob.executeStatement(SQLQueryJob.java:657)
	at org.jkiss.dbeaver.ui.editors.sql.execute.SQLQueryJob.lambda$2(SQLQueryJob.java:550)
	at org.jkiss.dbeaver.model.exec.DBExecUtils.tryExecuteRecover(DBExecUtils.java:189)
	at org.jkiss.dbeaver.ui.editors.sql.execute.SQLQueryJob.executeSingleQuery(SQLQueryJob.java:569)
	at org.jkiss.dbeaver.ui.editors.sql.execute.SQLQueryJob.extractData(SQLQueryJob.java:1043)
	at org.jkiss.dbeaver.ui.editors.sql.SQLEditor$QueryResultsContainer.readData(SQLEditor.java:4495)
	at org.jkiss.dbeaver.ui.controls.resultset.ResultSetJobDataRead.lambda$0(ResultSetJobDataRead.java:128)
	at org.jkiss.dbeaver.model.exec.DBExecUtils.tryExecuteRecover(DBExecUtils.java:189)
	at org.jkiss.dbeaver.ui.controls.resultset.ResultSetJobDataRead.run(ResultSetJobDataRead.java:126)
	at org.jkiss.dbeaver.ui.controls.resultset.ResultSetViewer$ResultSetDataPumpJob.run(ResultSetViewer.java:5146)
	at org.jkiss.dbeaver.model.runtime.AbstractJob.run(AbstractJob.java:119)
	at org.eclipse.core.internal.jobs.Worker.run(Worker.java:63)
Caused by: java.sql.SQLSyntaxErrorException: ORA-00937: not a single-group group function

	at oracle.jdbc.driver.T4CTTIoer.processError(T4CTTIoer.java:440)
	at oracle.jdbc.driver.T4CTTIoer.processError(T4CTTIoer.java:396)
	at oracle.jdbc.driver.T4C8Oall.processError(T4C8Oall.java:837)
	at oracle.jdbc.driver.T4CTTIfun.receive(T4CTTIfun.java:445)
	at oracle.jdbc.driver.T4CTTIfun.doRPC(T4CTTIfun.java:191)
	at oracle.jdbc.driver.T4C8Oall.doOALL(T4C8Oall.java:523)
	at oracle.jdbc.driver.T4CStatement.doOall8(T4CStatement.java:193)
	at oracle.jdbc.driver.T4CStatement.executeForDescribe(T4CStatement.java:848)
	at oracle.jdbc.driver.OracleStatement.executeMaybeDescribe(OracleStatement.java:1153)
	at oracle.jdbc.driver.OracleStatement.doExecuteWithTimeout(OracleStatement.java:1275)
	at oracle.jdbc.driver.OracleStatement.executeInternal(OracleStatement.java:1890)
	at oracle.jdbc.driver.OracleStatement.execute(OracleStatement.java:1855)
	at oracle.jdbc.driver.OracleStatementWrapper.execute(OracleStatementWrapper.java:304)
	at org.jkiss.dbeaver.model.impl.jdbc.exec.JDBCStatementImpl.execute(JDBCStatementImpl.java:344)
	at org.jkiss.dbeaver.model.impl.jdbc.exec.JDBCStatementImpl.executeStatement(JDBCStatementImpl.java:128)
	... 12 more
2025-07-21 10:59:37.100 - Error binding callable statement parameters from metadata: Unsupported feature
2025-07-21 10:59:37.100 - Error obtaining output parameters from metadata: Unsupported feature
2025-07-21 10:59:37.100 - Can't obtain procedure metadata nor jdbc metadata
2025-07-21 11:00:00.800 - SQL Error [937] [42000]: ORA-00937: not a single-group group function

org.jkiss.dbeaver.model.sql.DBSQLException: SQL Error [937] [42000]: ORA-00937: not a single-group group function

	at org.jkiss.dbeaver.model.impl.jdbc.exec.JDBCStatementImpl.executeStatement(JDBCStatementImpl.java:130)
	at org.jkiss.dbeaver.ui.editors.sql.execute.SQLQueryJob.executeStatement(SQLQueryJob.java:657)
	at org.jkiss.dbeaver.ui.editors.sql.execute.SQLQueryJob.lambda$2(SQLQueryJob.java:550)
	at org.jkiss.dbeaver.model.exec.DBExecUtils.tryExecuteRecover(DBExecUtils.java:189)
	at org.jkiss.dbeaver.ui.editors.sql.execute.SQLQueryJob.executeSingleQuery(SQLQueryJob.java:569)
	at org.jkiss.dbeaver.ui.editors.sql.execute.SQLQueryJob.extractData(SQLQueryJob.java:1043)
	at org.jkiss.dbeaver.ui.editors.sql.SQLEditor$QueryResultsContainer.readData(SQLEditor.java:4495)
	at org.jkiss.dbeaver.ui.controls.resultset.ResultSetJobDataRead.lambda$0(ResultSetJobDataRead.java:128)
	at org.jkiss.dbeaver.model.exec.DBExecUtils.tryExecuteRecover(DBExecUtils.java:189)
	at org.jkiss.dbeaver.ui.controls.resultset.ResultSetJobDataRead.run(ResultSetJobDataRead.java:126)
	at org.jkiss.dbeaver.ui.controls.resultset.ResultSetViewer$ResultSetDataPumpJob.run(ResultSetViewer.java:5146)
	at org.jkiss.dbeaver.model.runtime.AbstractJob.run(AbstractJob.java:119)
	at org.eclipse.core.internal.jobs.Worker.run(Worker.java:63)
Caused by: java.sql.SQLSyntaxErrorException: ORA-00937: not a single-group group function

	at oracle.jdbc.driver.T4CTTIoer.processError(T4CTTIoer.java:440)
	at oracle.jdbc.driver.T4CTTIoer.processError(T4CTTIoer.java:396)
	at oracle.jdbc.driver.T4C8Oall.processError(T4C8Oall.java:837)
	at oracle.jdbc.driver.T4CTTIfun.receive(T4CTTIfun.java:445)
	at oracle.jdbc.driver.T4CTTIfun.doRPC(T4CTTIfun.java:191)
	at oracle.jdbc.driver.T4C8Oall.doOALL(T4C8Oall.java:523)
	at oracle.jdbc.driver.T4CStatement.doOall8(T4CStatement.java:193)
	at oracle.jdbc.driver.T4CStatement.executeForDescribe(T4CStatement.java:848)
	at oracle.jdbc.driver.OracleStatement.executeMaybeDescribe(OracleStatement.java:1153)
	at oracle.jdbc.driver.OracleStatement.doExecuteWithTimeout(OracleStatement.java:1275)
	at oracle.jdbc.driver.OracleStatement.executeInternal(OracleStatement.java:1890)
	at oracle.jdbc.driver.OracleStatement.execute(OracleStatement.java:1855)
	at oracle.jdbc.driver.OracleStatementWrapper.execute(OracleStatementWrapper.java:304)
	at org.jkiss.dbeaver.model.impl.jdbc.exec.JDBCStatementImpl.execute(JDBCStatementImpl.java:344)
	at org.jkiss.dbeaver.model.impl.jdbc.exec.JDBCStatementImpl.executeStatement(JDBCStatementImpl.java:128)
	... 12 more
2025-07-21 11:00:00.857 - Error binding callable statement parameters from metadata: Unsupported feature
2025-07-21 11:00:00.857 - Error obtaining output parameters from metadata: Unsupported feature
2025-07-21 11:00:00.857 - Can't obtain procedure metadata nor jdbc metadata
2025-07-21 11:00:01.565 - SQL Error [937] [42000]: ORA-00937: not a single-group group function

org.jkiss.dbeaver.model.sql.DBSQLException: SQL Error [937] [42000]: ORA-00937: not a single-group group function

	at org.jkiss.dbeaver.model.impl.jdbc.exec.JDBCStatementImpl.executeStatement(JDBCStatementImpl.java:130)
	at org.jkiss.dbeaver.ui.editors.sql.execute.SQLQueryJob.executeStatement(SQLQueryJob.java:657)
	at org.jkiss.dbeaver.ui.editors.sql.execute.SQLQueryJob.lambda$2(SQLQueryJob.java:550)
	at org.jkiss.dbeaver.model.exec.DBExecUtils.tryExecuteRecover(DBExecUtils.java:189)
	at org.jkiss.dbeaver.ui.editors.sql.execute.SQLQueryJob.executeSingleQuery(SQLQueryJob.java:569)
	at org.jkiss.dbeaver.ui.editors.sql.execute.SQLQueryJob.extractData(SQLQueryJob.java:1043)
	at org.jkiss.dbeaver.ui.editors.sql.SQLEditor$QueryResultsContainer.readData(SQLEditor.java:4495)
	at org.jkiss.dbeaver.ui.controls.resultset.ResultSetJobDataRead.lambda$0(ResultSetJobDataRead.java:128)
	at org.jkiss.dbeaver.model.exec.DBExecUtils.tryExecuteRecover(DBExecUtils.java:189)
	at org.jkiss.dbeaver.ui.controls.resultset.ResultSetJobDataRead.run(ResultSetJobDataRead.java:126)
	at org.jkiss.dbeaver.ui.controls.resultset.ResultSetViewer$ResultSetDataPumpJob.run(ResultSetViewer.java:5146)
	at org.jkiss.dbeaver.model.runtime.AbstractJob.run(AbstractJob.java:119)
	at org.eclipse.core.internal.jobs.Worker.run(Worker.java:63)
Caused by: java.sql.SQLSyntaxErrorException: ORA-00937: not a single-group group function

	at oracle.jdbc.driver.T4CTTIoer.processError(T4CTTIoer.java:440)
	at oracle.jdbc.driver.T4CTTIoer.processError(T4CTTIoer.java:396)
	at oracle.jdbc.driver.T4C8Oall.processError(T4C8Oall.java:837)
	at oracle.jdbc.driver.T4CTTIfun.receive(T4CTTIfun.java:445)
	at oracle.jdbc.driver.T4CTTIfun.doRPC(T4CTTIfun.java:191)
	at oracle.jdbc.driver.T4C8Oall.doOALL(T4C8Oall.java:523)
	at oracle.jdbc.driver.T4CStatement.doOall8(T4CStatement.java:193)
	at oracle.jdbc.driver.T4CStatement.executeForDescribe(T4CStatement.java:848)
	at oracle.jdbc.driver.OracleStatement.executeMaybeDescribe(OracleStatement.java:1153)
	at oracle.jdbc.driver.OracleStatement.doExecuteWithTimeout(OracleStatement.java:1275)
	at oracle.jdbc.driver.OracleStatement.executeInternal(OracleStatement.java:1890)
	at oracle.jdbc.driver.OracleStatement.execute(OracleStatement.java:1855)
	at oracle.jdbc.driver.OracleStatementWrapper.execute(OracleStatementWrapper.java:304)
	at org.jkiss.dbeaver.model.impl.jdbc.exec.JDBCStatementImpl.execute(JDBCStatementImpl.java:344)
	at org.jkiss.dbeaver.model.impl.jdbc.exec.JDBCStatementImpl.executeStatement(JDBCStatementImpl.java:128)
	... 12 more
2025-07-21 11:00:01.625 - Error binding callable statement parameters from metadata: Unsupported feature
2025-07-21 11:00:01.625 - Error obtaining output parameters from metadata: Unsupported feature
2025-07-21 11:00:01.625 - Can't obtain procedure metadata nor jdbc metadata
2025-07-21 11:00:25.333 - SQL Error [909] [42000]: ORA-00909: invalid number of arguments

org.jkiss.dbeaver.model.sql.DBSQLException: SQL Error [909] [42000]: ORA-00909: invalid number of arguments

	at org.jkiss.dbeaver.model.impl.jdbc.exec.JDBCStatementImpl.executeStatement(JDBCStatementImpl.java:130)
	at org.jkiss.dbeaver.ui.editors.sql.execute.SQLQueryJob.executeStatement(SQLQueryJob.java:657)
	at org.jkiss.dbeaver.ui.editors.sql.execute.SQLQueryJob.lambda$2(SQLQueryJob.java:550)
	at org.jkiss.dbeaver.model.exec.DBExecUtils.tryExecuteRecover(DBExecUtils.java:189)
	at org.jkiss.dbeaver.ui.editors.sql.execute.SQLQueryJob.executeSingleQuery(SQLQueryJob.java:569)
	at org.jkiss.dbeaver.ui.editors.sql.execute.SQLQueryJob.extractData(SQLQueryJob.java:1043)
	at org.jkiss.dbeaver.ui.editors.sql.SQLEditor$QueryResultsContainer.readData(SQLEditor.java:4495)
	at org.jkiss.dbeaver.ui.controls.resultset.ResultSetJobDataRead.lambda$0(ResultSetJobDataRead.java:128)
	at org.jkiss.dbeaver.model.exec.DBExecUtils.tryExecuteRecover(DBExecUtils.java:189)
	at org.jkiss.dbeaver.ui.controls.resultset.ResultSetJobDataRead.run(ResultSetJobDataRead.java:126)
	at org.jkiss.dbeaver.ui.controls.resultset.ResultSetViewer$ResultSetDataPumpJob.run(ResultSetViewer.java:5146)
	at org.jkiss.dbeaver.model.runtime.AbstractJob.run(AbstractJob.java:119)
	at org.eclipse.core.internal.jobs.Worker.run(Worker.java:63)
Caused by: java.sql.SQLSyntaxErrorException: ORA-00909: invalid number of arguments

	at oracle.jdbc.driver.T4CTTIoer.processError(T4CTTIoer.java:440)
	at oracle.jdbc.driver.T4CTTIoer.processError(T4CTTIoer.java:396)
	at oracle.jdbc.driver.T4C8Oall.processError(T4C8Oall.java:837)
	at oracle.jdbc.driver.T4CTTIfun.receive(T4CTTIfun.java:445)
	at oracle.jdbc.driver.T4CTTIfun.doRPC(T4CTTIfun.java:191)
	at oracle.jdbc.driver.T4C8Oall.doOALL(T4C8Oall.java:523)
	at oracle.jdbc.driver.T4CStatement.doOall8(T4CStatement.java:193)
	at oracle.jdbc.driver.T4CStatement.executeForDescribe(T4CStatement.java:848)
	at oracle.jdbc.driver.OracleStatement.executeMaybeDescribe(OracleStatement.java:1153)
	at oracle.jdbc.driver.OracleStatement.doExecuteWithTimeout(OracleStatement.java:1275)
	at oracle.jdbc.driver.OracleStatement.executeInternal(OracleStatement.java:1890)
	at oracle.jdbc.driver.OracleStatement.execute(OracleStatement.java:1855)
	at oracle.jdbc.driver.OracleStatementWrapper.execute(OracleStatementWrapper.java:304)
	at org.jkiss.dbeaver.model.impl.jdbc.exec.JDBCStatementImpl.execute(JDBCStatementImpl.java:344)
	at org.jkiss.dbeaver.model.impl.jdbc.exec.JDBCStatementImpl.executeStatement(JDBCStatementImpl.java:128)
	... 12 more
2025-07-21 11:00:25.394 - Error binding callable statement parameters from metadata: Unsupported feature
2025-07-21 11:00:25.394 - Error obtaining output parameters from metadata: Unsupported feature
2025-07-21 11:00:25.394 - Can't obtain procedure metadata nor jdbc metadata
2025-07-21 11:00:32.810 - SQL Error [937] [42000]: ORA-00937: not a single-group group function

org.jkiss.dbeaver.model.sql.DBSQLException: SQL Error [937] [42000]: ORA-00937: not a single-group group function

	at org.jkiss.dbeaver.model.impl.jdbc.exec.JDBCStatementImpl.executeStatement(JDBCStatementImpl.java:130)
	at org.jkiss.dbeaver.ui.editors.sql.execute.SQLQueryJob.executeStatement(SQLQueryJob.java:657)
	at org.jkiss.dbeaver.ui.editors.sql.execute.SQLQueryJob.lambda$2(SQLQueryJob.java:550)
	at org.jkiss.dbeaver.model.exec.DBExecUtils.tryExecuteRecover(DBExecUtils.java:189)
	at org.jkiss.dbeaver.ui.editors.sql.execute.SQLQueryJob.executeSingleQuery(SQLQueryJob.java:569)
	at org.jkiss.dbeaver.ui.editors.sql.execute.SQLQueryJob.extractData(SQLQueryJob.java:1043)
	at org.jkiss.dbeaver.ui.editors.sql.SQLEditor$QueryResultsContainer.readData(SQLEditor.java:4495)
	at org.jkiss.dbeaver.ui.controls.resultset.ResultSetJobDataRead.lambda$0(ResultSetJobDataRead.java:128)
	at org.jkiss.dbeaver.model.exec.DBExecUtils.tryExecuteRecover(DBExecUtils.java:189)
	at org.jkiss.dbeaver.ui.controls.resultset.ResultSetJobDataRead.run(ResultSetJobDataRead.java:126)
	at org.jkiss.dbeaver.ui.controls.resultset.ResultSetViewer$ResultSetDataPumpJob.run(ResultSetViewer.java:5146)
	at org.jkiss.dbeaver.model.runtime.AbstractJob.run(AbstractJob.java:119)
	at org.eclipse.core.internal.jobs.Worker.run(Worker.java:63)
Caused by: java.sql.SQLSyntaxErrorException: ORA-00937: not a single-group group function

	at oracle.jdbc.driver.T4CTTIoer.processError(T4CTTIoer.java:440)
	at oracle.jdbc.driver.T4CTTIoer.processError(T4CTTIoer.java:396)
	at oracle.jdbc.driver.T4C8Oall.processError(T4C8Oall.java:837)
	at oracle.jdbc.driver.T4CTTIfun.receive(T4CTTIfun.java:445)
	at oracle.jdbc.driver.T4CTTIfun.doRPC(T4CTTIfun.java:191)
	at oracle.jdbc.driver.T4C8Oall.doOALL(T4C8Oall.java:523)
	at oracle.jdbc.driver.T4CStatement.doOall8(T4CStatement.java:193)
	at oracle.jdbc.driver.T4CStatement.executeForDescribe(T4CStatement.java:848)
	at oracle.jdbc.driver.OracleStatement.executeMaybeDescribe(OracleStatement.java:1153)
	at oracle.jdbc.driver.OracleStatement.doExecuteWithTimeout(OracleStatement.java:1275)
	at oracle.jdbc.driver.OracleStatement.executeInternal(OracleStatement.java:1890)
	at oracle.jdbc.driver.OracleStatement.execute(OracleStatement.java:1855)
	at oracle.jdbc.driver.OracleStatementWrapper.execute(OracleStatementWrapper.java:304)
	at org.jkiss.dbeaver.model.impl.jdbc.exec.JDBCStatementImpl.execute(JDBCStatementImpl.java:344)
	at org.jkiss.dbeaver.model.impl.jdbc.exec.JDBCStatementImpl.executeStatement(JDBCStatementImpl.java:128)
	... 12 more
2025-07-21 11:00:32.867 - Error binding callable statement parameters from metadata: Unsupported feature
2025-07-21 11:00:32.867 - Error obtaining output parameters from metadata: Unsupported feature
2025-07-21 11:00:32.867 - Can't obtain procedure metadata nor jdbc metadata
2025-07-21 11:01:04.028 - SQL Error [979] [42000]: ORA-00979: not a GROUP BY expression

org.jkiss.dbeaver.model.sql.DBSQLException: SQL Error [979] [42000]: ORA-00979: not a GROUP BY expression

	at org.jkiss.dbeaver.model.impl.jdbc.exec.JDBCStatementImpl.executeStatement(JDBCStatementImpl.java:130)
	at org.jkiss.dbeaver.ui.editors.sql.execute.SQLQueryJob.executeStatement(SQLQueryJob.java:657)
	at org.jkiss.dbeaver.ui.editors.sql.execute.SQLQueryJob.lambda$2(SQLQueryJob.java:550)
	at org.jkiss.dbeaver.model.exec.DBExecUtils.tryExecuteRecover(DBExecUtils.java:189)
	at org.jkiss.dbeaver.ui.editors.sql.execute.SQLQueryJob.executeSingleQuery(SQLQueryJob.java:569)
	at org.jkiss.dbeaver.ui.editors.sql.execute.SQLQueryJob.extractData(SQLQueryJob.java:1043)
	at org.jkiss.dbeaver.ui.editors.sql.SQLEditor$QueryResultsContainer.readData(SQLEditor.java:4495)
	at org.jkiss.dbeaver.ui.controls.resultset.ResultSetJobDataRead.lambda$0(ResultSetJobDataRead.java:128)
	at org.jkiss.dbeaver.model.exec.DBExecUtils.tryExecuteRecover(DBExecUtils.java:189)
	at org.jkiss.dbeaver.ui.controls.resultset.ResultSetJobDataRead.run(ResultSetJobDataRead.java:126)
	at org.jkiss.dbeaver.ui.controls.resultset.ResultSetViewer$ResultSetDataPumpJob.run(ResultSetViewer.java:5146)
	at org.jkiss.dbeaver.model.runtime.AbstractJob.run(AbstractJob.java:119)
	at org.eclipse.core.internal.jobs.Worker.run(Worker.java:63)
Caused by: java.sql.SQLSyntaxErrorException: ORA-00979: not a GROUP BY expression

	at oracle.jdbc.driver.T4CTTIoer.processError(T4CTTIoer.java:440)
	at oracle.jdbc.driver.T4CTTIoer.processError(T4CTTIoer.java:396)
	at oracle.jdbc.driver.T4C8Oall.processError(T4C8Oall.java:837)
	at oracle.jdbc.driver.T4CTTIfun.receive(T4CTTIfun.java:445)
	at oracle.jdbc.driver.T4CTTIfun.doRPC(T4CTTIfun.java:191)
	at oracle.jdbc.driver.T4C8Oall.doOALL(T4C8Oall.java:523)
	at oracle.jdbc.driver.T4CStatement.doOall8(T4CStatement.java:193)
	at oracle.jdbc.driver.T4CStatement.executeForDescribe(T4CStatement.java:848)
	at oracle.jdbc.driver.OracleStatement.executeMaybeDescribe(OracleStatement.java:1153)
	at oracle.jdbc.driver.OracleStatement.doExecuteWithTimeout(OracleStatement.java:1275)
	at oracle.jdbc.driver.OracleStatement.executeInternal(OracleStatement.java:1890)
	at oracle.jdbc.driver.OracleStatement.execute(OracleStatement.java:1855)
	at oracle.jdbc.driver.OracleStatementWrapper.execute(OracleStatementWrapper.java:304)
	at org.jkiss.dbeaver.model.impl.jdbc.exec.JDBCStatementImpl.execute(JDBCStatementImpl.java:344)
	at org.jkiss.dbeaver.model.impl.jdbc.exec.JDBCStatementImpl.executeStatement(JDBCStatementImpl.java:128)
	... 12 more
2025-07-21 11:01:04.088 - Error binding callable statement parameters from metadata: Unsupported feature
2025-07-21 11:01:04.088 - Error obtaining output parameters from metadata: Unsupported feature
2025-07-21 11:01:04.088 - Can't obtain procedure metadata nor jdbc metadata
2025-07-21 11:01:21.010 - SQL Error [979] [42000]: ORA-00979: not a GROUP BY expression

org.jkiss.dbeaver.model.sql.DBSQLException: SQL Error [979] [42000]: ORA-00979: not a GROUP BY expression

	at org.jkiss.dbeaver.model.impl.jdbc.exec.JDBCStatementImpl.executeStatement(JDBCStatementImpl.java:130)
	at org.jkiss.dbeaver.ui.editors.sql.execute.SQLQueryJob.executeStatement(SQLQueryJob.java:657)
	at org.jkiss.dbeaver.ui.editors.sql.execute.SQLQueryJob.lambda$2(SQLQueryJob.java:550)
	at org.jkiss.dbeaver.model.exec.DBExecUtils.tryExecuteRecover(DBExecUtils.java:189)
	at org.jkiss.dbeaver.ui.editors.sql.execute.SQLQueryJob.executeSingleQuery(SQLQueryJob.java:569)
	at org.jkiss.dbeaver.ui.editors.sql.execute.SQLQueryJob.extractData(SQLQueryJob.java:1043)
	at org.jkiss.dbeaver.ui.editors.sql.SQLEditor$QueryResultsContainer.readData(SQLEditor.java:4495)
	at org.jkiss.dbeaver.ui.controls.resultset.ResultSetJobDataRead.lambda$0(ResultSetJobDataRead.java:128)
	at org.jkiss.dbeaver.model.exec.DBExecUtils.tryExecuteRecover(DBExecUtils.java:189)
	at org.jkiss.dbeaver.ui.controls.resultset.ResultSetJobDataRead.run(ResultSetJobDataRead.java:126)
	at org.jkiss.dbeaver.ui.controls.resultset.ResultSetViewer$ResultSetDataPumpJob.run(ResultSetViewer.java:5146)
	at org.jkiss.dbeaver.model.runtime.AbstractJob.run(AbstractJob.java:119)
	at org.eclipse.core.internal.jobs.Worker.run(Worker.java:63)
Caused by: java.sql.SQLSyntaxErrorException: ORA-00979: not a GROUP BY expression

	at oracle.jdbc.driver.T4CTTIoer.processError(T4CTTIoer.java:440)
	at oracle.jdbc.driver.T4CTTIoer.processError(T4CTTIoer.java:396)
	at oracle.jdbc.driver.T4C8Oall.processError(T4C8Oall.java:837)
	at oracle.jdbc.driver.T4CTTIfun.receive(T4CTTIfun.java:445)
	at oracle.jdbc.driver.T4CTTIfun.doRPC(T4CTTIfun.java:191)
	at oracle.jdbc.driver.T4C8Oall.doOALL(T4C8Oall.java:523)
	at oracle.jdbc.driver.T4CStatement.doOall8(T4CStatement.java:193)
	at oracle.jdbc.driver.T4CStatement.executeForDescribe(T4CStatement.java:848)
	at oracle.jdbc.driver.OracleStatement.executeMaybeDescribe(OracleStatement.java:1153)
	at oracle.jdbc.driver.OracleStatement.doExecuteWithTimeout(OracleStatement.java:1275)
	at oracle.jdbc.driver.OracleStatement.executeInternal(OracleStatement.java:1890)
	at oracle.jdbc.driver.OracleStatement.execute(OracleStatement.java:1855)
	at oracle.jdbc.driver.OracleStatementWrapper.execute(OracleStatementWrapper.java:304)
	at org.jkiss.dbeaver.model.impl.jdbc.exec.JDBCStatementImpl.execute(JDBCStatementImpl.java:344)
	at org.jkiss.dbeaver.model.impl.jdbc.exec.JDBCStatementImpl.executeStatement(JDBCStatementImpl.java:128)
	... 12 more
2025-07-21 11:01:21.106 - SQL Error [979] [42000]: ORA-00979: not a GROUP BY expression

org.jkiss.dbeaver.model.sql.DBSQLException: SQL Error [979] [42000]: ORA-00979: not a GROUP BY expression

	at org.jkiss.dbeaver.model.impl.jdbc.exec.JDBCStatementImpl.executeStatement(JDBCStatementImpl.java:130)
	at org.jkiss.dbeaver.ui.editors.sql.execute.SQLQueryJob.executeStatement(SQLQueryJob.java:657)
	at org.jkiss.dbeaver.ui.editors.sql.execute.SQLQueryJob.lambda$2(SQLQueryJob.java:550)
	at org.jkiss.dbeaver.model.exec.DBExecUtils.tryExecuteRecover(DBExecUtils.java:189)
	at org.jkiss.dbeaver.ui.editors.sql.execute.SQLQueryJob.executeSingleQuery(SQLQueryJob.java:569)
	at org.jkiss.dbeaver.ui.editors.sql.execute.SQLQueryJob.extractData(SQLQueryJob.java:1043)
	at org.jkiss.dbeaver.ui.editors.sql.SQLEditor$QueryResultsContainer.readData(SQLEditor.java:4495)
	at org.jkiss.dbeaver.ui.controls.resultset.ResultSetJobDataRead.lambda$0(ResultSetJobDataRead.java:128)
	at org.jkiss.dbeaver.model.exec.DBExecUtils.tryExecuteRecover(DBExecUtils.java:189)
	at org.jkiss.dbeaver.ui.controls.resultset.ResultSetJobDataRead.run(ResultSetJobDataRead.java:126)
	at org.jkiss.dbeaver.ui.controls.resultset.ResultSetViewer$ResultSetDataPumpJob.run(ResultSetViewer.java:5146)
	at org.jkiss.dbeaver.model.runtime.AbstractJob.run(AbstractJob.java:119)
	at org.eclipse.core.internal.jobs.Worker.run(Worker.java:63)
Caused by: java.sql.SQLSyntaxErrorException: ORA-00979: not a GROUP BY expression

	at oracle.jdbc.driver.T4CTTIoer.processError(T4CTTIoer.java:440)
	at oracle.jdbc.driver.T4CTTIoer.processError(T4CTTIoer.java:396)
	at oracle.jdbc.driver.T4C8Oall.processError(T4C8Oall.java:837)
	at oracle.jdbc.driver.T4CTTIfun.receive(T4CTTIfun.java:445)
	at oracle.jdbc.driver.T4CTTIfun.doRPC(T4CTTIfun.java:191)
	at oracle.jdbc.driver.T4C8Oall.doOALL(T4C8Oall.java:523)
	at oracle.jdbc.driver.T4CStatement.doOall8(T4CStatement.java:193)
	at oracle.jdbc.driver.T4CStatement.executeForDescribe(T4CStatement.java:848)
	at oracle.jdbc.driver.OracleStatement.executeMaybeDescribe(OracleStatement.java:1153)
	at oracle.jdbc.driver.OracleStatement.doExecuteWithTimeout(OracleStatement.java:1275)
	at oracle.jdbc.driver.OracleStatement.executeInternal(OracleStatement.java:1890)
	at oracle.jdbc.driver.OracleStatement.execute(OracleStatement.java:1855)
	at oracle.jdbc.driver.OracleStatementWrapper.execute(OracleStatementWrapper.java:304)
	at org.jkiss.dbeaver.model.impl.jdbc.exec.JDBCStatementImpl.execute(JDBCStatementImpl.java:344)
	at org.jkiss.dbeaver.model.impl.jdbc.exec.JDBCStatementImpl.executeStatement(JDBCStatementImpl.java:128)
	... 12 more
2025-07-21 11:01:21.174 - Error binding callable statement parameters from metadata: Unsupported feature
2025-07-21 11:01:21.174 - Error obtaining output parameters from metadata: Unsupported feature
2025-07-21 11:01:21.174 - Can't obtain procedure metadata nor jdbc metadata
2025-07-21 11:01:21.213 - Error binding callable statement parameters from metadata: Unsupported feature
2025-07-21 11:01:21.213 - Error obtaining output parameters from metadata: Unsupported feature
2025-07-21 11:01:21.213 - Can't obtain procedure metadata nor jdbc metadata
2025-07-21 11:01:21.885 - SQL Error [979] [42000]: ORA-00979: not a GROUP BY expression

org.jkiss.dbeaver.model.sql.DBSQLException: SQL Error [979] [42000]: ORA-00979: not a GROUP BY expression

	at org.jkiss.dbeaver.model.impl.jdbc.exec.JDBCStatementImpl.executeStatement(JDBCStatementImpl.java:130)
	at org.jkiss.dbeaver.ui.editors.sql.execute.SQLQueryJob.executeStatement(SQLQueryJob.java:657)
	at org.jkiss.dbeaver.ui.editors.sql.execute.SQLQueryJob.lambda$2(SQLQueryJob.java:550)
	at org.jkiss.dbeaver.model.exec.DBExecUtils.tryExecuteRecover(DBExecUtils.java:189)
	at org.jkiss.dbeaver.ui.editors.sql.execute.SQLQueryJob.executeSingleQuery(SQLQueryJob.java:569)
	at org.jkiss.dbeaver.ui.editors.sql.execute.SQLQueryJob.extractData(SQLQueryJob.java:1043)
	at org.jkiss.dbeaver.ui.editors.sql.SQLEditor$QueryResultsContainer.readData(SQLEditor.java:4495)
	at org.jkiss.dbeaver.ui.controls.resultset.ResultSetJobDataRead.lambda$0(ResultSetJobDataRead.java:128)
	at org.jkiss.dbeaver.model.exec.DBExecUtils.tryExecuteRecover(DBExecUtils.java:189)
	at org.jkiss.dbeaver.ui.controls.resultset.ResultSetJobDataRead.run(ResultSetJobDataRead.java:126)
	at org.jkiss.dbeaver.ui.controls.resultset.ResultSetViewer$ResultSetDataPumpJob.run(ResultSetViewer.java:5146)
	at org.jkiss.dbeaver.model.runtime.AbstractJob.run(AbstractJob.java:119)
	at org.eclipse.core.internal.jobs.Worker.run(Worker.java:63)
Caused by: java.sql.SQLSyntaxErrorException: ORA-00979: not a GROUP BY expression

	at oracle.jdbc.driver.T4CTTIoer.processError(T4CTTIoer.java:440)
	at oracle.jdbc.driver.T4CTTIoer.processError(T4CTTIoer.java:396)
	at oracle.jdbc.driver.T4C8Oall.processError(T4C8Oall.java:837)
	at oracle.jdbc.driver.T4CTTIfun.receive(T4CTTIfun.java:445)
	at oracle.jdbc.driver.T4CTTIfun.doRPC(T4CTTIfun.java:191)
	at oracle.jdbc.driver.T4C8Oall.doOALL(T4C8Oall.java:523)
	at oracle.jdbc.driver.T4CStatement.doOall8(T4CStatement.java:193)
	at oracle.jdbc.driver.T4CStatement.executeForDescribe(T4CStatement.java:848)
	at oracle.jdbc.driver.OracleStatement.executeMaybeDescribe(OracleStatement.java:1153)
	at oracle.jdbc.driver.OracleStatement.doExecuteWithTimeout(OracleStatement.java:1275)
	at oracle.jdbc.driver.OracleStatement.executeInternal(OracleStatement.java:1890)
	at oracle.jdbc.driver.OracleStatement.execute(OracleStatement.java:1855)
	at oracle.jdbc.driver.OracleStatementWrapper.execute(OracleStatementWrapper.java:304)
	at org.jkiss.dbeaver.model.impl.jdbc.exec.JDBCStatementImpl.execute(JDBCStatementImpl.java:344)
	at org.jkiss.dbeaver.model.impl.jdbc.exec.JDBCStatementImpl.executeStatement(JDBCStatementImpl.java:128)
	... 12 more
2025-07-21 11:01:21.939 - Error binding callable statement parameters from metadata: Unsupported feature
2025-07-21 11:01:21.939 - Error obtaining output parameters from metadata: Unsupported feature
2025-07-21 11:01:21.939 - Can't obtain procedure metadata nor jdbc metadata
2025-07-21 11:01:22.725 - SQL Error [979] [42000]: ORA-00979: not a GROUP BY expression

org.jkiss.dbeaver.model.sql.DBSQLException: SQL Error [979] [42000]: ORA-00979: not a GROUP BY expression

	at org.jkiss.dbeaver.model.impl.jdbc.exec.JDBCStatementImpl.executeStatement(JDBCStatementImpl.java:130)
	at org.jkiss.dbeaver.ui.editors.sql.execute.SQLQueryJob.executeStatement(SQLQueryJob.java:657)
	at org.jkiss.dbeaver.ui.editors.sql.execute.SQLQueryJob.lambda$2(SQLQueryJob.java:550)
	at org.jkiss.dbeaver.model.exec.DBExecUtils.tryExecuteRecover(DBExecUtils.java:189)
	at org.jkiss.dbeaver.ui.editors.sql.execute.SQLQueryJob.executeSingleQuery(SQLQueryJob.java:569)
	at org.jkiss.dbeaver.ui.editors.sql.execute.SQLQueryJob.extractData(SQLQueryJob.java:1043)
	at org.jkiss.dbeaver.ui.editors.sql.SQLEditor$QueryResultsContainer.readData(SQLEditor.java:4495)
	at org.jkiss.dbeaver.ui.controls.resultset.ResultSetJobDataRead.lambda$0(ResultSetJobDataRead.java:128)
	at org.jkiss.dbeaver.model.exec.DBExecUtils.tryExecuteRecover(DBExecUtils.java:189)
	at org.jkiss.dbeaver.ui.controls.resultset.ResultSetJobDataRead.run(ResultSetJobDataRead.java:126)
	at org.jkiss.dbeaver.ui.controls.resultset.ResultSetViewer$ResultSetDataPumpJob.run(ResultSetViewer.java:5146)
	at org.jkiss.dbeaver.model.runtime.AbstractJob.run(AbstractJob.java:119)
	at org.eclipse.core.internal.jobs.Worker.run(Worker.java:63)
Caused by: java.sql.SQLSyntaxErrorException: ORA-00979: not a GROUP BY expression

	at oracle.jdbc.driver.T4CTTIoer.processError(T4CTTIoer.java:440)
	at oracle.jdbc.driver.T4CTTIoer.processError(T4CTTIoer.java:396)
	at oracle.jdbc.driver.T4C8Oall.processError(T4C8Oall.java:837)
	at oracle.jdbc.driver.T4CTTIfun.receive(T4CTTIfun.java:445)
	at oracle.jdbc.driver.T4CTTIfun.doRPC(T4CTTIfun.java:191)
	at oracle.jdbc.driver.T4C8Oall.doOALL(T4C8Oall.java:523)
	at oracle.jdbc.driver.T4CStatement.doOall8(T4CStatement.java:193)
	at oracle.jdbc.driver.T4CStatement.executeForDescribe(T4CStatement.java:848)
	at oracle.jdbc.driver.OracleStatement.executeMaybeDescribe(OracleStatement.java:1153)
	at oracle.jdbc.driver.OracleStatement.doExecuteWithTimeout(OracleStatement.java:1275)
	at oracle.jdbc.driver.OracleStatement.executeInternal(OracleStatement.java:1890)
	at oracle.jdbc.driver.OracleStatement.execute(OracleStatement.java:1855)
	at oracle.jdbc.driver.OracleStatementWrapper.execute(OracleStatementWrapper.java:304)
	at org.jkiss.dbeaver.model.impl.jdbc.exec.JDBCStatementImpl.execute(JDBCStatementImpl.java:344)
	at org.jkiss.dbeaver.model.impl.jdbc.exec.JDBCStatementImpl.executeStatement(JDBCStatementImpl.java:128)
	... 12 more
2025-07-21 11:01:22.787 - Error binding callable statement parameters from metadata: Unsupported feature
2025-07-21 11:01:22.787 - Error obtaining output parameters from metadata: Unsupported feature
2025-07-21 11:01:22.788 - Can't obtain procedure metadata nor jdbc metadata
2025-07-21 11:02:26.100 - SQL Error [920] [42000]: ORA-00920: invalid relational operator

org.jkiss.dbeaver.model.sql.DBSQLException: SQL Error [920] [42000]: ORA-00920: invalid relational operator

	at org.jkiss.dbeaver.model.impl.jdbc.exec.JDBCStatementImpl.executeStatement(JDBCStatementImpl.java:130)
	at org.jkiss.dbeaver.ui.editors.sql.execute.SQLQueryJob.executeStatement(SQLQueryJob.java:657)
	at org.jkiss.dbeaver.ui.editors.sql.execute.SQLQueryJob.lambda$2(SQLQueryJob.java:550)
	at org.jkiss.dbeaver.model.exec.DBExecUtils.tryExecuteRecover(DBExecUtils.java:189)
	at org.jkiss.dbeaver.ui.editors.sql.execute.SQLQueryJob.executeSingleQuery(SQLQueryJob.java:569)
	at org.jkiss.dbeaver.ui.editors.sql.execute.SQLQueryJob.extractData(SQLQueryJob.java:1043)
	at org.jkiss.dbeaver.ui.editors.sql.SQLEditor$QueryResultsContainer.readData(SQLEditor.java:4495)
	at org.jkiss.dbeaver.ui.controls.resultset.ResultSetJobDataRead.lambda$0(ResultSetJobDataRead.java:128)
	at org.jkiss.dbeaver.model.exec.DBExecUtils.tryExecuteRecover(DBExecUtils.java:189)
	at org.jkiss.dbeaver.ui.controls.resultset.ResultSetJobDataRead.run(ResultSetJobDataRead.java:126)
	at org.jkiss.dbeaver.ui.controls.resultset.ResultSetViewer$ResultSetDataPumpJob.run(ResultSetViewer.java:5146)
	at org.jkiss.dbeaver.model.runtime.AbstractJob.run(AbstractJob.java:119)
	at org.eclipse.core.internal.jobs.Worker.run(Worker.java:63)
Caused by: java.sql.SQLSyntaxErrorException: ORA-00920: invalid relational operator

	at oracle.jdbc.driver.T4CTTIoer.processError(T4CTTIoer.java:440)
	at oracle.jdbc.driver.T4CTTIoer.processError(T4CTTIoer.java:396)
	at oracle.jdbc.driver.T4C8Oall.processError(T4C8Oall.java:837)
	at oracle.jdbc.driver.T4CTTIfun.receive(T4CTTIfun.java:445)
	at oracle.jdbc.driver.T4CTTIfun.doRPC(T4CTTIfun.java:191)
	at oracle.jdbc.driver.T4C8Oall.doOALL(T4C8Oall.java:523)
	at oracle.jdbc.driver.T4CStatement.doOall8(T4CStatement.java:193)
	at oracle.jdbc.driver.T4CStatement.executeForDescribe(T4CStatement.java:848)
	at oracle.jdbc.driver.OracleStatement.executeMaybeDescribe(OracleStatement.java:1153)
	at oracle.jdbc.driver.OracleStatement.doExecuteWithTimeout(OracleStatement.java:1275)
	at oracle.jdbc.driver.OracleStatement.executeInternal(OracleStatement.java:1890)
	at oracle.jdbc.driver.OracleStatement.execute(OracleStatement.java:1855)
	at oracle.jdbc.driver.OracleStatementWrapper.execute(OracleStatementWrapper.java:304)
	at org.jkiss.dbeaver.model.impl.jdbc.exec.JDBCStatementImpl.execute(JDBCStatementImpl.java:344)
	at org.jkiss.dbeaver.model.impl.jdbc.exec.JDBCStatementImpl.executeStatement(JDBCStatementImpl.java:128)
	... 12 more
2025-07-21 11:02:26.158 - Error binding callable statement parameters from metadata: Unsupported feature
2025-07-21 11:02:26.158 - Error obtaining output parameters from metadata: Unsupported feature
2025-07-21 11:02:26.158 - Can't obtain procedure metadata nor jdbc metadata
2025-07-21 11:03:18.528 - SQL Error [920] [42000]: ORA-00920: invalid relational operator

org.jkiss.dbeaver.model.sql.DBSQLException: SQL Error [920] [42000]: ORA-00920: invalid relational operator

	at org.jkiss.dbeaver.model.impl.jdbc.exec.JDBCStatementImpl.executeStatement(JDBCStatementImpl.java:130)
	at org.jkiss.dbeaver.ui.editors.sql.execute.SQLQueryJob.executeStatement(SQLQueryJob.java:657)
	at org.jkiss.dbeaver.ui.editors.sql.execute.SQLQueryJob.lambda$2(SQLQueryJob.java:550)
	at org.jkiss.dbeaver.model.exec.DBExecUtils.tryExecuteRecover(DBExecUtils.java:189)
	at org.jkiss.dbeaver.ui.editors.sql.execute.SQLQueryJob.executeSingleQuery(SQLQueryJob.java:569)
	at org.jkiss.dbeaver.ui.editors.sql.execute.SQLQueryJob.extractData(SQLQueryJob.java:1043)
	at org.jkiss.dbeaver.ui.editors.sql.SQLEditor$QueryResultsContainer.readData(SQLEditor.java:4495)
	at org.jkiss.dbeaver.ui.controls.resultset.ResultSetJobDataRead.lambda$0(ResultSetJobDataRead.java:128)
	at org.jkiss.dbeaver.model.exec.DBExecUtils.tryExecuteRecover(DBExecUtils.java:189)
	at org.jkiss.dbeaver.ui.controls.resultset.ResultSetJobDataRead.run(ResultSetJobDataRead.java:126)
	at org.jkiss.dbeaver.ui.controls.resultset.ResultSetViewer$ResultSetDataPumpJob.run(ResultSetViewer.java:5146)
	at org.jkiss.dbeaver.model.runtime.AbstractJob.run(AbstractJob.java:119)
	at org.eclipse.core.internal.jobs.Worker.run(Worker.java:63)
Caused by: java.sql.SQLSyntaxErrorException: ORA-00920: invalid relational operator

	at oracle.jdbc.driver.T4CTTIoer.processError(T4CTTIoer.java:440)
	at oracle.jdbc.driver.T4CTTIoer.processError(T4CTTIoer.java:396)
	at oracle.jdbc.driver.T4C8Oall.processError(T4C8Oall.java:837)
	at oracle.jdbc.driver.T4CTTIfun.receive(T4CTTIfun.java:445)
	at oracle.jdbc.driver.T4CTTIfun.doRPC(T4CTTIfun.java:191)
	at oracle.jdbc.driver.T4C8Oall.doOALL(T4C8Oall.java:523)
	at oracle.jdbc.driver.T4CStatement.doOall8(T4CStatement.java:193)
	at oracle.jdbc.driver.T4CStatement.executeForDescribe(T4CStatement.java:848)
	at oracle.jdbc.driver.OracleStatement.executeMaybeDescribe(OracleStatement.java:1153)
	at oracle.jdbc.driver.OracleStatement.doExecuteWithTimeout(OracleStatement.java:1275)
	at oracle.jdbc.driver.OracleStatement.executeInternal(OracleStatement.java:1890)
	at oracle.jdbc.driver.OracleStatement.execute(OracleStatement.java:1855)
	at oracle.jdbc.driver.OracleStatementWrapper.execute(OracleStatementWrapper.java:304)
	at org.jkiss.dbeaver.model.impl.jdbc.exec.JDBCStatementImpl.execute(JDBCStatementImpl.java:344)
	at org.jkiss.dbeaver.model.impl.jdbc.exec.JDBCStatementImpl.executeStatement(JDBCStatementImpl.java:128)
	... 12 more
2025-07-21 11:03:18.588 - Error binding callable statement parameters from metadata: Unsupported feature
2025-07-21 11:03:18.588 - Error obtaining output parameters from metadata: Unsupported feature
2025-07-21 11:03:18.588 - Can't obtain procedure metadata nor jdbc metadata
2025-07-21 11:03:19.046 - SQL Error [920] [42000]: ORA-00920: invalid relational operator

org.jkiss.dbeaver.model.sql.DBSQLException: SQL Error [920] [42000]: ORA-00920: invalid relational operator

	at org.jkiss.dbeaver.model.impl.jdbc.exec.JDBCStatementImpl.executeStatement(JDBCStatementImpl.java:130)
	at org.jkiss.dbeaver.ui.editors.sql.execute.SQLQueryJob.executeStatement(SQLQueryJob.java:657)
	at org.jkiss.dbeaver.ui.editors.sql.execute.SQLQueryJob.lambda$2(SQLQueryJob.java:550)
	at org.jkiss.dbeaver.model.exec.DBExecUtils.tryExecuteRecover(DBExecUtils.java:189)
	at org.jkiss.dbeaver.ui.editors.sql.execute.SQLQueryJob.executeSingleQuery(SQLQueryJob.java:569)
	at org.jkiss.dbeaver.ui.editors.sql.execute.SQLQueryJob.extractData(SQLQueryJob.java:1043)
	at org.jkiss.dbeaver.ui.editors.sql.SQLEditor$QueryResultsContainer.readData(SQLEditor.java:4495)
	at org.jkiss.dbeaver.ui.controls.resultset.ResultSetJobDataRead.lambda$0(ResultSetJobDataRead.java:128)
	at org.jkiss.dbeaver.model.exec.DBExecUtils.tryExecuteRecover(DBExecUtils.java:189)
	at org.jkiss.dbeaver.ui.controls.resultset.ResultSetJobDataRead.run(ResultSetJobDataRead.java:126)
	at org.jkiss.dbeaver.ui.controls.resultset.ResultSetViewer$ResultSetDataPumpJob.run(ResultSetViewer.java:5146)
	at org.jkiss.dbeaver.model.runtime.AbstractJob.run(AbstractJob.java:119)
	at org.eclipse.core.internal.jobs.Worker.run(Worker.java:63)
Caused by: java.sql.SQLSyntaxErrorException: ORA-00920: invalid relational operator

	at oracle.jdbc.driver.T4CTTIoer.processError(T4CTTIoer.java:440)
	at oracle.jdbc.driver.T4CTTIoer.processError(T4CTTIoer.java:396)
	at oracle.jdbc.driver.T4C8Oall.processError(T4C8Oall.java:837)
	at oracle.jdbc.driver.T4CTTIfun.receive(T4CTTIfun.java:445)
	at oracle.jdbc.driver.T4CTTIfun.doRPC(T4CTTIfun.java:191)
	at oracle.jdbc.driver.T4C8Oall.doOALL(T4C8Oall.java:523)
	at oracle.jdbc.driver.T4CStatement.doOall8(T4CStatement.java:193)
	at oracle.jdbc.driver.T4CStatement.executeForDescribe(T4CStatement.java:848)
	at oracle.jdbc.driver.OracleStatement.executeMaybeDescribe(OracleStatement.java:1153)
	at oracle.jdbc.driver.OracleStatement.doExecuteWithTimeout(OracleStatement.java:1275)
	at oracle.jdbc.driver.OracleStatement.executeInternal(OracleStatement.java:1890)
	at oracle.jdbc.driver.OracleStatement.execute(OracleStatement.java:1855)
	at oracle.jdbc.driver.OracleStatementWrapper.execute(OracleStatementWrapper.java:304)
	at org.jkiss.dbeaver.model.impl.jdbc.exec.JDBCStatementImpl.execute(JDBCStatementImpl.java:344)
	at org.jkiss.dbeaver.model.impl.jdbc.exec.JDBCStatementImpl.executeStatement(JDBCStatementImpl.java:128)
	... 12 more
2025-07-21 11:03:19.105 - Error binding callable statement parameters from metadata: Unsupported feature
2025-07-21 11:03:19.105 - Error obtaining output parameters from metadata: Unsupported feature
2025-07-21 11:03:19.105 - Can't obtain procedure metadata nor jdbc metadata
2025-07-21 11:03:59.815 - SQL Error [979] [42000]: ORA-00979: not a GROUP BY expression

org.jkiss.dbeaver.model.sql.DBSQLException: SQL Error [979] [42000]: ORA-00979: not a GROUP BY expression

	at org.jkiss.dbeaver.model.impl.jdbc.exec.JDBCStatementImpl.executeStatement(JDBCStatementImpl.java:130)
	at org.jkiss.dbeaver.ui.editors.sql.execute.SQLQueryJob.executeStatement(SQLQueryJob.java:657)
	at org.jkiss.dbeaver.ui.editors.sql.execute.SQLQueryJob.lambda$2(SQLQueryJob.java:550)
	at org.jkiss.dbeaver.model.exec.DBExecUtils.tryExecuteRecover(DBExecUtils.java:189)
	at org.jkiss.dbeaver.ui.editors.sql.execute.SQLQueryJob.executeSingleQuery(SQLQueryJob.java:569)
	at org.jkiss.dbeaver.ui.editors.sql.execute.SQLQueryJob.extractData(SQLQueryJob.java:1043)
	at org.jkiss.dbeaver.ui.editors.sql.SQLEditor$QueryResultsContainer.readData(SQLEditor.java:4495)
	at org.jkiss.dbeaver.ui.controls.resultset.ResultSetJobDataRead.lambda$0(ResultSetJobDataRead.java:128)
	at org.jkiss.dbeaver.model.exec.DBExecUtils.tryExecuteRecover(DBExecUtils.java:189)
	at org.jkiss.dbeaver.ui.controls.resultset.ResultSetJobDataRead.run(ResultSetJobDataRead.java:126)
	at org.jkiss.dbeaver.ui.controls.resultset.ResultSetViewer$ResultSetDataPumpJob.run(ResultSetViewer.java:5146)
	at org.jkiss.dbeaver.model.runtime.AbstractJob.run(AbstractJob.java:119)
	at org.eclipse.core.internal.jobs.Worker.run(Worker.java:63)
Caused by: java.sql.SQLSyntaxErrorException: ORA-00979: not a GROUP BY expression

	at oracle.jdbc.driver.T4CTTIoer.processError(T4CTTIoer.java:440)
	at oracle.jdbc.driver.T4CTTIoer.processError(T4CTTIoer.java:396)
	at oracle.jdbc.driver.T4C8Oall.processError(T4C8Oall.java:837)
	at oracle.jdbc.driver.T4CTTIfun.receive(T4CTTIfun.java:445)
	at oracle.jdbc.driver.T4CTTIfun.doRPC(T4CTTIfun.java:191)
	at oracle.jdbc.driver.T4C8Oall.doOALL(T4C8Oall.java:523)
	at oracle.jdbc.driver.T4CStatement.doOall8(T4CStatement.java:193)
	at oracle.jdbc.driver.T4CStatement.executeForDescribe(T4CStatement.java:848)
	at oracle.jdbc.driver.OracleStatement.executeMaybeDescribe(OracleStatement.java:1153)
	at oracle.jdbc.driver.OracleStatement.doExecuteWithTimeout(OracleStatement.java:1275)
	at oracle.jdbc.driver.OracleStatement.executeInternal(OracleStatement.java:1890)
	at oracle.jdbc.driver.OracleStatement.execute(OracleStatement.java:1855)
	at oracle.jdbc.driver.OracleStatementWrapper.execute(OracleStatementWrapper.java:304)
	at org.jkiss.dbeaver.model.impl.jdbc.exec.JDBCStatementImpl.execute(JDBCStatementImpl.java:344)
	at org.jkiss.dbeaver.model.impl.jdbc.exec.JDBCStatementImpl.executeStatement(JDBCStatementImpl.java:128)
	... 12 more
2025-07-21 11:03:59.873 - Error binding callable statement parameters from metadata: Unsupported feature
2025-07-21 11:03:59.873 - Error obtaining output parameters from metadata: Unsupported feature
2025-07-21 11:03:59.873 - Can't obtain procedure metadata nor jdbc metadata
2025-07-21 11:05:07.663 - SQL Error [900] [42000]: ORA-00900: invalid SQL statement

org.jkiss.dbeaver.model.sql.DBSQLException: SQL Error [900] [42000]: ORA-00900: invalid SQL statement

	at org.jkiss.dbeaver.model.impl.jdbc.exec.JDBCStatementImpl.executeStatement(JDBCStatementImpl.java:130)
	at org.jkiss.dbeaver.ui.editors.sql.execute.SQLQueryJob.executeStatement(SQLQueryJob.java:657)
	at org.jkiss.dbeaver.ui.editors.sql.execute.SQLQueryJob.lambda$2(SQLQueryJob.java:550)
	at org.jkiss.dbeaver.model.exec.DBExecUtils.tryExecuteRecover(DBExecUtils.java:189)
	at org.jkiss.dbeaver.ui.editors.sql.execute.SQLQueryJob.executeSingleQuery(SQLQueryJob.java:569)
	at org.jkiss.dbeaver.ui.editors.sql.execute.SQLQueryJob.extractData(SQLQueryJob.java:1043)
	at org.jkiss.dbeaver.ui.editors.sql.SQLEditor$QueryResultsContainer.readData(SQLEditor.java:4495)
	at org.jkiss.dbeaver.ui.controls.resultset.ResultSetJobDataRead.lambda$0(ResultSetJobDataRead.java:128)
	at org.jkiss.dbeaver.model.exec.DBExecUtils.tryExecuteRecover(DBExecUtils.java:189)
	at org.jkiss.dbeaver.ui.controls.resultset.ResultSetJobDataRead.run(ResultSetJobDataRead.java:126)
	at org.jkiss.dbeaver.ui.controls.resultset.ResultSetViewer$ResultSetDataPumpJob.run(ResultSetViewer.java:5146)
	at org.jkiss.dbeaver.model.runtime.AbstractJob.run(AbstractJob.java:119)
	at org.eclipse.core.internal.jobs.Worker.run(Worker.java:63)
Caused by: java.sql.SQLSyntaxErrorException: ORA-00900: invalid SQL statement

	at oracle.jdbc.driver.T4CTTIoer.processError(T4CTTIoer.java:440)
	at oracle.jdbc.driver.T4CTTIoer.processError(T4CTTIoer.java:396)
	at oracle.jdbc.driver.T4C8Oall.processError(T4C8Oall.java:837)
	at oracle.jdbc.driver.T4CTTIfun.receive(T4CTTIfun.java:445)
	at oracle.jdbc.driver.T4CTTIfun.doRPC(T4CTTIfun.java:191)
	at oracle.jdbc.driver.T4C8Oall.doOALL(T4C8Oall.java:523)
	at oracle.jdbc.driver.T4CStatement.doOall8(T4CStatement.java:193)
	at oracle.jdbc.driver.T4CStatement.executeForRows(T4CStatement.java:999)
	at oracle.jdbc.driver.OracleStatement.doExecuteWithTimeout(OracleStatement.java:1315)
	at oracle.jdbc.driver.OracleStatement.executeInternal(OracleStatement.java:1890)
	at oracle.jdbc.driver.OracleStatement.execute(OracleStatement.java:1855)
	at oracle.jdbc.driver.OracleStatementWrapper.execute(OracleStatementWrapper.java:304)
	at org.jkiss.dbeaver.model.impl.jdbc.exec.JDBCStatementImpl.execute(JDBCStatementImpl.java:344)
	at org.jkiss.dbeaver.model.impl.jdbc.exec.JDBCStatementImpl.executeStatement(JDBCStatementImpl.java:128)
	... 12 more
2025-07-21 11:05:07.725 - Error binding callable statement parameters from metadata: Unsupported feature
2025-07-21 11:05:07.725 - Error obtaining output parameters from metadata: Unsupported feature
2025-07-21 11:05:07.725 - Can't obtain procedure metadata nor jdbc metadata
2025-07-21 11:05:09.743 - SQL Error [933] [42000]: ORA-00933: SQL command not properly ended

org.jkiss.dbeaver.model.sql.DBSQLException: SQL Error [933] [42000]: ORA-00933: SQL command not properly ended

	at org.jkiss.dbeaver.model.impl.jdbc.exec.JDBCStatementImpl.executeStatement(JDBCStatementImpl.java:130)
	at org.jkiss.dbeaver.ui.editors.sql.execute.SQLQueryJob.executeStatement(SQLQueryJob.java:657)
	at org.jkiss.dbeaver.ui.editors.sql.execute.SQLQueryJob.lambda$2(SQLQueryJob.java:550)
	at org.jkiss.dbeaver.model.exec.DBExecUtils.tryExecuteRecover(DBExecUtils.java:189)
	at org.jkiss.dbeaver.ui.editors.sql.execute.SQLQueryJob.executeSingleQuery(SQLQueryJob.java:569)
	at org.jkiss.dbeaver.ui.editors.sql.execute.SQLQueryJob.extractData(SQLQueryJob.java:1043)
	at org.jkiss.dbeaver.ui.editors.sql.SQLEditor$QueryResultsContainer.readData(SQLEditor.java:4495)
	at org.jkiss.dbeaver.ui.controls.resultset.ResultSetJobDataRead.lambda$0(ResultSetJobDataRead.java:128)
	at org.jkiss.dbeaver.model.exec.DBExecUtils.tryExecuteRecover(DBExecUtils.java:189)
	at org.jkiss.dbeaver.ui.controls.resultset.ResultSetJobDataRead.run(ResultSetJobDataRead.java:126)
	at org.jkiss.dbeaver.ui.controls.resultset.ResultSetViewer$ResultSetDataPumpJob.run(ResultSetViewer.java:5146)
	at org.jkiss.dbeaver.model.runtime.AbstractJob.run(AbstractJob.java:119)
	at org.eclipse.core.internal.jobs.Worker.run(Worker.java:63)
Caused by: java.sql.SQLSyntaxErrorException: ORA-00933: SQL command not properly ended

	at oracle.jdbc.driver.T4CTTIoer.processError(T4CTTIoer.java:440)
	at oracle.jdbc.driver.T4CTTIoer.processError(T4CTTIoer.java:396)
	at oracle.jdbc.driver.T4C8Oall.processError(T4C8Oall.java:837)
	at oracle.jdbc.driver.T4CTTIfun.receive(T4CTTIfun.java:445)
	at oracle.jdbc.driver.T4CTTIfun.doRPC(T4CTTIfun.java:191)
	at oracle.jdbc.driver.T4C8Oall.doOALL(T4C8Oall.java:523)
	at oracle.jdbc.driver.T4CStatement.doOall8(T4CStatement.java:193)
	at oracle.jdbc.driver.T4CStatement.executeForDescribe(T4CStatement.java:848)
	at oracle.jdbc.driver.OracleStatement.executeMaybeDescribe(OracleStatement.java:1153)
	at oracle.jdbc.driver.OracleStatement.doExecuteWithTimeout(OracleStatement.java:1275)
	at oracle.jdbc.driver.OracleStatement.executeInternal(OracleStatement.java:1890)
	at oracle.jdbc.driver.OracleStatement.execute(OracleStatement.java:1855)
	at oracle.jdbc.driver.OracleStatementWrapper.execute(OracleStatementWrapper.java:304)
	at org.jkiss.dbeaver.model.impl.jdbc.exec.JDBCStatementImpl.execute(JDBCStatementImpl.java:344)
	at org.jkiss.dbeaver.model.impl.jdbc.exec.JDBCStatementImpl.executeStatement(JDBCStatementImpl.java:128)
	... 12 more
2025-07-21 11:05:09.803 - Error binding callable statement parameters from metadata: Unsupported feature
2025-07-21 11:05:09.803 - Error obtaining output parameters from metadata: Unsupported feature
2025-07-21 11:05:09.803 - Can't obtain procedure metadata nor jdbc metadata
2025-07-21 11:08:29.546 - Error binding callable statement parameters from metadata: Unsupported feature
2025-07-21 11:08:29.546 - Error obtaining output parameters from metadata: Unsupported feature
2025-07-21 11:08:29.546 - Can't obtain procedure metadata nor jdbc metadata
2025-07-21 11:08:29.590 - SQL Error [900] [42000]: ORA-00900: invalid SQL statement

org.jkiss.dbeaver.model.sql.DBSQLException: SQL Error [900] [42000]: ORA-00900: invalid SQL statement

	at org.jkiss.dbeaver.model.impl.jdbc.exec.JDBCStatementImpl.executeStatement(JDBCStatementImpl.java:130)
	at org.jkiss.dbeaver.ui.editors.sql.execute.SQLQueryJob.executeStatement(SQLQueryJob.java:657)
	at org.jkiss.dbeaver.ui.editors.sql.execute.SQLQueryJob.lambda$2(SQLQueryJob.java:550)
	at org.jkiss.dbeaver.model.exec.DBExecUtils.tryExecuteRecover(DBExecUtils.java:189)
	at org.jkiss.dbeaver.ui.editors.sql.execute.SQLQueryJob.executeSingleQuery(SQLQueryJob.java:569)
	at org.jkiss.dbeaver.ui.editors.sql.execute.SQLQueryJob.extractData(SQLQueryJob.java:1043)
	at org.jkiss.dbeaver.ui.editors.sql.SQLEditor$QueryResultsContainer.readData(SQLEditor.java:4495)
	at org.jkiss.dbeaver.ui.controls.resultset.ResultSetJobDataRead.lambda$0(ResultSetJobDataRead.java:128)
	at org.jkiss.dbeaver.model.exec.DBExecUtils.tryExecuteRecover(DBExecUtils.java:189)
	at org.jkiss.dbeaver.ui.controls.resultset.ResultSetJobDataRead.run(ResultSetJobDataRead.java:126)
	at org.jkiss.dbeaver.ui.controls.resultset.ResultSetViewer$ResultSetDataPumpJob.run(ResultSetViewer.java:5146)
	at org.jkiss.dbeaver.model.runtime.AbstractJob.run(AbstractJob.java:119)
	at org.eclipse.core.internal.jobs.Worker.run(Worker.java:63)
Caused by: java.sql.SQLSyntaxErrorException: ORA-00900: invalid SQL statement

	at oracle.jdbc.driver.T4CTTIoer.processError(T4CTTIoer.java:440)
	at oracle.jdbc.driver.T4CTTIoer.processError(T4CTTIoer.java:396)
	at oracle.jdbc.driver.T4C8Oall.processError(T4C8Oall.java:837)
	at oracle.jdbc.driver.T4CTTIfun.receive(T4CTTIfun.java:445)
	at oracle.jdbc.driver.T4CTTIfun.doRPC(T4CTTIfun.java:191)
	at oracle.jdbc.driver.T4C8Oall.doOALL(T4C8Oall.java:523)
	at oracle.jdbc.driver.T4CStatement.doOall8(T4CStatement.java:193)
	at oracle.jdbc.driver.T4CStatement.executeForRows(T4CStatement.java:999)
	at oracle.jdbc.driver.OracleStatement.doExecuteWithTimeout(OracleStatement.java:1315)
	at oracle.jdbc.driver.OracleStatement.executeInternal(OracleStatement.java:1890)
	at oracle.jdbc.driver.OracleStatement.execute(OracleStatement.java:1855)
	at oracle.jdbc.driver.OracleStatementWrapper.execute(OracleStatementWrapper.java:304)
	at org.jkiss.dbeaver.model.impl.jdbc.exec.JDBCStatementImpl.execute(JDBCStatementImpl.java:344)
	at org.jkiss.dbeaver.model.impl.jdbc.exec.JDBCStatementImpl.executeStatement(JDBCStatementImpl.java:128)
	... 12 more
2025-07-21 11:08:30.737 - SQL Error [900] [42000]: ORA-00900: invalid SQL statement

org.jkiss.dbeaver.model.sql.DBSQLException: SQL Error [900] [42000]: ORA-00900: invalid SQL statement

	at org.jkiss.dbeaver.model.impl.jdbc.exec.JDBCStatementImpl.executeStatement(JDBCStatementImpl.java:130)
	at org.jkiss.dbeaver.ui.editors.sql.execute.SQLQueryJob.executeStatement(SQLQueryJob.java:657)
	at org.jkiss.dbeaver.ui.editors.sql.execute.SQLQueryJob.lambda$2(SQLQueryJob.java:550)
	at org.jkiss.dbeaver.model.exec.DBExecUtils.tryExecuteRecover(DBExecUtils.java:189)
	at org.jkiss.dbeaver.ui.editors.sql.execute.SQLQueryJob.executeSingleQuery(SQLQueryJob.java:569)
	at org.jkiss.dbeaver.ui.editors.sql.execute.SQLQueryJob.extractData(SQLQueryJob.java:1043)
	at org.jkiss.dbeaver.ui.editors.sql.SQLEditor$QueryResultsContainer.readData(SQLEditor.java:4495)
	at org.jkiss.dbeaver.ui.controls.resultset.ResultSetJobDataRead.lambda$0(ResultSetJobDataRead.java:128)
	at org.jkiss.dbeaver.model.exec.DBExecUtils.tryExecuteRecover(DBExecUtils.java:189)
	at org.jkiss.dbeaver.ui.controls.resultset.ResultSetJobDataRead.run(ResultSetJobDataRead.java:126)
	at org.jkiss.dbeaver.ui.controls.resultset.ResultSetViewer$ResultSetDataPumpJob.run(ResultSetViewer.java:5146)
	at org.jkiss.dbeaver.model.runtime.AbstractJob.run(AbstractJob.java:119)
	at org.eclipse.core.internal.jobs.Worker.run(Worker.java:63)
Caused by: java.sql.SQLSyntaxErrorException: ORA-00900: invalid SQL statement

	at oracle.jdbc.driver.T4CTTIoer.processError(T4CTTIoer.java:440)
	at oracle.jdbc.driver.T4CTTIoer.processError(T4CTTIoer.java:396)
	at oracle.jdbc.driver.T4C8Oall.processError(T4C8Oall.java:837)
	at oracle.jdbc.driver.T4CTTIfun.receive(T4CTTIfun.java:445)
	at oracle.jdbc.driver.T4CTTIfun.doRPC(T4CTTIfun.java:191)
	at oracle.jdbc.driver.T4C8Oall.doOALL(T4C8Oall.java:523)
	at oracle.jdbc.driver.T4CStatement.doOall8(T4CStatement.java:193)
	at oracle.jdbc.driver.T4CStatement.executeForRows(T4CStatement.java:999)
	at oracle.jdbc.driver.OracleStatement.doExecuteWithTimeout(OracleStatement.java:1315)
	at oracle.jdbc.driver.OracleStatement.executeInternal(OracleStatement.java:1890)
	at oracle.jdbc.driver.OracleStatement.execute(OracleStatement.java:1855)
	at oracle.jdbc.driver.OracleStatementWrapper.execute(OracleStatementWrapper.java:304)
	at org.jkiss.dbeaver.model.impl.jdbc.exec.JDBCStatementImpl.execute(JDBCStatementImpl.java:344)
	at org.jkiss.dbeaver.model.impl.jdbc.exec.JDBCStatementImpl.executeStatement(JDBCStatementImpl.java:128)
	... 12 more
2025-07-21 11:08:30.795 - Error binding callable statement parameters from metadata: Unsupported feature
2025-07-21 11:08:30.795 - Error obtaining output parameters from metadata: Unsupported feature
2025-07-21 11:08:30.795 - Can't obtain procedure metadata nor jdbc metadata
2025-07-21 11:11:08.777 - SQL Error [909] [42000]: ORA-00909: invalid number of arguments

org.jkiss.dbeaver.model.sql.DBSQLException: SQL Error [909] [42000]: ORA-00909: invalid number of arguments

	at org.jkiss.dbeaver.model.impl.jdbc.exec.JDBCStatementImpl.executeStatement(JDBCStatementImpl.java:130)
	at org.jkiss.dbeaver.ui.editors.sql.execute.SQLQueryJob.executeStatement(SQLQueryJob.java:657)
	at org.jkiss.dbeaver.ui.editors.sql.execute.SQLQueryJob.lambda$2(SQLQueryJob.java:550)
	at org.jkiss.dbeaver.model.exec.DBExecUtils.tryExecuteRecover(DBExecUtils.java:189)
	at org.jkiss.dbeaver.ui.editors.sql.execute.SQLQueryJob.executeSingleQuery(SQLQueryJob.java:569)
	at org.jkiss.dbeaver.ui.editors.sql.execute.SQLQueryJob.extractData(SQLQueryJob.java:1043)
	at org.jkiss.dbeaver.ui.editors.sql.SQLEditor$QueryResultsContainer.readData(SQLEditor.java:4495)
	at org.jkiss.dbeaver.ui.controls.resultset.ResultSetJobDataRead.lambda$0(ResultSetJobDataRead.java:128)
	at org.jkiss.dbeaver.model.exec.DBExecUtils.tryExecuteRecover(DBExecUtils.java:189)
	at org.jkiss.dbeaver.ui.controls.resultset.ResultSetJobDataRead.run(ResultSetJobDataRead.java:126)
	at org.jkiss.dbeaver.ui.controls.resultset.ResultSetViewer$ResultSetDataPumpJob.run(ResultSetViewer.java:5146)
	at org.jkiss.dbeaver.model.runtime.AbstractJob.run(AbstractJob.java:119)
	at org.eclipse.core.internal.jobs.Worker.run(Worker.java:63)
Caused by: java.sql.SQLSyntaxErrorException: ORA-00909: invalid number of arguments

	at oracle.jdbc.driver.T4CTTIoer.processError(T4CTTIoer.java:440)
	at oracle.jdbc.driver.T4CTTIoer.processError(T4CTTIoer.java:396)
	at oracle.jdbc.driver.T4C8Oall.processError(T4C8Oall.java:837)
	at oracle.jdbc.driver.T4CTTIfun.receive(T4CTTIfun.java:445)
	at oracle.jdbc.driver.T4CTTIfun.doRPC(T4CTTIfun.java:191)
	at oracle.jdbc.driver.T4C8Oall.doOALL(T4C8Oall.java:523)
	at oracle.jdbc.driver.T4CStatement.doOall8(T4CStatement.java:193)
	at oracle.jdbc.driver.T4CStatement.executeForDescribe(T4CStatement.java:848)
	at oracle.jdbc.driver.OracleStatement.executeMaybeDescribe(OracleStatement.java:1153)
	at oracle.jdbc.driver.OracleStatement.doExecuteWithTimeout(OracleStatement.java:1275)
	at oracle.jdbc.driver.OracleStatement.executeInternal(OracleStatement.java:1890)
	at oracle.jdbc.driver.OracleStatement.execute(OracleStatement.java:1855)
	at oracle.jdbc.driver.OracleStatementWrapper.execute(OracleStatementWrapper.java:304)
	at org.jkiss.dbeaver.model.impl.jdbc.exec.JDBCStatementImpl.execute(JDBCStatementImpl.java:344)
	at org.jkiss.dbeaver.model.impl.jdbc.exec.JDBCStatementImpl.executeStatement(JDBCStatementImpl.java:128)
	... 12 more
2025-07-21 11:11:08.888 - Error binding callable statement parameters from metadata: Unsupported feature
2025-07-21 11:11:08.888 - Error obtaining output parameters from metadata: Unsupported feature
2025-07-21 11:11:08.889 - Can't obtain procedure metadata nor jdbc metadata
2025-07-21 11:11:10.656 - SQL Error [909] [42000]: ORA-00909: invalid number of arguments

org.jkiss.dbeaver.model.sql.DBSQLException: SQL Error [909] [42000]: ORA-00909: invalid number of arguments

	at org.jkiss.dbeaver.model.impl.jdbc.exec.JDBCStatementImpl.executeStatement(JDBCStatementImpl.java:130)
	at org.jkiss.dbeaver.ui.editors.sql.execute.SQLQueryJob.executeStatement(SQLQueryJob.java:657)
	at org.jkiss.dbeaver.ui.editors.sql.execute.SQLQueryJob.lambda$2(SQLQueryJob.java:550)
	at org.jkiss.dbeaver.model.exec.DBExecUtils.tryExecuteRecover(DBExecUtils.java:189)
	at org.jkiss.dbeaver.ui.editors.sql.execute.SQLQueryJob.executeSingleQuery(SQLQueryJob.java:569)
	at org.jkiss.dbeaver.ui.editors.sql.execute.SQLQueryJob.extractData(SQLQueryJob.java:1043)
	at org.jkiss.dbeaver.ui.editors.sql.SQLEditor$QueryResultsContainer.readData(SQLEditor.java:4495)
	at org.jkiss.dbeaver.ui.controls.resultset.ResultSetJobDataRead.lambda$0(ResultSetJobDataRead.java:128)
	at org.jkiss.dbeaver.model.exec.DBExecUtils.tryExecuteRecover(DBExecUtils.java:189)
	at org.jkiss.dbeaver.ui.controls.resultset.ResultSetJobDataRead.run(ResultSetJobDataRead.java:126)
	at org.jkiss.dbeaver.ui.controls.resultset.ResultSetViewer$ResultSetDataPumpJob.run(ResultSetViewer.java:5146)
	at org.jkiss.dbeaver.model.runtime.AbstractJob.run(AbstractJob.java:119)
	at org.eclipse.core.internal.jobs.Worker.run(Worker.java:63)
Caused by: java.sql.SQLSyntaxErrorException: ORA-00909: invalid number of arguments

	at oracle.jdbc.driver.T4CTTIoer.processError(T4CTTIoer.java:440)
	at oracle.jdbc.driver.T4CTTIoer.processError(T4CTTIoer.java:396)
	at oracle.jdbc.driver.T4C8Oall.processError(T4C8Oall.java:837)
	at oracle.jdbc.driver.T4CTTIfun.receive(T4CTTIfun.java:445)
	at oracle.jdbc.driver.T4CTTIfun.doRPC(T4CTTIfun.java:191)
	at oracle.jdbc.driver.T4C8Oall.doOALL(T4C8Oall.java:523)
	at oracle.jdbc.driver.T4CStatement.doOall8(T4CStatement.java:193)
	at oracle.jdbc.driver.T4CStatement.executeForDescribe(T4CStatement.java:848)
	at oracle.jdbc.driver.OracleStatement.executeMaybeDescribe(OracleStatement.java:1153)
	at oracle.jdbc.driver.OracleStatement.doExecuteWithTimeout(OracleStatement.java:1275)
	at oracle.jdbc.driver.OracleStatement.executeInternal(OracleStatement.java:1890)
	at oracle.jdbc.driver.OracleStatement.execute(OracleStatement.java:1855)
	at oracle.jdbc.driver.OracleStatementWrapper.execute(OracleStatementWrapper.java:304)
	at org.jkiss.dbeaver.model.impl.jdbc.exec.JDBCStatementImpl.execute(JDBCStatementImpl.java:344)
	at org.jkiss.dbeaver.model.impl.jdbc.exec.JDBCStatementImpl.executeStatement(JDBCStatementImpl.java:128)
	... 12 more
2025-07-21 11:11:10.718 - Error binding callable statement parameters from metadata: Unsupported feature
2025-07-21 11:11:10.718 - Error obtaining output parameters from metadata: Unsupported feature
2025-07-21 11:11:10.718 - Can't obtain procedure metadata nor jdbc metadata
2025-07-21 11:11:17.340 - SQL Error [909] [42000]: ORA-00909: invalid number of arguments

org.jkiss.dbeaver.model.sql.DBSQLException: SQL Error [909] [42000]: ORA-00909: invalid number of arguments

	at org.jkiss.dbeaver.model.impl.jdbc.exec.JDBCStatementImpl.executeStatement(JDBCStatementImpl.java:130)
	at org.jkiss.dbeaver.ui.editors.sql.execute.SQLQueryJob.executeStatement(SQLQueryJob.java:657)
	at org.jkiss.dbeaver.ui.editors.sql.execute.SQLQueryJob.lambda$2(SQLQueryJob.java:550)
	at org.jkiss.dbeaver.model.exec.DBExecUtils.tryExecuteRecover(DBExecUtils.java:189)
	at org.jkiss.dbeaver.ui.editors.sql.execute.SQLQueryJob.executeSingleQuery(SQLQueryJob.java:569)
	at org.jkiss.dbeaver.ui.editors.sql.execute.SQLQueryJob.extractData(SQLQueryJob.java:1043)
	at org.jkiss.dbeaver.ui.editors.sql.SQLEditor$QueryResultsContainer.readData(SQLEditor.java:4495)
	at org.jkiss.dbeaver.ui.controls.resultset.ResultSetJobDataRead.lambda$0(ResultSetJobDataRead.java:128)
	at org.jkiss.dbeaver.model.exec.DBExecUtils.tryExecuteRecover(DBExecUtils.java:189)
	at org.jkiss.dbeaver.ui.controls.resultset.ResultSetJobDataRead.run(ResultSetJobDataRead.java:126)
	at org.jkiss.dbeaver.ui.controls.resultset.ResultSetViewer$ResultSetDataPumpJob.run(ResultSetViewer.java:5146)
	at org.jkiss.dbeaver.model.runtime.AbstractJob.run(AbstractJob.java:119)
	at org.eclipse.core.internal.jobs.Worker.run(Worker.java:63)
Caused by: java.sql.SQLSyntaxErrorException: ORA-00909: invalid number of arguments

	at oracle.jdbc.driver.T4CTTIoer.processError(T4CTTIoer.java:440)
	at oracle.jdbc.driver.T4CTTIoer.processError(T4CTTIoer.java:396)
	at oracle.jdbc.driver.T4C8Oall.processError(T4C8Oall.java:837)
	at oracle.jdbc.driver.T4CTTIfun.receive(T4CTTIfun.java:445)
	at oracle.jdbc.driver.T4CTTIfun.doRPC(T4CTTIfun.java:191)
	at oracle.jdbc.driver.T4C8Oall.doOALL(T4C8Oall.java:523)
	at oracle.jdbc.driver.T4CStatement.doOall8(T4CStatement.java:193)
	at oracle.jdbc.driver.T4CStatement.executeForDescribe(T4CStatement.java:848)
	at oracle.jdbc.driver.OracleStatement.executeMaybeDescribe(OracleStatement.java:1153)
	at oracle.jdbc.driver.OracleStatement.doExecuteWithTimeout(OracleStatement.java:1275)
	at oracle.jdbc.driver.OracleStatement.executeInternal(OracleStatement.java:1890)
	at oracle.jdbc.driver.OracleStatement.execute(OracleStatement.java:1855)
	at oracle.jdbc.driver.OracleStatementWrapper.execute(OracleStatementWrapper.java:304)
	at org.jkiss.dbeaver.model.impl.jdbc.exec.JDBCStatementImpl.execute(JDBCStatementImpl.java:344)
	at org.jkiss.dbeaver.model.impl.jdbc.exec.JDBCStatementImpl.executeStatement(JDBCStatementImpl.java:128)
	... 12 more
2025-07-21 11:11:17.397 - Error binding callable statement parameters from metadata: Unsupported feature
2025-07-21 11:11:17.397 - Error obtaining output parameters from metadata: Unsupported feature
2025-07-21 11:11:17.397 - Can't obtain procedure metadata nor jdbc metadata
2025-07-21 11:11:27.808 - SQL Error [909] [42000]: ORA-00909: invalid number of arguments

org.jkiss.dbeaver.model.sql.DBSQLException: SQL Error [909] [42000]: ORA-00909: invalid number of arguments

	at org.jkiss.dbeaver.model.impl.jdbc.exec.JDBCStatementImpl.executeStatement(JDBCStatementImpl.java:130)
	at org.jkiss.dbeaver.ui.editors.sql.execute.SQLQueryJob.executeStatement(SQLQueryJob.java:657)
	at org.jkiss.dbeaver.ui.editors.sql.execute.SQLQueryJob.lambda$2(SQLQueryJob.java:550)
	at org.jkiss.dbeaver.model.exec.DBExecUtils.tryExecuteRecover(DBExecUtils.java:189)
	at org.jkiss.dbeaver.ui.editors.sql.execute.SQLQueryJob.executeSingleQuery(SQLQueryJob.java:569)
	at org.jkiss.dbeaver.ui.editors.sql.execute.SQLQueryJob.extractData(SQLQueryJob.java:1043)
	at org.jkiss.dbeaver.ui.editors.sql.SQLEditor$QueryResultsContainer.readData(SQLEditor.java:4495)
	at org.jkiss.dbeaver.ui.controls.resultset.ResultSetJobDataRead.lambda$0(ResultSetJobDataRead.java:128)
	at org.jkiss.dbeaver.model.exec.DBExecUtils.tryExecuteRecover(DBExecUtils.java:189)
	at org.jkiss.dbeaver.ui.controls.resultset.ResultSetJobDataRead.run(ResultSetJobDataRead.java:126)
	at org.jkiss.dbeaver.ui.controls.resultset.ResultSetViewer$ResultSetDataPumpJob.run(ResultSetViewer.java:5146)
	at org.jkiss.dbeaver.model.runtime.AbstractJob.run(AbstractJob.java:119)
	at org.eclipse.core.internal.jobs.Worker.run(Worker.java:63)
Caused by: java.sql.SQLSyntaxErrorException: ORA-00909: invalid number of arguments

	at oracle.jdbc.driver.T4CTTIoer.processError(T4CTTIoer.java:440)
	at oracle.jdbc.driver.T4CTTIoer.processError(T4CTTIoer.java:396)
	at oracle.jdbc.driver.T4C8Oall.processError(T4C8Oall.java:837)
	at oracle.jdbc.driver.T4CTTIfun.receive(T4CTTIfun.java:445)
	at oracle.jdbc.driver.T4CTTIfun.doRPC(T4CTTIfun.java:191)
	at oracle.jdbc.driver.T4C8Oall.doOALL(T4C8Oall.java:523)
	at oracle.jdbc.driver.T4CStatement.doOall8(T4CStatement.java:193)
	at oracle.jdbc.driver.T4CStatement.executeForDescribe(T4CStatement.java:848)
	at oracle.jdbc.driver.OracleStatement.executeMaybeDescribe(OracleStatement.java:1153)
	at oracle.jdbc.driver.OracleStatement.doExecuteWithTimeout(OracleStatement.java:1275)
	at oracle.jdbc.driver.OracleStatement.executeInternal(OracleStatement.java:1890)
	at oracle.jdbc.driver.OracleStatement.execute(OracleStatement.java:1855)
	at oracle.jdbc.driver.OracleStatementWrapper.execute(OracleStatementWrapper.java:304)
	at org.jkiss.dbeaver.model.impl.jdbc.exec.JDBCStatementImpl.execute(JDBCStatementImpl.java:344)
	at org.jkiss.dbeaver.model.impl.jdbc.exec.JDBCStatementImpl.executeStatement(JDBCStatementImpl.java:128)
	... 12 more
2025-07-21 11:11:27.867 - Error binding callable statement parameters from metadata: Unsupported feature
2025-07-21 11:11:27.867 - Error obtaining output parameters from metadata: Unsupported feature
2025-07-21 11:11:27.867 - Can't obtain procedure metadata nor jdbc metadata
2025-07-21 11:11:28.551 - SQL Error [909] [42000]: ORA-00909: invalid number of arguments

org.jkiss.dbeaver.model.sql.DBSQLException: SQL Error [909] [42000]: ORA-00909: invalid number of arguments

	at org.jkiss.dbeaver.model.impl.jdbc.exec.JDBCStatementImpl.executeStatement(JDBCStatementImpl.java:130)
	at org.jkiss.dbeaver.ui.editors.sql.execute.SQLQueryJob.executeStatement(SQLQueryJob.java:657)
	at org.jkiss.dbeaver.ui.editors.sql.execute.SQLQueryJob.lambda$2(SQLQueryJob.java:550)
	at org.jkiss.dbeaver.model.exec.DBExecUtils.tryExecuteRecover(DBExecUtils.java:189)
	at org.jkiss.dbeaver.ui.editors.sql.execute.SQLQueryJob.executeSingleQuery(SQLQueryJob.java:569)
	at org.jkiss.dbeaver.ui.editors.sql.execute.SQLQueryJob.extractData(SQLQueryJob.java:1043)
	at org.jkiss.dbeaver.ui.editors.sql.SQLEditor$QueryResultsContainer.readData(SQLEditor.java:4495)
	at org.jkiss.dbeaver.ui.controls.resultset.ResultSetJobDataRead.lambda$0(ResultSetJobDataRead.java:128)
	at org.jkiss.dbeaver.model.exec.DBExecUtils.tryExecuteRecover(DBExecUtils.java:189)
	at org.jkiss.dbeaver.ui.controls.resultset.ResultSetJobDataRead.run(ResultSetJobDataRead.java:126)
	at org.jkiss.dbeaver.ui.controls.resultset.ResultSetViewer$ResultSetDataPumpJob.run(ResultSetViewer.java:5146)
	at org.jkiss.dbeaver.model.runtime.AbstractJob.run(AbstractJob.java:119)
	at org.eclipse.core.internal.jobs.Worker.run(Worker.java:63)
Caused by: java.sql.SQLSyntaxErrorException: ORA-00909: invalid number of arguments

	at oracle.jdbc.driver.T4CTTIoer.processError(T4CTTIoer.java:440)
	at oracle.jdbc.driver.T4CTTIoer.processError(T4CTTIoer.java:396)
	at oracle.jdbc.driver.T4C8Oall.processError(T4C8Oall.java:837)
	at oracle.jdbc.driver.T4CTTIfun.receive(T4CTTIfun.java:445)
	at oracle.jdbc.driver.T4CTTIfun.doRPC(T4CTTIfun.java:191)
	at oracle.jdbc.driver.T4C8Oall.doOALL(T4C8Oall.java:523)
	at oracle.jdbc.driver.T4CStatement.doOall8(T4CStatement.java:193)
	at oracle.jdbc.driver.T4CStatement.executeForDescribe(T4CStatement.java:848)
	at oracle.jdbc.driver.OracleStatement.executeMaybeDescribe(OracleStatement.java:1153)
	at oracle.jdbc.driver.OracleStatement.doExecuteWithTimeout(OracleStatement.java:1275)
	at oracle.jdbc.driver.OracleStatement.executeInternal(OracleStatement.java:1890)
	at oracle.jdbc.driver.OracleStatement.execute(OracleStatement.java:1855)
	at oracle.jdbc.driver.OracleStatementWrapper.execute(OracleStatementWrapper.java:304)
	at org.jkiss.dbeaver.model.impl.jdbc.exec.JDBCStatementImpl.execute(JDBCStatementImpl.java:344)
	at org.jkiss.dbeaver.model.impl.jdbc.exec.JDBCStatementImpl.executeStatement(JDBCStatementImpl.java:128)
	... 12 more
2025-07-21 11:11:28.609 - Error binding callable statement parameters from metadata: Unsupported feature
2025-07-21 11:11:28.609 - Error obtaining output parameters from metadata: Unsupported feature
2025-07-21 11:11:28.609 - Can't obtain procedure metadata nor jdbc metadata
2025-07-21 11:11:49.560 - SQL Error [909] [42000]: ORA-00909: invalid number of arguments

org.jkiss.dbeaver.model.sql.DBSQLException: SQL Error [909] [42000]: ORA-00909: invalid number of arguments

	at org.jkiss.dbeaver.model.impl.jdbc.exec.JDBCStatementImpl.executeStatement(JDBCStatementImpl.java:130)
	at org.jkiss.dbeaver.ui.editors.sql.execute.SQLQueryJob.executeStatement(SQLQueryJob.java:657)
	at org.jkiss.dbeaver.ui.editors.sql.execute.SQLQueryJob.lambda$2(SQLQueryJob.java:550)
	at org.jkiss.dbeaver.model.exec.DBExecUtils.tryExecuteRecover(DBExecUtils.java:189)
	at org.jkiss.dbeaver.ui.editors.sql.execute.SQLQueryJob.executeSingleQuery(SQLQueryJob.java:569)
	at org.jkiss.dbeaver.ui.editors.sql.execute.SQLQueryJob.extractData(SQLQueryJob.java:1043)
	at org.jkiss.dbeaver.ui.editors.sql.SQLEditor$QueryResultsContainer.readData(SQLEditor.java:4495)
	at org.jkiss.dbeaver.ui.controls.resultset.ResultSetJobDataRead.lambda$0(ResultSetJobDataRead.java:128)
	at org.jkiss.dbeaver.model.exec.DBExecUtils.tryExecuteRecover(DBExecUtils.java:189)
	at org.jkiss.dbeaver.ui.controls.resultset.ResultSetJobDataRead.run(ResultSetJobDataRead.java:126)
	at org.jkiss.dbeaver.ui.controls.resultset.ResultSetViewer$ResultSetDataPumpJob.run(ResultSetViewer.java:5146)
	at org.jkiss.dbeaver.model.runtime.AbstractJob.run(AbstractJob.java:119)
	at org.eclipse.core.internal.jobs.Worker.run(Worker.java:63)
Caused by: java.sql.SQLSyntaxErrorException: ORA-00909: invalid number of arguments

	at oracle.jdbc.driver.T4CTTIoer.processError(T4CTTIoer.java:440)
	at oracle.jdbc.driver.T4CTTIoer.processError(T4CTTIoer.java:396)
	at oracle.jdbc.driver.T4C8Oall.processError(T4C8Oall.java:837)
	at oracle.jdbc.driver.T4CTTIfun.receive(T4CTTIfun.java:445)
	at oracle.jdbc.driver.T4CTTIfun.doRPC(T4CTTIfun.java:191)
	at oracle.jdbc.driver.T4C8Oall.doOALL(T4C8Oall.java:523)
	at oracle.jdbc.driver.T4CStatement.doOall8(T4CStatement.java:193)
	at oracle.jdbc.driver.T4CStatement.executeForDescribe(T4CStatement.java:848)
	at oracle.jdbc.driver.OracleStatement.executeMaybeDescribe(OracleStatement.java:1153)
	at oracle.jdbc.driver.OracleStatement.doExecuteWithTimeout(OracleStatement.java:1275)
	at oracle.jdbc.driver.OracleStatement.executeInternal(OracleStatement.java:1890)
	at oracle.jdbc.driver.OracleStatement.execute(OracleStatement.java:1855)
	at oracle.jdbc.driver.OracleStatementWrapper.execute(OracleStatementWrapper.java:304)
	at org.jkiss.dbeaver.model.impl.jdbc.exec.JDBCStatementImpl.execute(JDBCStatementImpl.java:344)
	at org.jkiss.dbeaver.model.impl.jdbc.exec.JDBCStatementImpl.executeStatement(JDBCStatementImpl.java:128)
	... 12 more
2025-07-21 11:11:49.623 - Error binding callable statement parameters from metadata: Unsupported feature
2025-07-21 11:11:49.623 - Error obtaining output parameters from metadata: Unsupported feature
2025-07-21 11:11:49.623 - Can't obtain procedure metadata nor jdbc metadata
2025-07-21 11:11:50.346 - SQL Error [909] [42000]: ORA-00909: invalid number of arguments

org.jkiss.dbeaver.model.sql.DBSQLException: SQL Error [909] [42000]: ORA-00909: invalid number of arguments

	at org.jkiss.dbeaver.model.impl.jdbc.exec.JDBCStatementImpl.executeStatement(JDBCStatementImpl.java:130)
	at org.jkiss.dbeaver.ui.editors.sql.execute.SQLQueryJob.executeStatement(SQLQueryJob.java:657)
	at org.jkiss.dbeaver.ui.editors.sql.execute.SQLQueryJob.lambda$2(SQLQueryJob.java:550)
	at org.jkiss.dbeaver.model.exec.DBExecUtils.tryExecuteRecover(DBExecUtils.java:189)
	at org.jkiss.dbeaver.ui.editors.sql.execute.SQLQueryJob.executeSingleQuery(SQLQueryJob.java:569)
	at org.jkiss.dbeaver.ui.editors.sql.execute.SQLQueryJob.extractData(SQLQueryJob.java:1043)
	at org.jkiss.dbeaver.ui.editors.sql.SQLEditor$QueryResultsContainer.readData(SQLEditor.java:4495)
	at org.jkiss.dbeaver.ui.controls.resultset.ResultSetJobDataRead.lambda$0(ResultSetJobDataRead.java:128)
	at org.jkiss.dbeaver.model.exec.DBExecUtils.tryExecuteRecover(DBExecUtils.java:189)
	at org.jkiss.dbeaver.ui.controls.resultset.ResultSetJobDataRead.run(ResultSetJobDataRead.java:126)
	at org.jkiss.dbeaver.ui.controls.resultset.ResultSetViewer$ResultSetDataPumpJob.run(ResultSetViewer.java:5146)
	at org.jkiss.dbeaver.model.runtime.AbstractJob.run(AbstractJob.java:119)
	at org.eclipse.core.internal.jobs.Worker.run(Worker.java:63)
Caused by: java.sql.SQLSyntaxErrorException: ORA-00909: invalid number of arguments

	at oracle.jdbc.driver.T4CTTIoer.processError(T4CTTIoer.java:440)
	at oracle.jdbc.driver.T4CTTIoer.processError(T4CTTIoer.java:396)
	at oracle.jdbc.driver.T4C8Oall.processError(T4C8Oall.java:837)
	at oracle.jdbc.driver.T4CTTIfun.receive(T4CTTIfun.java:445)
	at oracle.jdbc.driver.T4CTTIfun.doRPC(T4CTTIfun.java:191)
	at oracle.jdbc.driver.T4C8Oall.doOALL(T4C8Oall.java:523)
	at oracle.jdbc.driver.T4CStatement.doOall8(T4CStatement.java:193)
	at oracle.jdbc.driver.T4CStatement.executeForDescribe(T4CStatement.java:848)
	at oracle.jdbc.driver.OracleStatement.executeMaybeDescribe(OracleStatement.java:1153)
	at oracle.jdbc.driver.OracleStatement.doExecuteWithTimeout(OracleStatement.java:1275)
	at oracle.jdbc.driver.OracleStatement.executeInternal(OracleStatement.java:1890)
	at oracle.jdbc.driver.OracleStatement.execute(OracleStatement.java:1855)
	at oracle.jdbc.driver.OracleStatementWrapper.execute(OracleStatementWrapper.java:304)
	at org.jkiss.dbeaver.model.impl.jdbc.exec.JDBCStatementImpl.execute(JDBCStatementImpl.java:344)
	at org.jkiss.dbeaver.model.impl.jdbc.exec.JDBCStatementImpl.executeStatement(JDBCStatementImpl.java:128)
	... 12 more
2025-07-21 11:11:50.403 - Error binding callable statement parameters from metadata: Unsupported feature
2025-07-21 11:11:50.403 - Error obtaining output parameters from metadata: Unsupported feature
2025-07-21 11:11:50.403 - Can't obtain procedure metadata nor jdbc metadata
2025-07-21 11:11:50.762 - SQL Error [909] [42000]: ORA-00909: invalid number of arguments

org.jkiss.dbeaver.model.sql.DBSQLException: SQL Error [909] [42000]: ORA-00909: invalid number of arguments

	at org.jkiss.dbeaver.model.impl.jdbc.exec.JDBCStatementImpl.executeStatement(JDBCStatementImpl.java:130)
	at org.jkiss.dbeaver.ui.editors.sql.execute.SQLQueryJob.executeStatement(SQLQueryJob.java:657)
	at org.jkiss.dbeaver.ui.editors.sql.execute.SQLQueryJob.lambda$2(SQLQueryJob.java:550)
	at org.jkiss.dbeaver.model.exec.DBExecUtils.tryExecuteRecover(DBExecUtils.java:189)
	at org.jkiss.dbeaver.ui.editors.sql.execute.SQLQueryJob.executeSingleQuery(SQLQueryJob.java:569)
	at org.jkiss.dbeaver.ui.editors.sql.execute.SQLQueryJob.extractData(SQLQueryJob.java:1043)
	at org.jkiss.dbeaver.ui.editors.sql.SQLEditor$QueryResultsContainer.readData(SQLEditor.java:4495)
	at org.jkiss.dbeaver.ui.controls.resultset.ResultSetJobDataRead.lambda$0(ResultSetJobDataRead.java:128)
	at org.jkiss.dbeaver.model.exec.DBExecUtils.tryExecuteRecover(DBExecUtils.java:189)
	at org.jkiss.dbeaver.ui.controls.resultset.ResultSetJobDataRead.run(ResultSetJobDataRead.java:126)
	at org.jkiss.dbeaver.ui.controls.resultset.ResultSetViewer$ResultSetDataPumpJob.run(ResultSetViewer.java:5146)
	at org.jkiss.dbeaver.model.runtime.AbstractJob.run(AbstractJob.java:119)
	at org.eclipse.core.internal.jobs.Worker.run(Worker.java:63)
Caused by: java.sql.SQLSyntaxErrorException: ORA-00909: invalid number of arguments

	at oracle.jdbc.driver.T4CTTIoer.processError(T4CTTIoer.java:440)
	at oracle.jdbc.driver.T4CTTIoer.processError(T4CTTIoer.java:396)
	at oracle.jdbc.driver.T4C8Oall.processError(T4C8Oall.java:837)
	at oracle.jdbc.driver.T4CTTIfun.receive(T4CTTIfun.java:445)
	at oracle.jdbc.driver.T4CTTIfun.doRPC(T4CTTIfun.java:191)
	at oracle.jdbc.driver.T4C8Oall.doOALL(T4C8Oall.java:523)
	at oracle.jdbc.driver.T4CStatement.doOall8(T4CStatement.java:193)
	at oracle.jdbc.driver.T4CStatement.executeForDescribe(T4CStatement.java:848)
	at oracle.jdbc.driver.OracleStatement.executeMaybeDescribe(OracleStatement.java:1153)
	at oracle.jdbc.driver.OracleStatement.doExecuteWithTimeout(OracleStatement.java:1275)
	at oracle.jdbc.driver.OracleStatement.executeInternal(OracleStatement.java:1890)
	at oracle.jdbc.driver.OracleStatement.execute(OracleStatement.java:1855)
	at oracle.jdbc.driver.OracleStatementWrapper.execute(OracleStatementWrapper.java:304)
	at org.jkiss.dbeaver.model.impl.jdbc.exec.JDBCStatementImpl.execute(JDBCStatementImpl.java:344)
	at org.jkiss.dbeaver.model.impl.jdbc.exec.JDBCStatementImpl.executeStatement(JDBCStatementImpl.java:128)
	... 12 more
2025-07-21 11:11:50.820 - Error binding callable statement parameters from metadata: Unsupported feature
2025-07-21 11:11:50.820 - Error obtaining output parameters from metadata: Unsupported feature
2025-07-21 11:11:50.820 - Can't obtain procedure metadata nor jdbc metadata
2025-07-21 11:11:51.155 - SQL Error [909] [42000]: ORA-00909: invalid number of arguments

org.jkiss.dbeaver.model.sql.DBSQLException: SQL Error [909] [42000]: ORA-00909: invalid number of arguments

	at org.jkiss.dbeaver.model.impl.jdbc.exec.JDBCStatementImpl.executeStatement(JDBCStatementImpl.java:130)
	at org.jkiss.dbeaver.ui.editors.sql.execute.SQLQueryJob.executeStatement(SQLQueryJob.java:657)
	at org.jkiss.dbeaver.ui.editors.sql.execute.SQLQueryJob.lambda$2(SQLQueryJob.java:550)
	at org.jkiss.dbeaver.model.exec.DBExecUtils.tryExecuteRecover(DBExecUtils.java:189)
	at org.jkiss.dbeaver.ui.editors.sql.execute.SQLQueryJob.executeSingleQuery(SQLQueryJob.java:569)
	at org.jkiss.dbeaver.ui.editors.sql.execute.SQLQueryJob.extractData(SQLQueryJob.java:1043)
	at org.jkiss.dbeaver.ui.editors.sql.SQLEditor$QueryResultsContainer.readData(SQLEditor.java:4495)
	at org.jkiss.dbeaver.ui.controls.resultset.ResultSetJobDataRead.lambda$0(ResultSetJobDataRead.java:128)
	at org.jkiss.dbeaver.model.exec.DBExecUtils.tryExecuteRecover(DBExecUtils.java:189)
	at org.jkiss.dbeaver.ui.controls.resultset.ResultSetJobDataRead.run(ResultSetJobDataRead.java:126)
	at org.jkiss.dbeaver.ui.controls.resultset.ResultSetViewer$ResultSetDataPumpJob.run(ResultSetViewer.java:5146)
	at org.jkiss.dbeaver.model.runtime.AbstractJob.run(AbstractJob.java:119)
	at org.eclipse.core.internal.jobs.Worker.run(Worker.java:63)
Caused by: java.sql.SQLSyntaxErrorException: ORA-00909: invalid number of arguments

	at oracle.jdbc.driver.T4CTTIoer.processError(T4CTTIoer.java:440)
	at oracle.jdbc.driver.T4CTTIoer.processError(T4CTTIoer.java:396)
	at oracle.jdbc.driver.T4C8Oall.processError(T4C8Oall.java:837)
	at oracle.jdbc.driver.T4CTTIfun.receive(T4CTTIfun.java:445)
	at oracle.jdbc.driver.T4CTTIfun.doRPC(T4CTTIfun.java:191)
	at oracle.jdbc.driver.T4C8Oall.doOALL(T4C8Oall.java:523)
	at oracle.jdbc.driver.T4CStatement.doOall8(T4CStatement.java:193)
	at oracle.jdbc.driver.T4CStatement.executeForDescribe(T4CStatement.java:848)
	at oracle.jdbc.driver.OracleStatement.executeMaybeDescribe(OracleStatement.java:1153)
	at oracle.jdbc.driver.OracleStatement.doExecuteWithTimeout(OracleStatement.java:1275)
	at oracle.jdbc.driver.OracleStatement.executeInternal(OracleStatement.java:1890)
	at oracle.jdbc.driver.OracleStatement.execute(OracleStatement.java:1855)
	at oracle.jdbc.driver.OracleStatementWrapper.execute(OracleStatementWrapper.java:304)
	at org.jkiss.dbeaver.model.impl.jdbc.exec.JDBCStatementImpl.execute(JDBCStatementImpl.java:344)
	at org.jkiss.dbeaver.model.impl.jdbc.exec.JDBCStatementImpl.executeStatement(JDBCStatementImpl.java:128)
	... 12 more
2025-07-21 11:11:51.212 - Error binding callable statement parameters from metadata: Unsupported feature
2025-07-21 11:11:51.212 - Error obtaining output parameters from metadata: Unsupported feature
2025-07-21 11:11:51.212 - Can't obtain procedure metadata nor jdbc metadata
2025-07-21 11:11:51.504 - SQL Error [909] [42000]: ORA-00909: invalid number of arguments

org.jkiss.dbeaver.model.sql.DBSQLException: SQL Error [909] [42000]: ORA-00909: invalid number of arguments

	at org.jkiss.dbeaver.model.impl.jdbc.exec.JDBCStatementImpl.executeStatement(JDBCStatementImpl.java:130)
	at org.jkiss.dbeaver.ui.editors.sql.execute.SQLQueryJob.executeStatement(SQLQueryJob.java:657)
	at org.jkiss.dbeaver.ui.editors.sql.execute.SQLQueryJob.lambda$2(SQLQueryJob.java:550)
	at org.jkiss.dbeaver.model.exec.DBExecUtils.tryExecuteRecover(DBExecUtils.java:189)
	at org.jkiss.dbeaver.ui.editors.sql.execute.SQLQueryJob.executeSingleQuery(SQLQueryJob.java:569)
	at org.jkiss.dbeaver.ui.editors.sql.execute.SQLQueryJob.extractData(SQLQueryJob.java:1043)
	at org.jkiss.dbeaver.ui.editors.sql.SQLEditor$QueryResultsContainer.readData(SQLEditor.java:4495)
	at org.jkiss.dbeaver.ui.controls.resultset.ResultSetJobDataRead.lambda$0(ResultSetJobDataRead.java:128)
	at org.jkiss.dbeaver.model.exec.DBExecUtils.tryExecuteRecover(DBExecUtils.java:189)
	at org.jkiss.dbeaver.ui.controls.resultset.ResultSetJobDataRead.run(ResultSetJobDataRead.java:126)
	at org.jkiss.dbeaver.ui.controls.resultset.ResultSetViewer$ResultSetDataPumpJob.run(ResultSetViewer.java:5146)
	at org.jkiss.dbeaver.model.runtime.AbstractJob.run(AbstractJob.java:119)
	at org.eclipse.core.internal.jobs.Worker.run(Worker.java:63)
Caused by: java.sql.SQLSyntaxErrorException: ORA-00909: invalid number of arguments

	at oracle.jdbc.driver.T4CTTIoer.processError(T4CTTIoer.java:440)
	at oracle.jdbc.driver.T4CTTIoer.processError(T4CTTIoer.java:396)
	at oracle.jdbc.driver.T4C8Oall.processError(T4C8Oall.java:837)
	at oracle.jdbc.driver.T4CTTIfun.receive(T4CTTIfun.java:445)
	at oracle.jdbc.driver.T4CTTIfun.doRPC(T4CTTIfun.java:191)
	at oracle.jdbc.driver.T4C8Oall.doOALL(T4C8Oall.java:523)
	at oracle.jdbc.driver.T4CStatement.doOall8(T4CStatement.java:193)
	at oracle.jdbc.driver.T4CStatement.executeForDescribe(T4CStatement.java:848)
	at oracle.jdbc.driver.OracleStatement.executeMaybeDescribe(OracleStatement.java:1153)
	at oracle.jdbc.driver.OracleStatement.doExecuteWithTimeout(OracleStatement.java:1275)
	at oracle.jdbc.driver.OracleStatement.executeInternal(OracleStatement.java:1890)
	at oracle.jdbc.driver.OracleStatement.execute(OracleStatement.java:1855)
	at oracle.jdbc.driver.OracleStatementWrapper.execute(OracleStatementWrapper.java:304)
	at org.jkiss.dbeaver.model.impl.jdbc.exec.JDBCStatementImpl.execute(JDBCStatementImpl.java:344)
	at org.jkiss.dbeaver.model.impl.jdbc.exec.JDBCStatementImpl.executeStatement(JDBCStatementImpl.java:128)
	... 12 more
2025-07-21 11:11:51.561 - Error binding callable statement parameters from metadata: Unsupported feature
2025-07-21 11:11:51.562 - Error obtaining output parameters from metadata: Unsupported feature
2025-07-21 11:11:51.562 - Can't obtain procedure metadata nor jdbc metadata
2025-07-21 11:11:52.017 - SQL Error [909] [42000]: ORA-00909: invalid number of arguments

org.jkiss.dbeaver.model.sql.DBSQLException: SQL Error [909] [42000]: ORA-00909: invalid number of arguments

	at org.jkiss.dbeaver.model.impl.jdbc.exec.JDBCStatementImpl.executeStatement(JDBCStatementImpl.java:130)
	at org.jkiss.dbeaver.ui.editors.sql.execute.SQLQueryJob.executeStatement(SQLQueryJob.java:657)
	at org.jkiss.dbeaver.ui.editors.sql.execute.SQLQueryJob.lambda$2(SQLQueryJob.java:550)
	at org.jkiss.dbeaver.model.exec.DBExecUtils.tryExecuteRecover(DBExecUtils.java:189)
	at org.jkiss.dbeaver.ui.editors.sql.execute.SQLQueryJob.executeSingleQuery(SQLQueryJob.java:569)
	at org.jkiss.dbeaver.ui.editors.sql.execute.SQLQueryJob.extractData(SQLQueryJob.java:1043)
	at org.jkiss.dbeaver.ui.editors.sql.SQLEditor$QueryResultsContainer.readData(SQLEditor.java:4495)
	at org.jkiss.dbeaver.ui.controls.resultset.ResultSetJobDataRead.lambda$0(ResultSetJobDataRead.java:128)
	at org.jkiss.dbeaver.model.exec.DBExecUtils.tryExecuteRecover(DBExecUtils.java:189)
	at org.jkiss.dbeaver.ui.controls.resultset.ResultSetJobDataRead.run(ResultSetJobDataRead.java:126)
	at org.jkiss.dbeaver.ui.controls.resultset.ResultSetViewer$ResultSetDataPumpJob.run(ResultSetViewer.java:5146)
	at org.jkiss.dbeaver.model.runtime.AbstractJob.run(AbstractJob.java:119)
	at org.eclipse.core.internal.jobs.Worker.run(Worker.java:63)
Caused by: java.sql.SQLSyntaxErrorException: ORA-00909: invalid number of arguments

	at oracle.jdbc.driver.T4CTTIoer.processError(T4CTTIoer.java:440)
	at oracle.jdbc.driver.T4CTTIoer.processError(T4CTTIoer.java:396)
	at oracle.jdbc.driver.T4C8Oall.processError(T4C8Oall.java:837)
	at oracle.jdbc.driver.T4CTTIfun.receive(T4CTTIfun.java:445)
	at oracle.jdbc.driver.T4CTTIfun.doRPC(T4CTTIfun.java:191)
	at oracle.jdbc.driver.T4C8Oall.doOALL(T4C8Oall.java:523)
	at oracle.jdbc.driver.T4CStatement.doOall8(T4CStatement.java:193)
	at oracle.jdbc.driver.T4CStatement.executeForDescribe(T4CStatement.java:848)
	at oracle.jdbc.driver.OracleStatement.executeMaybeDescribe(OracleStatement.java:1153)
	at oracle.jdbc.driver.OracleStatement.doExecuteWithTimeout(OracleStatement.java:1275)
	at oracle.jdbc.driver.OracleStatement.executeInternal(OracleStatement.java:1890)
	at oracle.jdbc.driver.OracleStatement.execute(OracleStatement.java:1855)
	at oracle.jdbc.driver.OracleStatementWrapper.execute(OracleStatementWrapper.java:304)
	at org.jkiss.dbeaver.model.impl.jdbc.exec.JDBCStatementImpl.execute(JDBCStatementImpl.java:344)
	at org.jkiss.dbeaver.model.impl.jdbc.exec.JDBCStatementImpl.executeStatement(JDBCStatementImpl.java:128)
	... 12 more
2025-07-21 11:11:52.075 - Error binding callable statement parameters from metadata: Unsupported feature
2025-07-21 11:11:52.075 - Error obtaining output parameters from metadata: Unsupported feature
2025-07-21 11:11:52.075 - Can't obtain procedure metadata nor jdbc metadata
2025-07-21 11:13:02.486 - SQL Error [909] [42000]: ORA-00909: invalid number of arguments

org.jkiss.dbeaver.model.sql.DBSQLException: SQL Error [909] [42000]: ORA-00909: invalid number of arguments

	at org.jkiss.dbeaver.model.impl.jdbc.exec.JDBCStatementImpl.executeStatement(JDBCStatementImpl.java:130)
	at org.jkiss.dbeaver.ui.editors.sql.execute.SQLQueryJob.executeStatement(SQLQueryJob.java:657)
	at org.jkiss.dbeaver.ui.editors.sql.execute.SQLQueryJob.lambda$2(SQLQueryJob.java:550)
	at org.jkiss.dbeaver.model.exec.DBExecUtils.tryExecuteRecover(DBExecUtils.java:189)
	at org.jkiss.dbeaver.ui.editors.sql.execute.SQLQueryJob.executeSingleQuery(SQLQueryJob.java:569)
	at org.jkiss.dbeaver.ui.editors.sql.execute.SQLQueryJob.extractData(SQLQueryJob.java:1043)
	at org.jkiss.dbeaver.ui.editors.sql.SQLEditor$QueryResultsContainer.readData(SQLEditor.java:4495)
	at org.jkiss.dbeaver.ui.controls.resultset.ResultSetJobDataRead.lambda$0(ResultSetJobDataRead.java:128)
	at org.jkiss.dbeaver.model.exec.DBExecUtils.tryExecuteRecover(DBExecUtils.java:189)
	at org.jkiss.dbeaver.ui.controls.resultset.ResultSetJobDataRead.run(ResultSetJobDataRead.java:126)
	at org.jkiss.dbeaver.ui.controls.resultset.ResultSetViewer$ResultSetDataPumpJob.run(ResultSetViewer.java:5146)
	at org.jkiss.dbeaver.model.runtime.AbstractJob.run(AbstractJob.java:119)
	at org.eclipse.core.internal.jobs.Worker.run(Worker.java:63)
Caused by: java.sql.SQLSyntaxErrorException: ORA-00909: invalid number of arguments

	at oracle.jdbc.driver.T4CTTIoer.processError(T4CTTIoer.java:440)
	at oracle.jdbc.driver.T4CTTIoer.processError(T4CTTIoer.java:396)
	at oracle.jdbc.driver.T4C8Oall.processError(T4C8Oall.java:837)
	at oracle.jdbc.driver.T4CTTIfun.receive(T4CTTIfun.java:445)
	at oracle.jdbc.driver.T4CTTIfun.doRPC(T4CTTIfun.java:191)
	at oracle.jdbc.driver.T4C8Oall.doOALL(T4C8Oall.java:523)
	at oracle.jdbc.driver.T4CStatement.doOall8(T4CStatement.java:193)
	at oracle.jdbc.driver.T4CStatement.executeForDescribe(T4CStatement.java:848)
	at oracle.jdbc.driver.OracleStatement.executeMaybeDescribe(OracleStatement.java:1153)
	at oracle.jdbc.driver.OracleStatement.doExecuteWithTimeout(OracleStatement.java:1275)
	at oracle.jdbc.driver.OracleStatement.executeInternal(OracleStatement.java:1890)
	at oracle.jdbc.driver.OracleStatement.execute(OracleStatement.java:1855)
	at oracle.jdbc.driver.OracleStatementWrapper.execute(OracleStatementWrapper.java:304)
	at org.jkiss.dbeaver.model.impl.jdbc.exec.JDBCStatementImpl.execute(JDBCStatementImpl.java:344)
	at org.jkiss.dbeaver.model.impl.jdbc.exec.JDBCStatementImpl.executeStatement(JDBCStatementImpl.java:128)
	... 12 more
2025-07-21 11:13:02.545 - Error binding callable statement parameters from metadata: Unsupported feature
2025-07-21 11:13:02.545 - Error obtaining output parameters from metadata: Unsupported feature
2025-07-21 11:13:02.545 - Can't obtain procedure metadata nor jdbc metadata
2025-07-21 11:13:36.875 - SQL Error [979] [42000]: ORA-00979: not a GROUP BY expression

org.jkiss.dbeaver.model.sql.DBSQLException: SQL Error [979] [42000]: ORA-00979: not a GROUP BY expression

	at org.jkiss.dbeaver.model.impl.jdbc.exec.JDBCStatementImpl.executeStatement(JDBCStatementImpl.java:130)
	at org.jkiss.dbeaver.ui.editors.sql.execute.SQLQueryJob.executeStatement(SQLQueryJob.java:657)
	at org.jkiss.dbeaver.ui.editors.sql.execute.SQLQueryJob.lambda$2(SQLQueryJob.java:550)
	at org.jkiss.dbeaver.model.exec.DBExecUtils.tryExecuteRecover(DBExecUtils.java:189)
	at org.jkiss.dbeaver.ui.editors.sql.execute.SQLQueryJob.executeSingleQuery(SQLQueryJob.java:569)
	at org.jkiss.dbeaver.ui.editors.sql.execute.SQLQueryJob.extractData(SQLQueryJob.java:1043)
	at org.jkiss.dbeaver.ui.editors.sql.SQLEditor$QueryResultsContainer.readData(SQLEditor.java:4495)
	at org.jkiss.dbeaver.ui.controls.resultset.ResultSetJobDataRead.lambda$0(ResultSetJobDataRead.java:128)
	at org.jkiss.dbeaver.model.exec.DBExecUtils.tryExecuteRecover(DBExecUtils.java:189)
	at org.jkiss.dbeaver.ui.controls.resultset.ResultSetJobDataRead.run(ResultSetJobDataRead.java:126)
	at org.jkiss.dbeaver.ui.controls.resultset.ResultSetViewer$ResultSetDataPumpJob.run(ResultSetViewer.java:5146)
	at org.jkiss.dbeaver.model.runtime.AbstractJob.run(AbstractJob.java:119)
	at org.eclipse.core.internal.jobs.Worker.run(Worker.java:63)
Caused by: java.sql.SQLSyntaxErrorException: ORA-00979: not a GROUP BY expression

	at oracle.jdbc.driver.T4CTTIoer.processError(T4CTTIoer.java:440)
	at oracle.jdbc.driver.T4CTTIoer.processError(T4CTTIoer.java:396)
	at oracle.jdbc.driver.T4C8Oall.processError(T4C8Oall.java:837)
	at oracle.jdbc.driver.T4CTTIfun.receive(T4CTTIfun.java:445)
	at oracle.jdbc.driver.T4CTTIfun.doRPC(T4CTTIfun.java:191)
	at oracle.jdbc.driver.T4C8Oall.doOALL(T4C8Oall.java:523)
	at oracle.jdbc.driver.T4CStatement.doOall8(T4CStatement.java:193)
	at oracle.jdbc.driver.T4CStatement.executeForDescribe(T4CStatement.java:848)
	at oracle.jdbc.driver.OracleStatement.executeMaybeDescribe(OracleStatement.java:1153)
	at oracle.jdbc.driver.OracleStatement.doExecuteWithTimeout(OracleStatement.java:1275)
	at oracle.jdbc.driver.OracleStatement.executeInternal(OracleStatement.java:1890)
	at oracle.jdbc.driver.OracleStatement.execute(OracleStatement.java:1855)
	at oracle.jdbc.driver.OracleStatementWrapper.execute(OracleStatementWrapper.java:304)
	at org.jkiss.dbeaver.model.impl.jdbc.exec.JDBCStatementImpl.execute(JDBCStatementImpl.java:344)
	at org.jkiss.dbeaver.model.impl.jdbc.exec.JDBCStatementImpl.executeStatement(JDBCStatementImpl.java:128)
	... 12 more
2025-07-21 11:13:36.935 - Error binding callable statement parameters from metadata: Unsupported feature
2025-07-21 11:13:36.935 - Error obtaining output parameters from metadata: Unsupported feature
2025-07-21 11:13:36.935 - Can't obtain procedure metadata nor jdbc metadata
2025-07-21 11:17:03.344 - SQL Error [979] [42000]: ORA-00979: not a GROUP BY expression

org.jkiss.dbeaver.model.sql.DBSQLException: SQL Error [979] [42000]: ORA-00979: not a GROUP BY expression

	at org.jkiss.dbeaver.model.impl.jdbc.exec.JDBCStatementImpl.executeStatement(JDBCStatementImpl.java:130)
	at org.jkiss.dbeaver.ui.editors.sql.execute.SQLQueryJob.executeStatement(SQLQueryJob.java:657)
	at org.jkiss.dbeaver.ui.editors.sql.execute.SQLQueryJob.lambda$2(SQLQueryJob.java:550)
	at org.jkiss.dbeaver.model.exec.DBExecUtils.tryExecuteRecover(DBExecUtils.java:189)
	at org.jkiss.dbeaver.ui.editors.sql.execute.SQLQueryJob.executeSingleQuery(SQLQueryJob.java:569)
	at org.jkiss.dbeaver.ui.editors.sql.execute.SQLQueryJob.extractData(SQLQueryJob.java:1043)
	at org.jkiss.dbeaver.ui.editors.sql.SQLEditor$QueryResultsContainer.readData(SQLEditor.java:4495)
	at org.jkiss.dbeaver.ui.controls.resultset.ResultSetJobDataRead.lambda$0(ResultSetJobDataRead.java:128)
	at org.jkiss.dbeaver.model.exec.DBExecUtils.tryExecuteRecover(DBExecUtils.java:189)
	at org.jkiss.dbeaver.ui.controls.resultset.ResultSetJobDataRead.run(ResultSetJobDataRead.java:126)
	at org.jkiss.dbeaver.ui.controls.resultset.ResultSetViewer$ResultSetDataPumpJob.run(ResultSetViewer.java:5146)
	at org.jkiss.dbeaver.model.runtime.AbstractJob.run(AbstractJob.java:119)
	at org.eclipse.core.internal.jobs.Worker.run(Worker.java:63)
Caused by: java.sql.SQLSyntaxErrorException: ORA-00979: not a GROUP BY expression

	at oracle.jdbc.driver.T4CTTIoer.processError(T4CTTIoer.java:440)
	at oracle.jdbc.driver.T4CTTIoer.processError(T4CTTIoer.java:396)
	at oracle.jdbc.driver.T4C8Oall.processError(T4C8Oall.java:837)
	at oracle.jdbc.driver.T4CTTIfun.receive(T4CTTIfun.java:445)
	at oracle.jdbc.driver.T4CTTIfun.doRPC(T4CTTIfun.java:191)
	at oracle.jdbc.driver.T4C8Oall.doOALL(T4C8Oall.java:523)
	at oracle.jdbc.driver.T4CStatement.doOall8(T4CStatement.java:193)
	at oracle.jdbc.driver.T4CStatement.executeForDescribe(T4CStatement.java:848)
	at oracle.jdbc.driver.OracleStatement.executeMaybeDescribe(OracleStatement.java:1153)
	at oracle.jdbc.driver.OracleStatement.doExecuteWithTimeout(OracleStatement.java:1275)
	at oracle.jdbc.driver.OracleStatement.executeInternal(OracleStatement.java:1890)
	at oracle.jdbc.driver.OracleStatement.execute(OracleStatement.java:1855)
	at oracle.jdbc.driver.OracleStatementWrapper.execute(OracleStatementWrapper.java:304)
	at org.jkiss.dbeaver.model.impl.jdbc.exec.JDBCStatementImpl.execute(JDBCStatementImpl.java:344)
	at org.jkiss.dbeaver.model.impl.jdbc.exec.JDBCStatementImpl.executeStatement(JDBCStatementImpl.java:128)
	... 12 more
2025-07-21 11:17:03.407 - Error binding callable statement parameters from metadata: Unsupported feature
2025-07-21 11:17:03.407 - Error obtaining output parameters from metadata: Unsupported feature
2025-07-21 11:17:03.407 - Can't obtain procedure metadata nor jdbc metadata
2025-07-21 11:21:44.665 - SQL Error [904] [42000]: ORA-00904: "HOB_ID": invalid identifier

org.jkiss.dbeaver.model.sql.DBSQLException: SQL Error [904] [42000]: ORA-00904: "HOB_ID": invalid identifier

	at org.jkiss.dbeaver.model.impl.jdbc.exec.JDBCStatementImpl.executeStatement(JDBCStatementImpl.java:130)
	at org.jkiss.dbeaver.ui.editors.sql.execute.SQLQueryJob.executeStatement(SQLQueryJob.java:657)
	at org.jkiss.dbeaver.ui.editors.sql.execute.SQLQueryJob.lambda$2(SQLQueryJob.java:550)
	at org.jkiss.dbeaver.model.exec.DBExecUtils.tryExecuteRecover(DBExecUtils.java:189)
	at org.jkiss.dbeaver.ui.editors.sql.execute.SQLQueryJob.executeSingleQuery(SQLQueryJob.java:569)
	at org.jkiss.dbeaver.ui.editors.sql.execute.SQLQueryJob.extractData(SQLQueryJob.java:1043)
	at org.jkiss.dbeaver.ui.editors.sql.SQLEditor$QueryResultsContainer.readData(SQLEditor.java:4495)
	at org.jkiss.dbeaver.ui.controls.resultset.ResultSetJobDataRead.lambda$0(ResultSetJobDataRead.java:128)
	at org.jkiss.dbeaver.model.exec.DBExecUtils.tryExecuteRecover(DBExecUtils.java:189)
	at org.jkiss.dbeaver.ui.controls.resultset.ResultSetJobDataRead.run(ResultSetJobDataRead.java:126)
	at org.jkiss.dbeaver.ui.controls.resultset.ResultSetViewer$ResultSetDataPumpJob.run(ResultSetViewer.java:5146)
	at org.jkiss.dbeaver.model.runtime.AbstractJob.run(AbstractJob.java:119)
	at org.eclipse.core.internal.jobs.Worker.run(Worker.java:63)
Caused by: java.sql.SQLSyntaxErrorException: ORA-00904: "HOB_ID": invalid identifier

	at oracle.jdbc.driver.T4CTTIoer.processError(T4CTTIoer.java:440)
	at oracle.jdbc.driver.T4CTTIoer.processError(T4CTTIoer.java:396)
	at oracle.jdbc.driver.T4C8Oall.processError(T4C8Oall.java:837)
	at oracle.jdbc.driver.T4CTTIfun.receive(T4CTTIfun.java:445)
	at oracle.jdbc.driver.T4CTTIfun.doRPC(T4CTTIfun.java:191)
	at oracle.jdbc.driver.T4C8Oall.doOALL(T4C8Oall.java:523)
	at oracle.jdbc.driver.T4CStatement.doOall8(T4CStatement.java:193)
	at oracle.jdbc.driver.T4CStatement.executeForDescribe(T4CStatement.java:848)
	at oracle.jdbc.driver.OracleStatement.executeMaybeDescribe(OracleStatement.java:1153)
	at oracle.jdbc.driver.OracleStatement.doExecuteWithTimeout(OracleStatement.java:1275)
	at oracle.jdbc.driver.OracleStatement.executeInternal(OracleStatement.java:1890)
	at oracle.jdbc.driver.OracleStatement.execute(OracleStatement.java:1855)
	at oracle.jdbc.driver.OracleStatementWrapper.execute(OracleStatementWrapper.java:304)
	at org.jkiss.dbeaver.model.impl.jdbc.exec.JDBCStatementImpl.execute(JDBCStatementImpl.java:344)
	at org.jkiss.dbeaver.model.impl.jdbc.exec.JDBCStatementImpl.executeStatement(JDBCStatementImpl.java:128)
	... 12 more
2025-07-21 11:21:44.723 - Error binding callable statement parameters from metadata: Unsupported feature
2025-07-21 11:21:44.723 - Error obtaining output parameters from metadata: Unsupported feature
2025-07-21 11:21:44.723 - Can't obtain procedure metadata nor jdbc metadata
2025-07-21 11:23:38.551 - SQL Error [904] [42000]: ORA-00904: "MF": invalid identifier

org.jkiss.dbeaver.model.sql.DBSQLException: SQL Error [904] [42000]: ORA-00904: "MF": invalid identifier

	at org.jkiss.dbeaver.model.impl.jdbc.exec.JDBCStatementImpl.executeStatement(JDBCStatementImpl.java:130)
	at org.jkiss.dbeaver.ui.editors.sql.execute.SQLQueryJob.executeStatement(SQLQueryJob.java:657)
	at org.jkiss.dbeaver.ui.editors.sql.execute.SQLQueryJob.lambda$2(SQLQueryJob.java:550)
	at org.jkiss.dbeaver.model.exec.DBExecUtils.tryExecuteRecover(DBExecUtils.java:189)
	at org.jkiss.dbeaver.ui.editors.sql.execute.SQLQueryJob.executeSingleQuery(SQLQueryJob.java:569)
	at org.jkiss.dbeaver.ui.editors.sql.execute.SQLQueryJob.extractData(SQLQueryJob.java:1043)
	at org.jkiss.dbeaver.ui.editors.sql.SQLEditor$QueryResultsContainer.readData(SQLEditor.java:4495)
	at org.jkiss.dbeaver.ui.controls.resultset.ResultSetJobDataRead.lambda$0(ResultSetJobDataRead.java:128)
	at org.jkiss.dbeaver.model.exec.DBExecUtils.tryExecuteRecover(DBExecUtils.java:189)
	at org.jkiss.dbeaver.ui.controls.resultset.ResultSetJobDataRead.run(ResultSetJobDataRead.java:126)
	at org.jkiss.dbeaver.ui.controls.resultset.ResultSetViewer$ResultSetDataPumpJob.run(ResultSetViewer.java:5146)
	at org.jkiss.dbeaver.model.runtime.AbstractJob.run(AbstractJob.java:119)
	at org.eclipse.core.internal.jobs.Worker.run(Worker.java:63)
Caused by: java.sql.SQLSyntaxErrorException: ORA-00904: "MF": invalid identifier

	at oracle.jdbc.driver.T4CTTIoer.processError(T4CTTIoer.java:440)
	at oracle.jdbc.driver.T4CTTIoer.processError(T4CTTIoer.java:396)
	at oracle.jdbc.driver.T4C8Oall.processError(T4C8Oall.java:837)
	at oracle.jdbc.driver.T4CTTIfun.receive(T4CTTIfun.java:445)
	at oracle.jdbc.driver.T4CTTIfun.doRPC(T4CTTIfun.java:191)
	at oracle.jdbc.driver.T4C8Oall.doOALL(T4C8Oall.java:523)
	at oracle.jdbc.driver.T4CStatement.doOall8(T4CStatement.java:193)
	at oracle.jdbc.driver.T4CStatement.executeForDescribe(T4CStatement.java:848)
	at oracle.jdbc.driver.OracleStatement.executeMaybeDescribe(OracleStatement.java:1153)
	at oracle.jdbc.driver.OracleStatement.doExecuteWithTimeout(OracleStatement.java:1275)
	at oracle.jdbc.driver.OracleStatement.executeInternal(OracleStatement.java:1890)
	at oracle.jdbc.driver.OracleStatement.execute(OracleStatement.java:1855)
	at oracle.jdbc.driver.OracleStatementWrapper.execute(OracleStatementWrapper.java:304)
	at org.jkiss.dbeaver.model.impl.jdbc.exec.JDBCStatementImpl.execute(JDBCStatementImpl.java:344)
	at org.jkiss.dbeaver.model.impl.jdbc.exec.JDBCStatementImpl.executeStatement(JDBCStatementImpl.java:128)
	... 12 more
2025-07-21 11:23:38.668 - Error binding callable statement parameters from metadata: Unsupported feature
2025-07-21 11:23:38.668 - Error obtaining output parameters from metadata: Unsupported feature
2025-07-21 11:23:38.668 - Can't obtain procedure metadata nor jdbc metadata
2025-07-21 11:23:40.969 - SQL Error [904] [42000]: ORA-00904: "MF": invalid identifier

org.jkiss.dbeaver.model.sql.DBSQLException: SQL Error [904] [42000]: ORA-00904: "MF": invalid identifier

	at org.jkiss.dbeaver.model.impl.jdbc.exec.JDBCStatementImpl.executeStatement(JDBCStatementImpl.java:130)
	at org.jkiss.dbeaver.ui.editors.sql.execute.SQLQueryJob.executeStatement(SQLQueryJob.java:657)
	at org.jkiss.dbeaver.ui.editors.sql.execute.SQLQueryJob.lambda$2(SQLQueryJob.java:550)
	at org.jkiss.dbeaver.model.exec.DBExecUtils.tryExecuteRecover(DBExecUtils.java:189)
	at org.jkiss.dbeaver.ui.editors.sql.execute.SQLQueryJob.executeSingleQuery(SQLQueryJob.java:569)
	at org.jkiss.dbeaver.ui.editors.sql.execute.SQLQueryJob.extractData(SQLQueryJob.java:1043)
	at org.jkiss.dbeaver.ui.editors.sql.SQLEditor$QueryResultsContainer.readData(SQLEditor.java:4495)
	at org.jkiss.dbeaver.ui.controls.resultset.ResultSetJobDataRead.lambda$0(ResultSetJobDataRead.java:128)
	at org.jkiss.dbeaver.model.exec.DBExecUtils.tryExecuteRecover(DBExecUtils.java:189)
	at org.jkiss.dbeaver.ui.controls.resultset.ResultSetJobDataRead.run(ResultSetJobDataRead.java:126)
	at org.jkiss.dbeaver.ui.controls.resultset.ResultSetViewer$ResultSetDataPumpJob.run(ResultSetViewer.java:5146)
	at org.jkiss.dbeaver.model.runtime.AbstractJob.run(AbstractJob.java:119)
	at org.eclipse.core.internal.jobs.Worker.run(Worker.java:63)
Caused by: java.sql.SQLSyntaxErrorException: ORA-00904: "MF": invalid identifier

	at oracle.jdbc.driver.T4CTTIoer.processError(T4CTTIoer.java:440)
	at oracle.jdbc.driver.T4CTTIoer.processError(T4CTTIoer.java:396)
	at oracle.jdbc.driver.T4C8Oall.processError(T4C8Oall.java:837)
	at oracle.jdbc.driver.T4CTTIfun.receive(T4CTTIfun.java:445)
	at oracle.jdbc.driver.T4CTTIfun.doRPC(T4CTTIfun.java:191)
	at oracle.jdbc.driver.T4C8Oall.doOALL(T4C8Oall.java:523)
	at oracle.jdbc.driver.T4CStatement.doOall8(T4CStatement.java:193)
	at oracle.jdbc.driver.T4CStatement.executeForDescribe(T4CStatement.java:848)
	at oracle.jdbc.driver.OracleStatement.executeMaybeDescribe(OracleStatement.java:1153)
	at oracle.jdbc.driver.OracleStatement.doExecuteWithTimeout(OracleStatement.java:1275)
	at oracle.jdbc.driver.OracleStatement.executeInternal(OracleStatement.java:1890)
	at oracle.jdbc.driver.OracleStatement.execute(OracleStatement.java:1855)
	at oracle.jdbc.driver.OracleStatementWrapper.execute(OracleStatementWrapper.java:304)
	at org.jkiss.dbeaver.model.impl.jdbc.exec.JDBCStatementImpl.execute(JDBCStatementImpl.java:344)
	at org.jkiss.dbeaver.model.impl.jdbc.exec.JDBCStatementImpl.executeStatement(JDBCStatementImpl.java:128)
	... 12 more
2025-07-21 11:23:41.036 - Error binding callable statement parameters from metadata: Unsupported feature
2025-07-21 11:23:41.037 - Error obtaining output parameters from metadata: Unsupported feature
2025-07-21 11:23:41.037 - Can't obtain procedure metadata nor jdbc metadata
2025-07-21 11:23:50.841 - SQL Error [904] [42000]: ORA-00904: "MF": invalid identifier

org.jkiss.dbeaver.model.sql.DBSQLException: SQL Error [904] [42000]: ORA-00904: "MF": invalid identifier

	at org.jkiss.dbeaver.model.impl.jdbc.exec.JDBCStatementImpl.executeStatement(JDBCStatementImpl.java:130)
	at org.jkiss.dbeaver.ui.editors.sql.execute.SQLQueryJob.executeStatement(SQLQueryJob.java:657)
	at org.jkiss.dbeaver.ui.editors.sql.execute.SQLQueryJob.lambda$2(SQLQueryJob.java:550)
	at org.jkiss.dbeaver.model.exec.DBExecUtils.tryExecuteRecover(DBExecUtils.java:189)
	at org.jkiss.dbeaver.ui.editors.sql.execute.SQLQueryJob.executeSingleQuery(SQLQueryJob.java:569)
	at org.jkiss.dbeaver.ui.editors.sql.execute.SQLQueryJob.extractData(SQLQueryJob.java:1043)
	at org.jkiss.dbeaver.ui.editors.sql.SQLEditor$QueryResultsContainer.readData(SQLEditor.java:4495)
	at org.jkiss.dbeaver.ui.controls.resultset.ResultSetJobDataRead.lambda$0(ResultSetJobDataRead.java:128)
	at org.jkiss.dbeaver.model.exec.DBExecUtils.tryExecuteRecover(DBExecUtils.java:189)
	at org.jkiss.dbeaver.ui.controls.resultset.ResultSetJobDataRead.run(ResultSetJobDataRead.java:126)
	at org.jkiss.dbeaver.ui.controls.resultset.ResultSetViewer$ResultSetDataPumpJob.run(ResultSetViewer.java:5146)
	at org.jkiss.dbeaver.model.runtime.AbstractJob.run(AbstractJob.java:119)
	at org.eclipse.core.internal.jobs.Worker.run(Worker.java:63)
Caused by: java.sql.SQLSyntaxErrorException: ORA-00904: "MF": invalid identifier

	at oracle.jdbc.driver.T4CTTIoer.processError(T4CTTIoer.java:440)
	at oracle.jdbc.driver.T4CTTIoer.processError(T4CTTIoer.java:396)
	at oracle.jdbc.driver.T4C8Oall.processError(T4C8Oall.java:837)
	at oracle.jdbc.driver.T4CTTIfun.receive(T4CTTIfun.java:445)
	at oracle.jdbc.driver.T4CTTIfun.doRPC(T4CTTIfun.java:191)
	at oracle.jdbc.driver.T4C8Oall.doOALL(T4C8Oall.java:523)
	at oracle.jdbc.driver.T4CStatement.doOall8(T4CStatement.java:193)
	at oracle.jdbc.driver.T4CStatement.executeForDescribe(T4CStatement.java:848)
	at oracle.jdbc.driver.OracleStatement.executeMaybeDescribe(OracleStatement.java:1153)
	at oracle.jdbc.driver.OracleStatement.doExecuteWithTimeout(OracleStatement.java:1275)
	at oracle.jdbc.driver.OracleStatement.executeInternal(OracleStatement.java:1890)
	at oracle.jdbc.driver.OracleStatement.execute(OracleStatement.java:1855)
	at oracle.jdbc.driver.OracleStatementWrapper.execute(OracleStatementWrapper.java:304)
	at org.jkiss.dbeaver.model.impl.jdbc.exec.JDBCStatementImpl.execute(JDBCStatementImpl.java:344)
	at org.jkiss.dbeaver.model.impl.jdbc.exec.JDBCStatementImpl.executeStatement(JDBCStatementImpl.java:128)
	... 12 more
2025-07-21 11:23:50.899 - Error binding callable statement parameters from metadata: Unsupported feature
2025-07-21 11:23:50.899 - Error obtaining output parameters from metadata: Unsupported feature
2025-07-21 11:23:50.899 - Can't obtain procedure metadata nor jdbc metadata
2025-07-21 11:23:50.900 - Error positioning on query error
org.eclipse.core.runtime.AssertionFailedException: assertion failed: 
	at org.eclipse.core.runtime.Assert.isTrue(Assert.java:121)
	at org.eclipse.core.runtime.Assert.isTrue(Assert.java:106)
	at org.eclipse.jface.text.Position.<init>(Position.java:66)
	at org.jkiss.dbeaver.ui.editors.sql.SQLEditorBase.visualizeQueryErrors(SQLEditorBase.java:1067)
	at org.jkiss.dbeaver.ui.editors.sql.SQLEditor$SQLEditorQueryListener.processQueryResult(SQLEditor.java:5187)
	at org.jkiss.dbeaver.ui.editors.sql.SQLEditor$SQLEditorQueryListener.lambda$5(SQLEditor.java:5139)
	at org.jkiss.dbeaver.ui.UIUtils$5.runInUIThread(UIUtils.java:1741)
	at org.jkiss.dbeaver.ui.AbstractUIJob.runInUIThread(AbstractUIJob.java:41)
	at org.eclipse.ui.progress.UIJob.lambda$0(UIJob.java:148)
	at org.eclipse.swt.widgets.RunnableLock.run(RunnableLock.java:40)
	at org.eclipse.swt.widgets.Synchronizer.runAsyncMessages(Synchronizer.java:132)
	at org.eclipse.swt.widgets.Display.runAsyncMessages(Display.java:4111)
	at org.eclipse.swt.widgets.Display.readAndDispatch(Display.java:3727)
	at org.eclipse.e4.ui.internal.workbench.swt.PartRenderingEngine$5.run(PartRenderingEngine.java:1151)
	at org.eclipse.core.databinding.observable.Realm.runWithDefault(Realm.java:339)
	at org.eclipse.e4.ui.internal.workbench.swt.PartRenderingEngine.run(PartRenderingEngine.java:1042)
	at org.eclipse.e4.ui.internal.workbench.E4Workbench.createAndRunUI(E4Workbench.java:153)
	at org.eclipse.ui.internal.Workbench.lambda$3(Workbench.java:678)
	at org.eclipse.core.databinding.observable.Realm.runWithDefault(Realm.java:339)
	at org.eclipse.ui.internal.Workbench.createAndRunWorkbench(Workbench.java:583)
	at org.eclipse.ui.PlatformUI.createAndRunWorkbench(PlatformUI.java:173)
	at org.jkiss.dbeaver.ui.app.standalone.DBeaverApplication.start(DBeaverApplication.java:323)
	at org.eclipse.equinox.internal.app.EclipseAppHandle.run(EclipseAppHandle.java:219)
	at org.eclipse.core.runtime.internal.adaptor.EclipseAppLauncher.runApplication(EclipseAppLauncher.java:149)
	at org.eclipse.core.runtime.internal.adaptor.EclipseAppLauncher.start(EclipseAppLauncher.java:115)
	at org.eclipse.core.runtime.adaptor.EclipseStarter.run(EclipseStarter.java:467)
	at org.eclipse.core.runtime.adaptor.EclipseStarter.run(EclipseStarter.java:298)
	at java.base/jdk.internal.reflect.DirectMethodHandleAccessor.invoke(Unknown Source)
	at java.base/java.lang.reflect.Method.invoke(Unknown Source)
	at org.jkiss.dbeaver.launcher.DBeaverLauncher.invokeFramework(DBeaverLauncher.java:823)
	at org.jkiss.dbeaver.launcher.DBeaverLauncher.basicRun(DBeaverLauncher.java:648)
	at org.jkiss.dbeaver.launcher.DBeaverLauncher.run(DBeaverLauncher.java:1604)
2025-07-21 11:30:11.359 - SQL Error [942] [42000]: ORA-00942: table or view does not exist

org.jkiss.dbeaver.model.sql.DBSQLException: SQL Error [942] [42000]: ORA-00942: table or view does not exist

	at org.jkiss.dbeaver.model.impl.jdbc.exec.JDBCStatementImpl.executeStatement(JDBCStatementImpl.java:130)
	at org.jkiss.dbeaver.ui.editors.sql.execute.SQLQueryJob.executeStatement(SQLQueryJob.java:657)
	at org.jkiss.dbeaver.ui.editors.sql.execute.SQLQueryJob.lambda$2(SQLQueryJob.java:550)
	at org.jkiss.dbeaver.model.exec.DBExecUtils.tryExecuteRecover(DBExecUtils.java:189)
	at org.jkiss.dbeaver.ui.editors.sql.execute.SQLQueryJob.executeSingleQuery(SQLQueryJob.java:569)
	at org.jkiss.dbeaver.ui.editors.sql.execute.SQLQueryJob.extractData(SQLQueryJob.java:1043)
	at org.jkiss.dbeaver.ui.editors.sql.SQLEditor$QueryResultsContainer.readData(SQLEditor.java:4495)
	at org.jkiss.dbeaver.ui.controls.resultset.ResultSetJobDataRead.lambda$0(ResultSetJobDataRead.java:128)
	at org.jkiss.dbeaver.model.exec.DBExecUtils.tryExecuteRecover(DBExecUtils.java:189)
	at org.jkiss.dbeaver.ui.controls.resultset.ResultSetJobDataRead.run(ResultSetJobDataRead.java:126)
	at org.jkiss.dbeaver.ui.controls.resultset.ResultSetViewer$ResultSetDataPumpJob.run(ResultSetViewer.java:5146)
	at org.jkiss.dbeaver.model.runtime.AbstractJob.run(AbstractJob.java:119)
	at org.eclipse.core.internal.jobs.Worker.run(Worker.java:63)
Caused by: java.sql.SQLSyntaxErrorException: ORA-00942: table or view does not exist

	at oracle.jdbc.driver.T4CTTIoer.processError(T4CTTIoer.java:440)
	at oracle.jdbc.driver.T4CTTIoer.processError(T4CTTIoer.java:396)
	at oracle.jdbc.driver.T4C8Oall.processError(T4C8Oall.java:837)
	at oracle.jdbc.driver.T4CTTIfun.receive(T4CTTIfun.java:445)
	at oracle.jdbc.driver.T4CTTIfun.doRPC(T4CTTIfun.java:191)
	at oracle.jdbc.driver.T4C8Oall.doOALL(T4C8Oall.java:523)
	at oracle.jdbc.driver.T4CStatement.doOall8(T4CStatement.java:193)
	at oracle.jdbc.driver.T4CStatement.executeForDescribe(T4CStatement.java:848)
	at oracle.jdbc.driver.OracleStatement.executeMaybeDescribe(OracleStatement.java:1153)
	at oracle.jdbc.driver.OracleStatement.doExecuteWithTimeout(OracleStatement.java:1275)
	at oracle.jdbc.driver.OracleStatement.executeInternal(OracleStatement.java:1890)
	at oracle.jdbc.driver.OracleStatement.execute(OracleStatement.java:1855)
	at oracle.jdbc.driver.OracleStatementWrapper.execute(OracleStatementWrapper.java:304)
	at org.jkiss.dbeaver.model.impl.jdbc.exec.JDBCStatementImpl.execute(JDBCStatementImpl.java:344)
	at org.jkiss.dbeaver.model.impl.jdbc.exec.JDBCStatementImpl.executeStatement(JDBCStatementImpl.java:128)
	... 12 more
2025-07-21 11:30:11.419 - Error binding callable statement parameters from metadata: Unsupported feature
2025-07-21 11:30:11.419 - Error obtaining output parameters from metadata: Unsupported feature
2025-07-21 11:30:11.419 - Can't obtain procedure metadata nor jdbc metadata
2025-07-21 11:35:07.251 - SQL Error [920] [42000]: ORA-00920: invalid relational operator

org.jkiss.dbeaver.model.sql.DBSQLException: SQL Error [920] [42000]: ORA-00920: invalid relational operator

	at org.jkiss.dbeaver.model.impl.jdbc.exec.JDBCStatementImpl.executeStatement(JDBCStatementImpl.java:130)
	at org.jkiss.dbeaver.ui.editors.sql.execute.SQLQueryJob.executeStatement(SQLQueryJob.java:657)
	at org.jkiss.dbeaver.ui.editors.sql.execute.SQLQueryJob.lambda$2(SQLQueryJob.java:550)
	at org.jkiss.dbeaver.model.exec.DBExecUtils.tryExecuteRecover(DBExecUtils.java:189)
	at org.jkiss.dbeaver.ui.editors.sql.execute.SQLQueryJob.executeSingleQuery(SQLQueryJob.java:569)
	at org.jkiss.dbeaver.ui.editors.sql.execute.SQLQueryJob.extractData(SQLQueryJob.java:1043)
	at org.jkiss.dbeaver.ui.editors.sql.SQLEditor$QueryResultsContainer.readData(SQLEditor.java:4495)
	at org.jkiss.dbeaver.ui.controls.resultset.ResultSetJobDataRead.lambda$0(ResultSetJobDataRead.java:128)
	at org.jkiss.dbeaver.model.exec.DBExecUtils.tryExecuteRecover(DBExecUtils.java:189)
	at org.jkiss.dbeaver.ui.controls.resultset.ResultSetJobDataRead.run(ResultSetJobDataRead.java:126)
	at org.jkiss.dbeaver.ui.controls.resultset.ResultSetViewer$ResultSetDataPumpJob.run(ResultSetViewer.java:5146)
	at org.jkiss.dbeaver.model.runtime.AbstractJob.run(AbstractJob.java:119)
	at org.eclipse.core.internal.jobs.Worker.run(Worker.java:63)
Caused by: java.sql.SQLSyntaxErrorException: ORA-00920: invalid relational operator

	at oracle.jdbc.driver.T4CTTIoer.processError(T4CTTIoer.java:440)
	at oracle.jdbc.driver.T4CTTIoer.processError(T4CTTIoer.java:396)
	at oracle.jdbc.driver.T4C8Oall.processError(T4C8Oall.java:837)
	at oracle.jdbc.driver.T4CTTIfun.receive(T4CTTIfun.java:445)
	at oracle.jdbc.driver.T4CTTIfun.doRPC(T4CTTIfun.java:191)
	at oracle.jdbc.driver.T4C8Oall.doOALL(T4C8Oall.java:523)
	at oracle.jdbc.driver.T4CStatement.doOall8(T4CStatement.java:193)
	at oracle.jdbc.driver.T4CStatement.executeForDescribe(T4CStatement.java:848)
	at oracle.jdbc.driver.OracleStatement.executeMaybeDescribe(OracleStatement.java:1153)
	at oracle.jdbc.driver.OracleStatement.doExecuteWithTimeout(OracleStatement.java:1275)
	at oracle.jdbc.driver.OracleStatement.executeInternal(OracleStatement.java:1890)
	at oracle.jdbc.driver.OracleStatement.execute(OracleStatement.java:1855)
	at oracle.jdbc.driver.OracleStatementWrapper.execute(OracleStatementWrapper.java:304)
	at org.jkiss.dbeaver.model.impl.jdbc.exec.JDBCStatementImpl.execute(JDBCStatementImpl.java:344)
	at org.jkiss.dbeaver.model.impl.jdbc.exec.JDBCStatementImpl.executeStatement(JDBCStatementImpl.java:128)
	... 12 more
2025-07-21 11:35:07.311 - Error binding callable statement parameters from metadata: Unsupported feature
2025-07-21 11:35:07.311 - Error obtaining output parameters from metadata: Unsupported feature
2025-07-21 11:35:07.311 - Can't obtain procedure metadata nor jdbc metadata
2025-07-21 11:35:21.316 - SQL Error [920] [42000]: ORA-00920: invalid relational operator

org.jkiss.dbeaver.model.sql.DBSQLException: SQL Error [920] [42000]: ORA-00920: invalid relational operator

	at org.jkiss.dbeaver.model.impl.jdbc.exec.JDBCStatementImpl.executeStatement(JDBCStatementImpl.java:130)
	at org.jkiss.dbeaver.ui.editors.sql.execute.SQLQueryJob.executeStatement(SQLQueryJob.java:657)
	at org.jkiss.dbeaver.ui.editors.sql.execute.SQLQueryJob.lambda$2(SQLQueryJob.java:550)
	at org.jkiss.dbeaver.model.exec.DBExecUtils.tryExecuteRecover(DBExecUtils.java:189)
	at org.jkiss.dbeaver.ui.editors.sql.execute.SQLQueryJob.executeSingleQuery(SQLQueryJob.java:569)
	at org.jkiss.dbeaver.ui.editors.sql.execute.SQLQueryJob.extractData(SQLQueryJob.java:1043)
	at org.jkiss.dbeaver.ui.editors.sql.SQLEditor$QueryResultsContainer.readData(SQLEditor.java:4495)
	at org.jkiss.dbeaver.ui.controls.resultset.ResultSetJobDataRead.lambda$0(ResultSetJobDataRead.java:128)
	at org.jkiss.dbeaver.model.exec.DBExecUtils.tryExecuteRecover(DBExecUtils.java:189)
	at org.jkiss.dbeaver.ui.controls.resultset.ResultSetJobDataRead.run(ResultSetJobDataRead.java:126)
	at org.jkiss.dbeaver.ui.controls.resultset.ResultSetViewer$ResultSetDataPumpJob.run(ResultSetViewer.java:5146)
	at org.jkiss.dbeaver.model.runtime.AbstractJob.run(AbstractJob.java:119)
	at org.eclipse.core.internal.jobs.Worker.run(Worker.java:63)
Caused by: java.sql.SQLSyntaxErrorException: ORA-00920: invalid relational operator

	at oracle.jdbc.driver.T4CTTIoer.processError(T4CTTIoer.java:440)
	at oracle.jdbc.driver.T4CTTIoer.processError(T4CTTIoer.java:396)
	at oracle.jdbc.driver.T4C8Oall.processError(T4C8Oall.java:837)
	at oracle.jdbc.driver.T4CTTIfun.receive(T4CTTIfun.java:445)
	at oracle.jdbc.driver.T4CTTIfun.doRPC(T4CTTIfun.java:191)
	at oracle.jdbc.driver.T4C8Oall.doOALL(T4C8Oall.java:523)
	at oracle.jdbc.driver.T4CStatement.doOall8(T4CStatement.java:193)
	at oracle.jdbc.driver.T4CStatement.executeForDescribe(T4CStatement.java:848)
	at oracle.jdbc.driver.OracleStatement.executeMaybeDescribe(OracleStatement.java:1153)
	at oracle.jdbc.driver.OracleStatement.doExecuteWithTimeout(OracleStatement.java:1275)
	at oracle.jdbc.driver.OracleStatement.executeInternal(OracleStatement.java:1890)
	at oracle.jdbc.driver.OracleStatement.execute(OracleStatement.java:1855)
	at oracle.jdbc.driver.OracleStatementWrapper.execute(OracleStatementWrapper.java:304)
	at org.jkiss.dbeaver.model.impl.jdbc.exec.JDBCStatementImpl.execute(JDBCStatementImpl.java:344)
	at org.jkiss.dbeaver.model.impl.jdbc.exec.JDBCStatementImpl.executeStatement(JDBCStatementImpl.java:128)
	... 12 more
2025-07-21 11:35:21.374 - Error binding callable statement parameters from metadata: Unsupported feature
2025-07-21 11:35:21.374 - Error obtaining output parameters from metadata: Unsupported feature
2025-07-21 11:35:21.374 - Can't obtain procedure metadata nor jdbc metadata
2025-07-21 11:35:32.809 - SQL Error [920] [42000]: ORA-00920: invalid relational operator

org.jkiss.dbeaver.model.sql.DBSQLException: SQL Error [920] [42000]: ORA-00920: invalid relational operator

	at org.jkiss.dbeaver.model.impl.jdbc.exec.JDBCStatementImpl.executeStatement(JDBCStatementImpl.java:130)
	at org.jkiss.dbeaver.ui.editors.sql.execute.SQLQueryJob.executeStatement(SQLQueryJob.java:657)
	at org.jkiss.dbeaver.ui.editors.sql.execute.SQLQueryJob.lambda$2(SQLQueryJob.java:550)
	at org.jkiss.dbeaver.model.exec.DBExecUtils.tryExecuteRecover(DBExecUtils.java:189)
	at org.jkiss.dbeaver.ui.editors.sql.execute.SQLQueryJob.executeSingleQuery(SQLQueryJob.java:569)
	at org.jkiss.dbeaver.ui.editors.sql.execute.SQLQueryJob.extractData(SQLQueryJob.java:1043)
	at org.jkiss.dbeaver.ui.editors.sql.SQLEditor$QueryResultsContainer.readData(SQLEditor.java:4495)
	at org.jkiss.dbeaver.ui.controls.resultset.ResultSetJobDataRead.lambda$0(ResultSetJobDataRead.java:128)
	at org.jkiss.dbeaver.model.exec.DBExecUtils.tryExecuteRecover(DBExecUtils.java:189)
	at org.jkiss.dbeaver.ui.controls.resultset.ResultSetJobDataRead.run(ResultSetJobDataRead.java:126)
	at org.jkiss.dbeaver.ui.controls.resultset.ResultSetViewer$ResultSetDataPumpJob.run(ResultSetViewer.java:5146)
	at org.jkiss.dbeaver.model.runtime.AbstractJob.run(AbstractJob.java:119)
	at org.eclipse.core.internal.jobs.Worker.run(Worker.java:63)
Caused by: java.sql.SQLSyntaxErrorException: ORA-00920: invalid relational operator

	at oracle.jdbc.driver.T4CTTIoer.processError(T4CTTIoer.java:440)
	at oracle.jdbc.driver.T4CTTIoer.processError(T4CTTIoer.java:396)
	at oracle.jdbc.driver.T4C8Oall.processError(T4C8Oall.java:837)
	at oracle.jdbc.driver.T4CTTIfun.receive(T4CTTIfun.java:445)
	at oracle.jdbc.driver.T4CTTIfun.doRPC(T4CTTIfun.java:191)
	at oracle.jdbc.driver.T4C8Oall.doOALL(T4C8Oall.java:523)
	at oracle.jdbc.driver.T4CStatement.doOall8(T4CStatement.java:193)
	at oracle.jdbc.driver.T4CStatement.executeForDescribe(T4CStatement.java:848)
	at oracle.jdbc.driver.OracleStatement.executeMaybeDescribe(OracleStatement.java:1153)
	at oracle.jdbc.driver.OracleStatement.doExecuteWithTimeout(OracleStatement.java:1275)
	at oracle.jdbc.driver.OracleStatement.executeInternal(OracleStatement.java:1890)
	at oracle.jdbc.driver.OracleStatement.execute(OracleStatement.java:1855)
	at oracle.jdbc.driver.OracleStatementWrapper.execute(OracleStatementWrapper.java:304)
	at org.jkiss.dbeaver.model.impl.jdbc.exec.JDBCStatementImpl.execute(JDBCStatementImpl.java:344)
	at org.jkiss.dbeaver.model.impl.jdbc.exec.JDBCStatementImpl.executeStatement(JDBCStatementImpl.java:128)
	... 12 more
2025-07-21 11:35:32.867 - Error binding callable statement parameters from metadata: Unsupported feature
2025-07-21 11:35:32.867 - Error obtaining output parameters from metadata: Unsupported feature
2025-07-21 11:35:32.867 - Can't obtain procedure metadata nor jdbc metadata
2025-07-21 11:35:50.965 - SQL Error [920] [42000]: ORA-00920: invalid relational operator

org.jkiss.dbeaver.model.sql.DBSQLException: SQL Error [920] [42000]: ORA-00920: invalid relational operator

	at org.jkiss.dbeaver.model.impl.jdbc.exec.JDBCStatementImpl.executeStatement(JDBCStatementImpl.java:130)
	at org.jkiss.dbeaver.ui.editors.sql.execute.SQLQueryJob.executeStatement(SQLQueryJob.java:657)
	at org.jkiss.dbeaver.ui.editors.sql.execute.SQLQueryJob.lambda$2(SQLQueryJob.java:550)
	at org.jkiss.dbeaver.model.exec.DBExecUtils.tryExecuteRecover(DBExecUtils.java:189)
	at org.jkiss.dbeaver.ui.editors.sql.execute.SQLQueryJob.executeSingleQuery(SQLQueryJob.java:569)
	at org.jkiss.dbeaver.ui.editors.sql.execute.SQLQueryJob.extractData(SQLQueryJob.java:1043)
	at org.jkiss.dbeaver.ui.editors.sql.SQLEditor$QueryResultsContainer.readData(SQLEditor.java:4495)
	at org.jkiss.dbeaver.ui.controls.resultset.ResultSetJobDataRead.lambda$0(ResultSetJobDataRead.java:128)
	at org.jkiss.dbeaver.model.exec.DBExecUtils.tryExecuteRecover(DBExecUtils.java:189)
	at org.jkiss.dbeaver.ui.controls.resultset.ResultSetJobDataRead.run(ResultSetJobDataRead.java:126)
	at org.jkiss.dbeaver.ui.controls.resultset.ResultSetViewer$ResultSetDataPumpJob.run(ResultSetViewer.java:5146)
	at org.jkiss.dbeaver.model.runtime.AbstractJob.run(AbstractJob.java:119)
	at org.eclipse.core.internal.jobs.Worker.run(Worker.java:63)
Caused by: java.sql.SQLSyntaxErrorException: ORA-00920: invalid relational operator

	at oracle.jdbc.driver.T4CTTIoer.processError(T4CTTIoer.java:440)
	at oracle.jdbc.driver.T4CTTIoer.processError(T4CTTIoer.java:396)
	at oracle.jdbc.driver.T4C8Oall.processError(T4C8Oall.java:837)
	at oracle.jdbc.driver.T4CTTIfun.receive(T4CTTIfun.java:445)
	at oracle.jdbc.driver.T4CTTIfun.doRPC(T4CTTIfun.java:191)
	at oracle.jdbc.driver.T4C8Oall.doOALL(T4C8Oall.java:523)
	at oracle.jdbc.driver.T4CStatement.doOall8(T4CStatement.java:193)
	at oracle.jdbc.driver.T4CStatement.executeForDescribe(T4CStatement.java:848)
	at oracle.jdbc.driver.OracleStatement.executeMaybeDescribe(OracleStatement.java:1153)
	at oracle.jdbc.driver.OracleStatement.doExecuteWithTimeout(OracleStatement.java:1275)
	at oracle.jdbc.driver.OracleStatement.executeInternal(OracleStatement.java:1890)
	at oracle.jdbc.driver.OracleStatement.execute(OracleStatement.java:1855)
	at oracle.jdbc.driver.OracleStatementWrapper.execute(OracleStatementWrapper.java:304)
	at org.jkiss.dbeaver.model.impl.jdbc.exec.JDBCStatementImpl.execute(JDBCStatementImpl.java:344)
	at org.jkiss.dbeaver.model.impl.jdbc.exec.JDBCStatementImpl.executeStatement(JDBCStatementImpl.java:128)
	... 12 more
2025-07-21 11:35:51.025 - Error binding callable statement parameters from metadata: Unsupported feature
2025-07-21 11:35:51.025 - Error obtaining output parameters from metadata: Unsupported feature
2025-07-21 11:35:51.025 - Can't obtain procedure metadata nor jdbc metadata
2025-07-21 11:38:02.804 - Execution context opened (XE 2; SQLEditor <Script.sql>; 29)
2025-07-21 14:29:12.689 - Execution context opened (XE; SQLEditor <Script.sql>; 30)
2025-07-21 14:29:49.658 - Service 'org.jkiss.dbeaver.ui.UIServiceConnectionEditor' not found
2025-07-21 14:29:49.689 - Auth model 'native' was replaced by 'oracle_native'
2025-07-21 14:29:49.698 - Service 'org.jkiss.dbeaver.runtime.ui.UIServiceSecurity' not found
2025-07-21 14:29:57.851 - Connect with 'Oracle' (oracle_thin-1982b75cf51-6891393607b81542)
2025-07-21 14:29:57.851 - Execution context opened (Oracle; Main; 31)
2025-07-21 14:29:57.863 - Connected (oracle_thin-1982b75cf51-6891393607b81542, Oracle JDBC driver [11.2.0.2.0])
2025-07-21 14:29:57.876 - Execution context closed (Oracle, 31)
2025-07-21 14:29:57.876 - Disconnected (oracle_thin-1982b75cf51-6891393607b81542)
> Start DBeaver Tasks View [org.jkiss.dbeaver.tasks.ui.view 1.0.107.202507061449]
2025-07-21 14:34:06.168 - Service 'org.jkiss.dbeaver.ui.UIServiceConnectionEditor' not found
2025-07-21 14:34:06.198 - Auth model 'native' was replaced by 'oracle_native'
2025-07-21 14:34:06.204 - Service 'org.jkiss.dbeaver.runtime.ui.UIServiceSecurity' not found
2025-07-21 14:34:13.753 - Connect with 'Oracle' (oracle_thin-1982b79b6f0-5e68898eb924de6e)
2025-07-21 14:34:13.754 - Execution context opened (Oracle; Main; 32)
2025-07-21 14:34:13.765 - Connected (oracle_thin-1982b79b6f0-5e68898eb924de6e, Oracle JDBC driver [11.2.0.2.0])
2025-07-21 14:34:13.777 - Execution context closed (Oracle, 32)
2025-07-21 14:34:13.777 - Disconnected (oracle_thin-1982b79b6f0-5e68898eb924de6e)
2025-07-21 14:34:17.039 - Connect with 'XE 2' (oracle_thin-1982b79994a-5d648eafe19596c0)
2025-07-21 14:34:17.040 - Execution context opened (XE 2; Main; 33)
2025-07-21 14:34:17.050 - Execution context opened (XE 2; Metadata; 34)
2025-07-21 14:34:17.064 - Connected (oracle_thin-1982b79994a-5d648eafe19596c0, Oracle JDBC driver [11.2.0.2.0])
2025-07-21 14:36:35.166 - Service 'org.jkiss.dbeaver.ui.UIServiceConnectionEditor' not found
2025-07-21 14:36:35.195 - Auth model 'native' was replaced by 'oracle_native'
2025-07-21 14:36:35.200 - Service 'org.jkiss.dbeaver.runtime.ui.UIServiceSecurity' not found
2025-07-21 14:36:40.613 - Execution context opened (XE; SQLEditor <Script-1.sql>; 35)
2025-07-21 14:36:45.624 - Execution context opened (XE 2; SQLEditor <Script-2.sql>; 36)
2025-07-21 14:36:49.752 - Execution context closed (XE, 35)
2025-07-21 14:36:53.899 - Execution context closed (XE, 30)
2025-07-21 14:38:57.945 - Execution context closed (XE, 8)
2025-07-21 14:38:57.976 - Execution context closed (XE, 9)
2025-07-21 14:38:58.027 - Execution context closed (XE, 19)
2025-07-21 14:38:58.070 - Execution context closed (XE, 14)
2025-07-21 14:38:58.102 - Execution context closed (XE, 15)
2025-07-21 14:38:58.130 - Execution context closed (XE, 13)
2025-07-21 14:38:58.157 - Execution context closed (XE, 27)
2025-07-21 14:38:58.185 - Execution context closed (XE, 18)
2025-07-21 14:38:58.211 - Execution context closed (XE, 22)
2025-07-21 14:38:58.237 - Execution context closed (XE, 23)
2025-07-21 14:38:58.260 - Execution context closed (XE, 24)
2025-07-21 14:38:58.285 - Execution context closed (XE, 25)
2025-07-21 14:38:58.309 - Execution context closed (XE, 26)
2025-07-21 14:38:58.334 - Execution context closed (XE 2, 29)
2025-07-21 14:40:27.400 - SQL Error [1756] [42000]: ORA-01756: quoted string not properly terminated

org.jkiss.dbeaver.model.sql.DBSQLException: SQL Error [1756] [42000]: ORA-01756: quoted string not properly terminated

	at org.jkiss.dbeaver.model.impl.jdbc.exec.JDBCStatementImpl.executeStatement(JDBCStatementImpl.java:130)
	at org.jkiss.dbeaver.ui.editors.sql.execute.SQLQueryJob.executeStatement(SQLQueryJob.java:657)
	at org.jkiss.dbeaver.ui.editors.sql.execute.SQLQueryJob.lambda$2(SQLQueryJob.java:550)
	at org.jkiss.dbeaver.model.exec.DBExecUtils.tryExecuteRecover(DBExecUtils.java:189)
	at org.jkiss.dbeaver.ui.editors.sql.execute.SQLQueryJob.executeSingleQuery(SQLQueryJob.java:569)
	at org.jkiss.dbeaver.ui.editors.sql.execute.SQLQueryJob.extractData(SQLQueryJob.java:1043)
	at org.jkiss.dbeaver.ui.editors.sql.SQLEditor$QueryResultsContainer.readData(SQLEditor.java:4495)
	at org.jkiss.dbeaver.ui.controls.resultset.ResultSetJobDataRead.lambda$0(ResultSetJobDataRead.java:128)
	at org.jkiss.dbeaver.model.exec.DBExecUtils.tryExecuteRecover(DBExecUtils.java:189)
	at org.jkiss.dbeaver.ui.controls.resultset.ResultSetJobDataRead.run(ResultSetJobDataRead.java:126)
	at org.jkiss.dbeaver.ui.controls.resultset.ResultSetViewer$ResultSetDataPumpJob.run(ResultSetViewer.java:5146)
	at org.jkiss.dbeaver.model.runtime.AbstractJob.run(AbstractJob.java:119)
	at org.eclipse.core.internal.jobs.Worker.run(Worker.java:63)
Caused by: java.sql.SQLSyntaxErrorException: ORA-01756: quoted string not properly terminated

	at oracle.jdbc.driver.T4CTTIoer.processError(T4CTTIoer.java:440)
	at oracle.jdbc.driver.T4CTTIoer.processError(T4CTTIoer.java:396)
	at oracle.jdbc.driver.T4C8Oall.processError(T4C8Oall.java:837)
	at oracle.jdbc.driver.T4CTTIfun.receive(T4CTTIfun.java:445)
	at oracle.jdbc.driver.T4CTTIfun.doRPC(T4CTTIfun.java:191)
	at oracle.jdbc.driver.T4C8Oall.doOALL(T4C8Oall.java:523)
	at oracle.jdbc.driver.T4CStatement.doOall8(T4CStatement.java:193)
	at oracle.jdbc.driver.T4CStatement.executeForDescribe(T4CStatement.java:848)
	at oracle.jdbc.driver.OracleStatement.executeMaybeDescribe(OracleStatement.java:1153)
	at oracle.jdbc.driver.OracleStatement.doExecuteWithTimeout(OracleStatement.java:1275)
	at oracle.jdbc.driver.OracleStatement.executeInternal(OracleStatement.java:1890)
	at oracle.jdbc.driver.OracleStatement.execute(OracleStatement.java:1855)
	at oracle.jdbc.driver.OracleStatementWrapper.execute(OracleStatementWrapper.java:304)
	at org.jkiss.dbeaver.model.impl.jdbc.exec.JDBCStatementImpl.execute(JDBCStatementImpl.java:344)
	at org.jkiss.dbeaver.model.impl.jdbc.exec.JDBCStatementImpl.executeStatement(JDBCStatementImpl.java:128)
	... 12 more
2025-07-21 14:40:27.436 - Error binding callable statement parameters from metadata: Unsupported feature
2025-07-21 14:40:27.436 - Error obtaining output parameters from metadata: Unsupported feature
2025-07-21 14:40:27.436 - Can't obtain procedure metadata nor jdbc metadata
2025-07-21 14:41:26.192 - Search condition or value expression expected while facing with rowValueConstructorElement
2025-07-21 14:41:27.135 - Search condition or value expression expected while facing with rowValueConstructorElement
2025-07-21 14:41:29.625 - Search condition or value expression expected while facing with rowValueConstructorElement
2025-07-21 14:41:30.452 - Search condition or value expression expected while facing with rowValueConstructorElement
2025-07-21 14:41:31.449 - Search condition or value expression expected while facing with rowValueConstructorElement
2025-07-21 14:41:33.232 - Search condition or value expression expected while facing with rowValueConstructorElement
2025-07-21 14:42:59.413 - SQL Error [1861] [22008]: ORA-01861: literal does not match format string

org.jkiss.dbeaver.model.sql.DBSQLException: SQL Error [1861] [22008]: ORA-01861: literal does not match format string

	at org.jkiss.dbeaver.model.impl.jdbc.exec.JDBCStatementImpl.executeStatement(JDBCStatementImpl.java:130)
	at org.jkiss.dbeaver.ui.editors.sql.execute.SQLQueryJob.executeStatement(SQLQueryJob.java:657)
	at org.jkiss.dbeaver.ui.editors.sql.execute.SQLQueryJob.lambda$2(SQLQueryJob.java:550)
	at org.jkiss.dbeaver.ui.editors.sql.execute.SQLQueryJob.executeSingleQuery(SQLQueryJob.java:572)
	at org.jkiss.dbeaver.ui.editors.sql.execute.SQLQueryJob.extractData(SQLQueryJob.java:1043)
	at org.jkiss.dbeaver.ui.editors.sql.SQLEditor$QueryResultsContainer.readData(SQLEditor.java:4495)
	at org.jkiss.dbeaver.ui.controls.resultset.ResultSetJobDataRead.lambda$0(ResultSetJobDataRead.java:128)
	at org.jkiss.dbeaver.model.exec.DBExecUtils.tryExecuteRecover(DBExecUtils.java:189)
	at org.jkiss.dbeaver.ui.controls.resultset.ResultSetJobDataRead.run(ResultSetJobDataRead.java:126)
	at org.jkiss.dbeaver.ui.controls.resultset.ResultSetViewer$ResultSetDataPumpJob.run(ResultSetViewer.java:5146)
	at org.jkiss.dbeaver.model.runtime.AbstractJob.run(AbstractJob.java:119)
	at org.eclipse.core.internal.jobs.Worker.run(Worker.java:63)
Caused by: java.sql.SQLDataException: ORA-01861: literal does not match format string

	at oracle.jdbc.driver.T4CTTIoer.processError(T4CTTIoer.java:440)
	at oracle.jdbc.driver.T4CTTIoer.processError(T4CTTIoer.java:396)
	at oracle.jdbc.driver.T4C8Oall.processError(T4C8Oall.java:837)
	at oracle.jdbc.driver.T4CTTIfun.receive(T4CTTIfun.java:445)
	at oracle.jdbc.driver.T4CTTIfun.doRPC(T4CTTIfun.java:191)
	at oracle.jdbc.driver.T4C8Oall.doOALL(T4C8Oall.java:523)
	at oracle.jdbc.driver.T4CStatement.doOall8(T4CStatement.java:193)
	at oracle.jdbc.driver.T4CStatement.executeForRows(T4CStatement.java:999)
	at oracle.jdbc.driver.OracleStatement.doExecuteWithTimeout(OracleStatement.java:1315)
	at oracle.jdbc.driver.OracleStatement.executeInternal(OracleStatement.java:1890)
	at oracle.jdbc.driver.OracleStatement.execute(OracleStatement.java:1855)
	at oracle.jdbc.driver.OracleStatementWrapper.execute(OracleStatementWrapper.java:304)
	at org.jkiss.dbeaver.model.impl.jdbc.exec.JDBCStatementImpl.execute(JDBCStatementImpl.java:344)
	at org.jkiss.dbeaver.model.impl.jdbc.exec.JDBCStatementImpl.executeStatement(JDBCStatementImpl.java:128)
	... 11 more
2025-07-21 18:12:20.194 - Service 'org.jkiss.dbeaver.ui.UIServiceConnectionEditor' not found
2025-07-21 18:12:20.224 - Auth model 'native' was replaced by 'oracle_native'
2025-07-21 18:12:20.233 - Service 'org.jkiss.dbeaver.runtime.ui.UIServiceSecurity' not found
2025-07-21 18:12:32.232 - Connect with 'XE 3' (oracle_thin-1982c4165d4-7382b861ea5c83af)
2025-07-21 18:12:32.232 - Execution context opened (XE 3; Main; 37)
2025-07-21 18:12:32.242 - Execution context opened (XE 3; Metadata; 38)
2025-07-21 18:12:32.255 - Connected (oracle_thin-1982c4165d4-7382b861ea5c83af, Oracle JDBC driver [11.2.0.2.0])
2025-07-21 18:15:12.366 - Service 'org.jkiss.dbeaver.ui.UIServiceConnectionEditor' not found
2025-07-21 18:15:12.395 - Auth model 'native' was replaced by 'oracle_native'
2025-07-21 18:15:12.401 - Service 'org.jkiss.dbeaver.runtime.ui.UIServiceSecurity' not found
2025-07-21 18:15:24.745 - Service 'org.jkiss.dbeaver.ui.UIServiceConnectionEditor' not found
2025-07-21 18:15:24.775 - Auth model 'native' was replaced by 'oracle_native'
2025-07-21 18:15:24.780 - Service 'org.jkiss.dbeaver.runtime.ui.UIServiceSecurity' not found
2025-07-21 18:15:36.733 - Connect with 'XE' (oracle_thin-1982c4436bb-6ccefe73e3829adb)
2025-07-21 18:15:36.733 - Execution context opened (XE; Main; 39)
2025-07-21 18:15:36.742 - Execution context opened (XE; Metadata; 40)
2025-07-21 18:15:36.752 - Connected (oracle_thin-1982c4436bb-6ccefe73e3829adb, Oracle JDBC driver [11.2.0.2.0])
2025-07-21 20:13:04.172 - Execution context closed (XE 2, 36)
2025-07-21 20:13:04.281 - Dispose navigator model
2025-07-21 20:13:04.282 - Listener 'org.jkiss.dbeaver.ui.editors.DatabaseEditorListener@2c39dbbe' is not unregistered from DBM model
2025-07-21 20:13:04.298 - DBeaver is stopping
2025-07-21 20:13:04.299 - Stop instance server
2025-07-21 20:13:05.301 - Instance server has been stopped
2025-07-21 20:13:05.301 - DBeaver shutdown completed
